timestamp,acc_x,acc_y,acc_z,gyro_x,gyro_y,gyro_z,true_acc_x,true_acc_y,true_acc_z,true_gyro_x,true_gyro_y,true_gyro_z,bias_acc_x,bias_acc_y,bias_acc_z,bias_gyro_x,bias_gyro_y,bias_gyro_z
0,0.0066574,0.296085,9.81178,0.000138079,0.0213023,0.0987259,-0.00364541,0.299962,9.8097,-3.27805e-05,0.0199822,0.0999982,0.01,-0.005,0.002,0.0001,-0.0002,0.00015
0.1,0.0214949,0.280435,9.81895,0.00148021,0.0198224,0.0997218,0.0134019,0.285486,9.81716,0.000141016,0.0199563,0.0999481,0.01,-0.005,0.002,0.0001,-0.0002,0.00015
0.2,0.0236036,0.28924,9.80369,0.00105383,0.0197839,0.0998304,0.0131094,0.294108,9.80155,0.000493857,0.0198853,0.0999422,0.01,-0.005,0.002,0.0001,-0.0002,0.00015
0.3,0.0285473,0.297393,9.8194,0.00123381,0.0201532,0.100282,0.0196614,0.300636,9.81581,0.000363662,0.0199049,0.0999256,0.01,-0.005,0.002,0.0001,-0.0002,0.00015
0.4,0.0267939,0.291731,9.82482,3.12281e-05,0.0199511,0.0990429,0.0164908,0.297547,9.82237,0.000703134,0.0199062,0.0999324,0.01,-0.005,0.002,0.0001,-0.0002,0.00015
0.5,0.0379855,0.289878,9.81119,0.000489482,0.0180043,0.0994112,0.0279253,0.295141,9.80846,0.00100436,0.0200881,0.0999153,0.01,-0.005,0.002,0.0001,-0.0002,0.00015
0.6,0.0475686,0.285705,9.82169,0.00259866,0.0214691,0.100326,0.0366773,0.289963,9.81895,0.00114005,0.0200177,0.0999739,0.01,-0.005,0.002,0.0001,-0.0002,0.00015
0.7,0.0428873,0.290296,9.81677,0.00142595,0.0180748,0.0989949,0.0326476,0.29593,9.81485,0.00139197,0.0198691,0.0999648,0.01,-0.005,0.002,0.0001,-0.0002,0.00015
0.8,0.0505524,0.290284,9.80364,0.00207547,0.0202245,0.100648,0.0385509,0.29495,9.8021,0.00157753,0.0198877,0.10016,0.01,-0.005,0.002,0.0001,-0.0002,0.00015
0.9,0.0525018,0.287577,9.8203,0.00090802,0.0201338,0.101383,0.0421459,0.292958,9.81998,0.00160513,0.0197391,0.100052,0.01,-0.005,0.002,0.0001,-0.0002,0.00015
1,0.0593539,0.295356,9.81684,0.00103222,0.0191111,0.0998032,0.0476156,0.301249,9.81475,0.00211192,0.0197094,0.100017,0.01,-0.005,0.002,0.0001,-0.0002,0.00015
1.1,0.0704641,0.291244,9.81592,0.00274963,0.0195802,0.0995378,0.0594492,0.296804,9.81491,0.00222248,0.0196062,0.0999985,0.01,-0.005,0.002,0.0001,-0.0002,0.00015
1.2,0.0733134,0.288685,9.8079,0.00302211,0.0181081,0.100128,0.0618756,0.291703,9.80586,0.00235014,0.0195456,0.0999934,0.01,-0.005,0.002,0.0001,-0.0002,0.00015
1.3,0.0779759,0.291061,9.82015,0.00287729,0.0193256,0.101053,0.0674919,0.296261,9.81771,0.00248081,0.0195737,0.100091,0.01,-0.005,0.002,0.0001,-0.0002,0.00015
1.4,0.0776423,0.292741,9.81246,0.00281515,0.0193458,0.099002,0.0704117,0.296544,9.81245,0.00284666,0.0195684,0.0999261,0.01,-0.005,0.002,0.0001,-0.0002,0.00015
1.5,0.0774744,0.288224,9.81761,0.00108909,0.0200089,0.102111,0.0667667,0.293092,9.81641,0.00295356,0.0194252,0.0999519,0.01,-0.005,0.002,0.0001,-0.0002,0.00015
1.6,0.0881115,0.29388,9.8201,0.00324464,0.0181658,0.0990673,0.0782238,0.297461,9.81615,0.00321125,0.0193209,0.100019,0.01,-0.005,0.002,0.0001,-0.0002,0.00015
1.7,0.0939517,0.28295,9.82636,0.00283164,0.0190704,0.0983946,0.0839926,0.28807,9.82366,0.00332343,0.0192465,0.0999486,0.01,-0.005,0.002,0.0001,-0.0002,0.00015
1.8,0.102304,0.293635,9.82654,0.00389608,0.0195156,0.100058,0.0917915,0.297327,9.82381,0.00353879,0.019346,0.099907,0.01,-0.005,0.002,0.0001,-0.0002,0.00015
1.9,0.104566,0.28786,9.81801,0.00504602,0.0215539,0.0995347,0.0943498,0.292471,9.81515,0.00385298,0.0192547,0.0999621,0.01,-0.005,0.002,0.0001,-0.0002,0.00015
2,0.112511,0.281755,9.82263,0.00442236,0.0185919,0.101819,0.10253,0.287942,9.8222,0.00384135,0.0192636,0.100001,0.01,-0.005,0.002,0.0001,-0.0002,0.00015
2.1,0.109844,0.27575,9.8303,0.00349004,0.0180095,0.102695,0.0999205,0.279806,9.82836,0.00404596,0.0187202,0.100051,0.01,-0.005,0.002,0.0001,-0.0002,0.00015
2.2,0.125681,0.287856,9.82824,0.00513486,0.0213268,0.0992144,0.115948,0.29146,9.82678,0.00420378,0.0190653,0.0998341,0.01,-0.005,0.002,0.0001,-0.0002,0.00015
2.3,0.128642,0.291956,9.82811,0.00576147,0.0196343,0.0991513,0.118793,0.298243,9.82566,0.00434167,0.0188829,0.100266,0.01,-0.005,0.002,0.0001,-0.0002,0.00015
2.4,0.128029,0.294869,9.82662,0.00418486,0.0196693,0.099798,0.118466,0.299524,9.82573,0.00483037,0.0186606,0.100042,0.01,-0.005,0.002,0.0001,-0.0002,0.00015
2.5,0.137571,0.285192,9.82656,0.00364501,0.018561,0.0999611,0.128686,0.292067,9.82485,0.00476863,0.0187274,0.0999681,0.01,-0.005,0.002,0.0001,-0.0002,0.00015
2.6,0.134382,0.280042,9.82569,0.00594666,0.0180232,0.0990885,0.124811,0.285619,9.82315,0.0048893,0.0183708,0.0999137,0.01,-0.005,0.002,0.0001,-0.0002,0.00015
2.7,0.153158,0.281405,9.82867,0.00610567,0.0195693,0.09972,0.143347,0.286836,9.82651,0.00510944,0.018488,0.100042,0.01,-0.005,0.002,0.0001,-0.0002,0.00015
2.8,0.14759,0.278668,9.82323,0.0073987,0.0175151,0.100553,0.137428,0.284836,9.82063,0.00532828,0.0181425,0.100083,0.01,-0.005,0.002,0.0001,-0.0002,0.00015
2.9,0.15805,0.274397,9.82759,0.00303339,0.0152477,0.100778,0.146552,0.279164,9.82601,0.00542365,0.0182293,0.099911,0.01,-0.005,0.002,0.0001,-0.0002,0.00015
3,0.150338,0.272119,9.82203,0.00531706,0.0194959,0.0995775,0.141832,0.276894,9.82093,0.00570494,0.0179818,0.100091,0.01,-0.005,0.002,0.0001,-0.0002,0.00015
3.1,0.169244,0.273016,9.82718,0.00575695,0.0185764,0.0994575,0.159101,0.278514,9.82569,0.00592045,0.0179433,0.099928,0.01,-0.005,0.002,0.0001,-0.0002,0.00015
3.2,0.165483,0.279553,9.83157,0.00741978,0.0180525,0.100784,0.154628,0.28342,9.82998,0.00595817,0.01765,0.0998694,0.01,-0.005,0.002,0.0001,-0.0002,0.00015
3.3,0.171367,0.276821,9.83653,0.00631316,0.0173875,0.100084,0.162175,0.28245,9.83379,0.00624222,0.017683,0.100099,0.01,-0.005,0.002,0.0001,-0.0002,0.00015
3.4,0.172955,0.267673,9.82526,0.00618974,0.0160782,0.101116,0.163282,0.273261,9.82464,0.006175,0.0176056,0.100039,0.01,-0.005,0.002,0.0001,-0.0002,0.00015
3.5,0.189203,0.278065,9.83252,0.00541768,0.0166017,0.0998484,0.17863,0.282419,9.83008,0.00657662,0.0174822,0.099967,0.01,-0.005,0.002,0.0001,-0.0002,0.00015
3.6,0.18709,0.271003,9.82637,0.0062528,0.0162531,0.100587,0.176907,0.276562,9.82614,0.00661921,0.0170895,0.0998164,0.01,-0.005,0.002,0.0001,-0.0002,0.00015
3.7,0.193628,0.27633,9.83386,0.00640009,0.0161764,0.100457,0.183441,0.281047,9.83378,0.00686235,0.0168687,0.100146,0.01,-0.005,0.002,0.0001,-0.0002,0.00015
3.8,0.191045,0.275312,9.83589,0.00649276,0.0160166,0.101464,0.181935,0.278607,9.83284,0.00679323,0.0167381,0.100007,0.01,-0.005,0.002,0.0001,-0.0002,0.00015
3.9,0.198789,0.270466,9.83836,0.00749878,0.0173985,0.101651,0.188234,0.276649,9.8363,0.00698798,0.0167149,0.0998622,0.01,-0.005,0.002,0.0001,-0.0002,0.00015
4,0.20131,0.269826,9.83863,0.00808648,0.0168939,0.0996849,0.190767,0.275407,9.83613,0.00726996,0.0164856,0.100005,0.01,-0.005,0.002,0.0001,-0.0002,0.00015
4.1,0.206099,0.268543,9.83784,0.00797064,0.0153793,0.102479,0.19352,0.272287,9.83525,0.00744586,0.0164355,0.0999927,0.01,-0.005,0.002,0.0001,-0.0002,0.00015
4.2,0.213892,0.264394,9.83141,0.00834253,0.0138428,0.099535,0.203861,0.270638,9.82962,0.00754278,0.0162148,0.100094,0.01,-0.005,0.002,0.0001,-0.0002,0.00015
4.3,0.209364,0.264611,9.83063,0.00801888,0.0169619,0.10012,0.199503,0.269791,9.82744,0.00755262,0.0160252,0.100157,0.01,-0.005,0.002,0.0001,-0.0002,0.00015
4.4,0.231455,0.261101,9.82866,0.00582742,0.0141133,0.0990899,0.220567,0.267579,9.82735,0.00770277,0.0159607,0.0998502,0.01,-0.005,0.002,0.0001,-0.0002,0.00015
4.5,0.227413,0.269195,9.82837,0.00752149,0.0161022,0.0997484,0.217042,0.27344,9.82689,0.00800454,0.0156816,0.0999118,0.01,-0.005,0.002,0.0001,-0.0002,0.00015
4.6,0.237279,0.259304,9.84257,0.00836017,0.0154085,0.101973,0.226346,0.264067,9.84137,0.00786596,0.0155499,0.099894,0.01,-0.005,0.002,0.0001,-0.0002,0.00015
4.7,0.23636,0.246903,9.84129,0.00760565,0.0149516,0.100203,0.227383,0.250988,9.84076,0.00803127,0.0152503,0.0999831,0.01,-0.005,0.002,0.0001,-0.0002,0.00015
4.8,0.241266,0.253083,9.83919,0.00855131,0.0139367,0.0992673,0.229726,0.25749,9.83806,0.00827423,0.0148983,0.0999221,0.01,-0.005,0.002,0.0001,-0.0002,0.00015
4.9,0.245353,0.258631,9.83548,0.00969281,0.0151936,0.0998571,0.236086,0.262829,9.83259,0.00828019,0.0148693,0.10009,0.01,-0.005,0.002,0.0001,-0.0002,0.00015
5,0.248079,0.256876,9.83828,0.00723968,0.0139419,0.0993034,0.23888,0.261837,9.83659,0.00855303,0.0145287,0.100158,0.01,-0.005,0.002,0.0001,-0.0002,0.00015
5.1,0.254346,0.259132,9.83633,0.00706488,0.0156816,0.101384,0.244642,0.265556,9.83463,0.0084495,0.0144833,0.10008,0.01,-0.005,0.002,0.0001,-0.0002,0.00015
5.2,0.257159,0.259518,9.84061,0.0101197,0.0144101,0.101256,0.246477,0.262826,9.84057,0.00856484,0.0143818,0.100065,0.01,-0.005,0.002,0.0001,-0.0002,0.00015
5.3,0.259946,0.255083,9.83448,0.00806276,0.0118649,0.0980617,0.25104,0.260211,9.83294,0.00866536,0.0140258,0.0999582,0.01,-0.005,0.002,0.0001,-0.0002,0.00015
5.4,0.266843,0.246331,9.83971,0.00827389,0.0138298,0.0989906,0.256722,0.251246,9.83797,0.00887104,0.0137243,0.0998878,0.01,-0.005,0.002,0.0001,-0.0002,0.00015
5.5,0.278826,0.2432,9.83901,0.00781168,0.0122676,0.0981875,0.267505,0.24849,9.83745,0.00897667,0.0134794,0.0999412,0.01,-0.005,0.002,0.0001,-0.0002,0.00015
5.6,0.278356,0.249219,9.84083,0.00952325,0.0134947,0.100193,0.268541,0.254369,9.83999,0.00902663,0.0133317,0.0999183,0.01,-0.005,0.002,0.0001,-0.0002,0.00015
5.7,0.286367,0.249354,9.84128,0.0117304,0.0130653,0.100074,0.276755,0.253651,9.83976,0.00917991,0.0131449,0.0998884,0.01,-0.005,0.002,0.0001,-0.0002,0.00015
5.8,0.281166,0.249932,9.84824,0.0092384,0.0142572,0.100747,0.271812,0.253577,9.84501,0.00899924,0.0129301,0.0999868,0.01,-0.005,0.002,0.0001,-0.0002,0.00015
5.9,0.284594,0.253321,9.83651,0.0111086,0.013866,0.0999772,0.274804,0.258375,9.83498,0.00934518,0.0126962,0.100101,0.01,-0.005,0.002,0.0001,-0.0002,0.00015
6,0.295212,0.242513,9.84646,0.0101729,0.0145028,0.101264,0.286186,0.247186,9.84387,0.00936582,0.0126045,0.100092,0.01,-0.005,0.002,0.0001,-0.0002,0.00015
6.1,0.302364,0.242057,9.8431,0.00980906,0.0119069,0.100729,0.29085,0.24754,9.84092,0.00933183,0.0120697,0.100087,0.01,-0.005,0.002,0.0001,-0.0002,0.00015
6.2,0.300039,0.23593,9.8458,0.00869952,0.0115554,0.100041,0.289793,0.241379,9.84489,0.00950734,0.0118845,0.0998817,0.01,-0.005,0.002,0.0001,-0.0002,0.00015
6.3,0.301897,0.238703,9.83792,0.00778697,0.0111481,0.101668,0.290543,0.243641,9.83685,0.00946438,0.0116471,0.0999108,0.01,-0.005,0.002,0.0001,-0.0002,0.00015
6.4,0.312378,0.239103,9.83863,0.00957842,0.0105437,0.0999589,0.30233,0.244739,9.8364,0.00967428,0.0113786,0.0999133,0.01,-0.005,0.002,0.0001,-0.0002,0.00015
6.5,0.314835,0.226965,9.83596,0.00916121,0.0106696,0.100998,0.305111,0.230745,9.83381,0.00960404,0.0113452,0.100171,0.01,-0.005,0.002,0.0001,-0.0002,0.00015
6.6,0.327763,0.224206,9.85268,0.0102288,0.0104881,0.0998006,0.316728,0.228919,9.85131,0.00973898,0.0109635,0.100013,0.01,-0.005,0.002,0.0001,-0.0002,0.00015
6.7,0.3092,0.230856,9.84399,0.0102416,0.0100614,0.0988065,0.298738,0.235885,9.84276,0.00953103,0.01058,0.100116,0.01,-0.005,0.002,0.0001,-0.0002,0.00015
6.8,0.331221,0.224941,9.85013,0.00861223,0.0105972,0.0997295,0.322331,0.229456,9.84772,0.00975085,0.0105871,0.100102,0.01,-0.005,0.002,0.0001,-0.0002,0.00015
6.9,0.328257,0.224121,9.84742,0.0109355,0.0107136,0.0998298,0.317482,0.229471,9.84504,0.00976585,0.010182,0.100049,0.01,-0.005,0.002,0.0001,-0.0002,0.00015
7,0.337782,0.218901,9.85002,0.0115973,0.00804377,0.102208,0.329513,0.225303,9.84855,0.00987026,0.00989372,0.0999263,0.01,-0.005,0.002,0.0001,-0.0002,0.00015
7.1,0.330354,0.225201,9.84957,0.00954539,0.00959434,0.0994223,0.320899,0.229959,9.84731,0.00960437,0.00963919,0.0998135,0.01,-0.005,0.002,0.0001,-0.0002,0.00015
7.2,0.339443,0.218169,9.84638,0.0123145,0.00895316,0.10173,0.329333,0.223517,9.84472,0.00984092,0.00933138,0.100187,0.01,-0.005,0.002,0.0001,-0.0002,0.00015
7.3,0.343965,0.215052,9.85178,0.00941903,0.009382,0.101782,0.335667,0.219831,9.85147,0.0100389,0.00922894,0.099995,0.01,-0.005,0.002,0.0001,-0.0002,0.00015
7.4,0.347213,0.217078,9.83854,0.011304,0.00765434,0.0994172,0.335719,0.219368,9.83711,0.00997476,0.00913695,0.0998899,0.01,-0.005,0.002,0.0001,-0.0002,0.00015
7.5,0.353272,0.212785,9.84955,0.0103073,0.0076999,0.0989816,0.342973,0.21741,9.84873,0.0100772,0.00851264,0.0999965,0.01,-0.005,0.002,0.0001,-0.0002,0.00015
7.6,0.347248,0.212466,9.85554,0.00899294,0.00780032,0.101015,0.337744,0.217872,9.85347,0.00987613,0.00826777,0.100217,0.01,-0.005,0.002,0.0001,-0.0002,0.00015
7.7,0.358281,0.205865,9.85054,0.010304,0.00985421,0.0991581,0.348009,0.210035,9.84911,0.0101021,0.00797404,0.100024,0.01,-0.005,0.002,0.0001,-0.0002,0.00015
7.8,0.365484,0.209916,9.85189,0.00893355,0.00688234,0.0995663,0.354591,0.21427,9.8505,0.00998311,0.00773915,0.10021,0.01,-0.005,0.002,0.0001,-0.0002,0.00015
7.9,0.375311,0.200894,9.85347,0.009152,0.00668744,0.100339,0.364169,0.206047,9.85141,0.010171,0.00743317,0.10004,0.01,-0.005,0.002,0.0001,-0.0002,0.00015
8,0.367618,0.205234,9.85519,0.0105864,0.00542943,0.0998009,0.35813,0.209272,9.85242,0.0100297,0.0071449,0.100233,0.01,-0.005,0.002,0.0001,-0.0002,0.00015
8.1,0.372618,0.18455,9.84581,0.0104433,0.00624717,0.100434,0.362392,0.190833,9.84437,0.00981538,0.00691992,0.0998297,0.01,-0.005,0.002,0.0001,-0.0002,0.00015
8.2,0.36895,0.207326,9.84645,0.00985959,0.0074196,0.101245,0.359585,0.212498,9.84455,0.0101449,0.00663669,0.0999497,0.01,-0.005,0.002,0.0001,-0.0002,0.00015
8.3,0.370648,0.199053,9.85304,0.0105836,0.00550759,0.0998401,0.358397,0.203564,9.85155,0.0100128,0.00632836,0.100113,0.01,-0.005,0.002,0.0001,-0.0002,0.00015
8.4,0.389255,0.199607,9.85452,0.0107612,0.0065708,0.101104,0.379491,0.204304,9.85242,0.010056,0.00600451,0.100157,0.01,-0.005,0.002,0.0001,-0.0002,0.00015
8.5,0.385622,0.192382,9.85158,0.0106028,0.00665659,0.100356,0.37512,0.197875,9.85025,0.0100633,0.00584903,0.100128,0.01,-0.005,0.002,0.0001,-0.0002,0.00015
8.6,0.387327,0.185314,9.84912,0.0109463,0.00573787,0.0985234,0.377919,0.189441,9.84764,0.00983585,0.00538365,0.100177,0.01,-0.005,0.002,0.0001,-0.0002,0.00015
8.7,0.3995,0.181751,9.85444,0.0101461,0.00543807,0.0988217,0.38973,0.18762,9.85352,0.00967235,0.00523487,0.0998554,0.01,-0.005,0.002,0.0001,-0.0002,0.00015
8.8,0.390301,0.190507,9.85438,0.0110843,0.00560713,0.100311,0.380622,0.196283,9.85264,0.00975037,0.00498275,0.0999444,0.01,-0.005,0.002,0.0001,-0.0002,0.00015
8.9,0.397967,0.180162,9.85259,0.00946986,0.00485445,0.10031,0.388035,0.185705,9.84951,0.00979159,0.00472137,0.0999421,0.01,-0.005,0.002,0.0001,-0.0002,0.00015
9,0.402056,0.179498,9.84663,0.00988551,0.00549638,0.0988469,0.392792,0.184709,9.84597,0.0099241,0.00457457,0.100156,0.01,-0.005,0.002,0.0001,-0.0002,0.00015
9.1,0.396349,0.175013,9.85767,0.00981051,0.00396852,0.101038,0.386974,0.179114,9.85551,0.00978988,0.00405969,0.0999853,0.01,-0.005,0.002,0.0001,-0.0002,0.00015
9.2,0.397046,0.176293,9.85302,0.011033,0.00231455,0.101083,0.387488,0.180299,9.85189,0.00968733,0.00377998,0.099981,0.01,-0.005,0.002,0.0001,-0.0002,0.00015
9.3,0.408976,0.169682,9.85118,0.00989618,0.0037679,0.100349,0.397024,0.175175,9.84849,0.00950214,0.00342017,0.099962,0.01,-0.005,0.002,0.0001,-0.0002,0.00015
9.4,0.42108,0.166519,9.85711,0.00974639,0.00409377,0.101642,0.410026,0.172756,9.85556,0.00947904,0.00331701,0.1001,0.01,-0.005,0.002,0.0001,-0.0002,0.00015
9.5,0.415522,0.167752,9.86865,0.0093162,0.00224122,0.101938,0.404336,0.172869,9.86647,0.00940262,0.00284524,0.0999976,0.01,-0.005,0.002,0.0001,-0.0002,0.00015
9.6,0.425458,0.160215,9.85151,0.0103391,0.00376025,0.1004,0.415001,0.164325,9.85046,0.00943638,0.00263202,0.100138,0.01,-0.005,0.002,0.0001,-0.0002,0.00015
9.7,0.431162,0.17263,9.8604,0.0108375,0.00323494,0.09995,0.421077,0.179671,9.85831,0.00927381,0.0023904,0.10002,0.01,-0.005,0.002,0.0001,-0.0002,0.00015
9.8,0.431594,0.156146,9.86045,0.00923123,0.00308664,0.100947,0.421916,0.160829,9.85844,0.00921375,0.00204475,0.100006,0.01,-0.005,0.002,0.0001,-0.0002,0.00015
9.9,0.422117,0.162518,9.85816,0.00915881,0.00135084,0.102075,0.413158,0.166765,9.85761,0.00929196,0.00173817,0.100068,0.01,-0.005,0.002,0.0001,-0.0002,0.00015
10,0.433215,0.158298,9.85609,0.00835953,0.00250164,0.100318,0.42449,0.16282,9.85459,0.00929486,0.00157779,0.0999305,0.01,-0.005,0.002,0.0001,-0.0002,0.00015
10.1,0.438529,0.14296,9.85441,0.0082205,0.00152862,0.100426,0.427415,0.14747,9.85268,0.00906906,0.000981949,0.100096,0.01,-0.005,0.002,0.0001,-0.0002,0.00015
10.2,0.43868,0.148046,9.87202,0.00979101,0.00130609,0.0996617,0.427667,0.151137,9.86997,0.00891775,0.000810089,0.0998512,0.01,-0.005,0.002,0.0001,-0.0002,0.00015
10.3,0.439462,0.149826,9.86183,0.00774765,-0.000374864,0.100707,0.428816,0.154099,9.85958,0.0088168,0.000676331,0.0998599,0.01,-0.005,0.002,0.0001,-0.0002,0.00015
10.4,0.447529,0.143583,9.86573,0.00794337,0.000238747,0.100187,0.436928,0.149275,9.86415,0.00873224,0.000112676,0.100035,0.01,-0.005,0.002,0.0001,-0.0002,0.00015
10.5,0.435729,0.146146,9.86197,0.00900633,0.000553352,0.100645,0.425835,0.151988,9.85995,0.00878943,4.38227e-05,0.0997904,0.01,-0.005,0.002,0.0001,-0.0002,0.00015
10.6,0.444975,0.147381,9.86376,0.00750508,-0.00227191,0.0999185,0.436428,0.153948,9.8617,0.0085608,-0.000379151,0.100057,0.01,-0.005,0.002,0.0001,-0.0002,0.00015
10.7,0.44341,0.135607,9.86136,0.00882609,-0.00243211,0.099461,0.433268,0.14071,9.86081,0.00827242,-0.000721525,0.100052,0.01,-0.005,0.002,0.0001,-0.0002,0.00015
10.8,0.451991,0.133926,9.86493,0.0079668,-0.00237097,0.0999353,0.441657,0.13798,9.86261,0.00817325,-0.00104432,0.0999057,0.01,-0.005,0.002,0.0001,-0.0002,0.00015
10.9,0.45659,0.123554,9.86382,0.00837245,-0.00148948,0.100097,0.446698,0.12931,9.86161,0.00819502,-0.00130927,0.099853,0.01,-0.005,0.002,0.0001,-0.0002,0.00015
11,0.455199,0.135762,9.86387,0.00932298,-0.00265847,0.100563,0.444288,0.140587,9.86103,0.00818423,-0.00145367,0.100159,0.01,-0.005,0.002,0.0001,-0.0002,0.00015
11.1,0.469026,0.125961,9.86647,0.00892022,-0.0024544,0.100615,0.459764,0.130613,9.86389,0.00792622,-0.00200334,0.100017,0.01,-0.005,0.002,0.0001,-0.0002,0.00015
11.2,0.461731,0.123786,9.86621,0.0095119,-0.00272996,0.10059,0.453034,0.129253,9.86505,0.00803532,-0.00217895,0.0999649,0.01,-0.005,0.002,0.0001,-0.0002,0.00015
11.3,0.474444,0.12069,9.86933,0.00823493,-0.00290956,0.102416,0.464357,0.126008,9.86579,0.00764205,-0.00259598,0.100231,0.01,-0.005,0.002,0.0001,-0.0002,0.00015
11.4,0.465069,0.116964,9.86602,0.00885919,-0.00242157,0.100252,0.457421,0.121851,9.86392,0.00738846,-0.00278609,0.100073,0.01,-0.005,0.002,0.0001,-0.0002,0.00015
11.5,0.467445,0.107545,9.86768,0.00765273,-0.00278537,0.0987375,0.457182,0.114806,9.86411,0.00732984,-0.00304509,0.100051,0.01,-0.005,0.002,0.0001,-0.0002,0.00015
11.6,0.470548,0.107332,9.86858,0.0066218,-0.0021783,0.101755,0.460791,0.11284,9.86613,0.00731376,-0.00315006,0.0998643,0.01,-0.005,0.002,0.0001,-0.0002,0.00015
11.7,0.471898,0.103302,9.86669,0.00560824,-0.00444828,0.100655,0.461672,0.108922,9.86503,0.00715162,-0.00377778,0.100155,0.01,-0.005,0.002,0.0001,-0.0002,0.00015
11.8,0.480124,0.11598,9.87171,0.0081753,-0.00220984,0.0985248,0.470192,0.120175,9.87062,0.0069001,-0.00399541,0.0998525,0.01,-0.005,0.002,0.0001,-0.0002,0.00015
11.9,0.4742,0.0993936,9.85679,0.00561029,-0.0039571,0.100431,0.463336,0.104829,9.85395,0.00714304,-0.00426248,0.100013,0.01,-0.005,0.002,0.0001,-0.0002,0.00015
12,0.483845,0.104465,9.86917,0.00783558,-0.00610792,0.0972886,0.476015,0.109929,9.86555,0.006849,-0.00449743,0.100007,0.01,-0.005,0.002,0.0001,-0.0002,0.00015
12.1,0.473277,0.104993,9.85792,0.00669089,-0.00642174,0.100882,0.462362,0.109403,9.85682,0.00676685,-0.0049121,0.0999629,0.01,-0.005,0.002,0.0001,-0.0002,0.00015
12.2,0.476111,0.0906359,9.87309,0.0073728,-0.00445538,0.100783,0.467285,0.0970291,9.86802,0.0063636,-0.00497979,0.100056,0.01,-0.005,0.002,0.0001,-0.0002,0.00015
12.3,0.487317,0.0906589,9.86692,0.00609617,-0.00521878,0.0997517,0.476682,0.0960484,9.86497,0.00622657,-0.00532654,0.100177,0.01,-0.005,0.002,0.0001,-0.0002,0.00015
12.4,0.484689,0.0863421,9.87013,0.00622251,-0.00630927,0.100706,0.474357,0.0911242,9.86818,0.0060591,-0.00581014,0.100026,0.01,-0.005,0.002,0.0001,-0.0002,0.00015
12.5,0.479877,0.0863722,9.87181,0.00701935,-0.00500496,0.100649,0.470499,0.0920544,9.86879,0.0061275,-0.00587338,0.0999474,0.01,-0.005,0.002,0.0001,-0.0002,0.00015
12.6,0.494815,0.0831452,9.87611,0.00537398,-0.00663674,0.0989958,0.484462,0.087928,9.87341,0.00582747,-0.00627809,0.0999689,0.01,-0.005,0.002,0.0001,-0.0002,0.00015
12.7,0.483255,0.0842314,9.8723,0.00486874,-0.00706411,0.100097,0.472596,0.0900943,9.87175,0.00567956,-0.00640232,0.099861,0.01,-0.005,0.002,0.0001,-0.0002,0.00015
12.8,0.488993,0.0785005,9.86783,0.00363947,-0.00532625,0.0983925,0.480359,0.0819166,9.86683,0.00530582,-0.00672823,0.0998878,0.01,-0.005,0.002,0.0001,-0.0002,0.00015
12.9,0.490152,0.0733403,9.86956,0.00530343,-0.00616936,0.100379,0.478938,0.0793315,9.86784,0.00527409,-0.00710429,0.100103,0.01,-0.005,0.002,0.0001,-0.0002,0.00015
13,0.489587,0.0701383,9.87673,0.00479171,-0.00843386,0.100039,0.480859,0.0752026,9.87449,0.00536612,-0.00737527,0.0999693,0.01,-0.005,0.002,0.0001,-0.0002,0.00015
13.1,0.48644,0.0664093,9.87576,0.00559059,-0.00880982,0.100554,0.476222,0.0715748,9.87397,0.00477794,-0.00773919,0.100079,0.01,-0.005,0.002,0.0001,-0.0002,0.00015
13.2,0.489776,0.0738679,9.87642,0.0031016,-0.00854391,0.100589,0.479837,0.0789454,9.87442,0.00485936,-0.00797543,0.100059,0.01,-0.005,0.002,0.0001,-0.0002,0.00015
13.3,0.490391,0.0588677,9.86978,0.00645376,-0.00941925,0.101567,0.479638,0.0664947,9.86735,0.00466721,-0.0082028,0.10007,0.01,-0.005,0.002,0.0001,-0.0002,0.00015
13.4,0.50496,0.0657613,9.87045,0.00409645,-0.00931111,0.0990364,0.495812,0.0713478,9.86955,0.00448923,-0.00846145,0.0999523,0.01,-0.005,0.002,0.0001,-0.0002,0.00015
13.5,0.512458,0.0546471,9.87024,0.00450084,-0.00922958,0.0996263,0.502195,0.0599569,9.86829,0.00452348,-0.00878345,0.0999468,0.01,-0.005,0.002,0.0001,-0.0002,0.00015
13.6,0.501024,0.0530046,9.87559,0.00419001,-0.00910909,0.0992206,0.492291,0.0577445,9.87278,0.0040351,-0.00900435,0.0999602,0.01,-0.005,0.002,0.0001,-0.0002,0.00015
13.7,0.497432,0.053228,9.87599,0.00505634,-0.0076386,0.10123,0.4878,0.0605091,9.87579,0.00406392,-0.00940622,0.10003,0.01,-0.005,0.002,0.0001,-0.0002,0.00015
13.8,0.497432,0.0412099,9.87714,0.0050107,-0.00789687,0.10001,0.489587,0.0490322,9.87353,0.00378994,-0.00950139,0.100108,0.01,-0.005,0.002,0.0001,-0.0002,0.00015
13.9,0.498706,0.0415224,9.88305,0.00497083,-0.0106175,0.0993938,0.488573,0.0481908,9.8826,0.00369165,-0.00976938,0.0999216,0.01,-0.005,0.002,0.0001,-0.0002,0.00015
14,0.495382,0.0367047,9.86878,0.00288787,-0.011174,0.101033,0.486674,0.0425634,9.86787,0.0033289,-0.0102797,0.100176,0.01,-0.005,0.002,0.0001,-0.0002,0.00015
14.1,0.505604,0.0308671,9.88025,0.00275206,-0.0108163,0.100854,0.495585,0.0359298,9.87904,0.00301192,-0.0104319,0.10008,0.01,-0.005,0.002,0.0001,-0.0002,0.00015
14.2,0.508926,0.0454008,9.88155,0.00313003,-0.0112776,0.101225,0.497787,0.0492973,9.88101,0.00296143,-0.0103933,0.100142,0.01,-0.005,0.002,0.0001,-0.0002,0.00015
14.3,0.505249,0.0409576,9.86977,0.0036421,-0.00961743,0.0983859,0.496759,0.0464196,9.8688,0.002771,-0.0110674,0.100014,0.01,-0.005,0.002,0.0001,-0.0002,0.00015
14.4,0.517365,0.0303495,9.88225,0.00328457,-0.0111261,0.0992111,0.505583,0.0362207,9.87861,0.00269857,-0.0112019,0.0999925,0.01,-0.005,0.002,0.0001,-0.0002,0.00015
14.5,0.50559,0.0268731,9.87646,0.00164143,-0.0133236,0.100054,0.496122,0.0331072,9.87286,0.00234928,-0.0115416,0.0999893,0.01,-0.005,0.002,0.0001,-0.0002,0.00015
14.6,0.512091,0.0273425,9.8801,0.00211418,-0.0121522,0.100324,0.502192,0.0323563,9.87711,0.00221184,-0.0116097,0.0998751,0.01,-0.005,0.002,0.0001,-0.0002,0.00015
14.7,0.503968,0.0135603,9.87576,0.00441019,-0.0116061,0.0989235,0.494756,0.0192999,9.87307,0.00199862,-0.0118771,0.0997675,0.01,-0.005,0.002,0.0001,-0.0002,0.00015
14.8,0.512357,0.0165656,9.8776,0.00232284,-0.0137867,0.101284,0.502864,0.024332,9.87571,0.00193183,-0.0120239,0.100176,0.01,-0.005,0.002,0.0001,-0.0002,0.00015
14.9,0.510372,0.0180372,9.87968,0.00334154,-0.0130891,0.0998633,0.499835,0.0221593,9.87922,0.00176339,-0.0120849,0.0998322,0.01,-0.005,0.002,0.0001,-0.0002,0.00015
15,0.505854,0.0184656,9.88189,0.00142066,-0.0140338,0.100527,0.496752,0.0224544,9.87878,0.00142894,-0.0126354,0.100012,0.01,-0.005,0.002,0.0001,-0.0002,0.00015
15.1,0.516051,0.0136911,9.88345,0.00142503,-0.0146037,0.0988874,0.505335,0.0180786,9.88205,0.00112561,-0.0129947,0.0999748,0.01,-0.005,0.002,0.0001,-0.0002,0.00015
15.2,0.504421,0.00495794,9.88994,-0.00179073,-0.013025,0.10055,0.494427,0.00948555,9.88833,0.00109894,-0.012947,0.100029,0.01,-0.005,0.002,0.0001,-0.0002,0.00015
15.3,0.507941,-0.00576389,9.87959,-1.47472e-05,-0.0126599,0.100617,0.498889,-0.000273146,9.87776,0.000865305,-0.0134809,0.0999961,0.01,-0.005,0.002,0.0001,-0.0002,0.00015
15.4,0.512127,0.00305515,9.88428,0.000162276,-0.0136347,0.10006,0.500545,0.00961196,9.88217,0.000614373,-0.0135149,0.0998752,0.01,-0.005,0.002,0.0001,-0.0002,0.00015
15.5,0.516447,-0.00193542,9.88851,0.000365338,-0.013516,0.100662,0.508101,0.00149435,9.88781,0.000616861,-0.0136179,0.100047,0.01,-0.005,0.002,0.0001,-0.0002,0.00015
15.6,0.518464,-0.00357914,9.884,0.000920945,-0.0154542,0.100362,0.507665,-0.000828487,9.88237,0.000320985,-0.013947,0.100056,0.01,-0.005,0.002,0.0001,-0.0002,0.00015
15.7,0.498372,-0.000557967,9.88103,0.00191364,-0.0137851,0.100639,0.488795,0.0038991,9.8799,-7.82816e-05,-0.0141798,0.0999332,0.01,-0.005,0.002,0.0001,-0.0002,0.00015
15.8,0.510871,-0.00631918,9.89175,-0.00065931,-0.0142179,0.0997302,0.500579,-0.0016821,9.89002,-0.000196122,-0.0142254,0.0997306,0.01,-0.005,0.002,0.0001,-0.0002,0.00015
15.9,0.514025,-0.0204458,9.87818,0.000876546,-0.0136989,0.0998944,0.504046,-0.01531,9.8755,-0.000298821,-0.0145833,0.100061,0.01,-0.005,0.002,0.0001,-0.0002,0.00015
16,0.509421,-0.0101629,9.87823,0.000601341,-0.0151202,0.101862,0.499308,-0.0053164,9.87553,-0.000508379,-0.0147563,0.10015,0.01,-0.005,0.002,0.0001,-0.0002,0.00015
16.1,0.509212,-0.0147362,9.88608,0.000778386,-0.0152201,0.100096,0.499704,-0.00766037,9.88644,-0.00081381,-0.0147527,0.0999359,0.01,-0.005,0.002,0.0001,-0.0002,0.00015
16.2,0.50659,-0.0307062,9.88807,-0.00110873,-0.0172885,0.101332,0.496813,-0.0255623,9.88574,-0.000962941,-0.0152689,0.100029,0.01,-0.005,0.002,0.0001,-0.0002,0.00015
16.3,0.504242,-0.0214474,9.88165,-0.000420212,-0.0155008,0.0997466,0.493679,-0.0162651,9.8793,-0.00102264,-0.0153816,0.0999754,0.01,-0.005,0.002,0.0001,-0.0002,0.00015
16.4,0.505624,-0.0330939,9.88818,-0.000331469,-0.0147174,0.10085,0.49782,-0.0275388,9.88608,-0.00124202,-0.015576,0.10003,0.01,-0.005,0.002,0.0001,-0.0002,0.00015
16.5,0.509407,-0.0211502,9.88096,-0.00221203,-0.0158963,0.0999435,0.500607,-0.0157668,9.87933,-0.00159856,-0.0157874,0.100026,0.01,-0.005,0.002,0.0001,-0.0002,0.00015
16.6,0.510528,-0.0270532,9.89015,-0.001061,-0.0151148,0.100922,0.499821,-0.0226584,9.88902,-0.00186484,-0.0159671,0.099924,0.01,-0.005,0.002,0.0001,-0.0002,0.00015
16.7,0.510076,-0.0390442,9.88115,-0.00303015,-0.0162449,0.100929,0.501103,-0.0353151,9.87859,-0.0019578,-0.016187,0.0999675,0.01,-0.005,0.002,0.0001,-0.0002,0.00015
16.8,0.50028,-0.0443851,9.88828,-0.0017859,-0.017165,0.0998094,0.489081,-0.0390849,9.88673,-0.00224319,-0.0163219,0.0999583,0.01,-0.005,0.002,0.0001,-0.0002,0.00015
16.9,0.492631,-0.0469855,9.88734,-0.00206747,-0.0162922,0.100356,0.483457,-0.0425037,9.88671,-0.00252384,-0.0164492,0.0999934,0.01,-0.005,0.002,0.0001,-0.0002,0.00015
17,0.506902,-0.0448664,9.88177,-0.00423885,-0.0161728,0.100915,0.497814,-0.041351,9.87969,-0.00254331,-0.0166458,0.0999882,0.01,-0.005,0.002,0.0001,-0.0002,0.00015
17.1,0.505222,-0.0479537,9.88819,-0.00234383,-0.0162299,0.100548,0.494109,-0.0422087,9.88864,-0.0028832,-0.0165012,0.0999086,0.01,-0.005,0.002,0.0001,-0.0002,0.00015
17.2,0.513743,-0.0468589,9.87962,-0.00291305,-0.0169152,0.101163,0.503134,-0.040439,9.87777,-0.00289677,-0.0169252,0.099979,0.01,-0.005,0.002,0.0001,-0.0002,0.00015
17.3,0.505863,-0.052815,9.87992,-0.00133961,-0.0142317,0.100181,0.496879,-0.0484207,9.87736,-0.00306325,-0.0172113,0.099845,0.01,-0.005,0.002,0.0001,-0.0002,0.00015
17.4,0.500724,-0.0545129,9.88591,-0.00341748,-0.0178106,0.100009,0.489771,-0.0487747,9.88406,-0.00342068,-0.0171932,0.10003,0.01,-0.005,0.002,0.0001,-0.0002,0.00015
17.5,0.514856,-0.0668228,9.88873,-0.00201682,-0.0172172,0.101534,0.504555,-0.0624574,9.88693,-0.00346828,-0.0176112,0.100116,0.01,-0.005,0.002,0.0001,-0.0002,0.00015
17.6,0.500108,-0.0532413,9.88947,-0.00363884,-0.0160765,0.100431,0.490417,-0.0484238,9.8882,-0.0037441,-0.0175196,0.0999895,0.01,-0.005,0.002,0.0001,-0.0002,0.00015
17.7,0.51067,-0.069519,9.8933,-0.00295983,-0.018474,0.100544,0.501104,-0.064724,9.89177,-0.00365546,-0.0175776,0.09994,0.01,-0.005,0.002,0.0001,-0.0002,0.00015
17.8,0.493735,-0.0770142,9.8889,-0.00296002,-0.0201851,0.0989928,0.484477,-0.0703192,9.88771,-0.00411587,-0.0177606,0.100119,0.01,-0.005,0.002,0.0001,-0.0002,0.00015
17.9,0.502605,-0.0797819,9.88322,-0.00433015,-0.0178871,0.100412,0.491284,-0.074073,9.88181,-0.00427002,-0.0180925,0.100069,0.01,-0.005,0.002,0.0001,-0.0002,0.00015
18,0.488702,-0.0815781,9.88961,-0.00390453,-0.0174306,0.099621,0.478543,-0.0751134,9.88821,-0.00462358,-0.0179306,0.100103,0.01,-0.005,0.002,0.0001,-0.0002,0.00015
18.1,0.491255,-0.0681558,9.8931,-0.0041199,-0.0192379,0.0993158,0.48045,-0.0628979,9.89196,-0.00445025,-0.0183729,0.0999013,0.01,-0.005,0.002,0.0001,-0.0002,0.00015
18.2,0.490079,-0.0817614,9.89238,-0.00333721,-0.0183593,0.0999374,0.479259,-0.0772225,9.88956,-0.00464297,-0.0183449,0.100004,0.01,-0.005,0.002,0.0001,-0.0002,0.00015
18.3,0.501081,-0.0813463,9.88809,-0.003753,-0.0192141,0.101518,0.490978,-0.0769919,9.88665,-0.00497633,-0.0184752,0.100011,0.01,-0.005,0.002,0.0001,-0.0002,0.00015
18.4,0.500235,-0.0842522,9.88726,-0.00635498,-0.0186577,0.0997311,0.489636,-0.0803128,9.88471,-0.00517055,-0.0188466,0.100094,0.01,-0.005,0.002,0.0001,-0.0002,0.00015
18.5,0.490572,-0.0764412,9.89081,-0.00620255,-0.0173611,0.0992765,0.479332,-0.0730335,9.88961,-0.00519653,-0.0188353,0.100153,0.01,-0.005,0.002,0.0001,-0.0002,0.00015
18.6,0.495003,-0.0995737,9.89881,-0.00519025,-0.0186749,0.10172,0.485281,-0.0949832,9.8983,-0.00548685,-0.018875,0.0999626,0.01,-0.005,0.002,0.0001,-0.0002,0.00015
18.7,0.495334,-0.0898242,9.89691,-0.00426396,-0.0176128,0.100009,0.485364,-0.0850703,9.89398,-0.00554614,-0.0188516,0.0998326,0.01,-0.005,0.002,0.0001,-0.0002,0.00015
18.8,0.478331,-0.101922,9.89893,-0.00799835,-0.0191964,0.100763,0.468638,-0.0947112,9.89721,-0.00572264,-0.0191219,0.100137,0.01,-0.005,0.002,0.0001,-0.0002,0.00015
18.9,0.491545,-0.100209,9.89084,-0.00531622,-0.0195499,0.0987755,0.481134,-0.0955847,9.88774,-0.00598232,-0.0190834,0.099874,0.01,-0.005,0.002,0.0001,-0.0002,0.00015
19,0.473959,-0.106917,9.89823,-0.00460627,-0.0199047,0.100272,0.465296,-0.101459,9.89708,-0.00621808,-0.0192156,0.0999762,0.01,-0.005,0.002,0.0001,-0.0002,0.00015
19.1,0.48335,-0.10239,9.88261,-0.00675754,-0.0188275,0.0984577,0.474611,-0.0977009,9.87991,-0.00634468,-0.0190522,0.0998196,0.01,-0.005,0.002,0.0001,-0.0002,0.00015
19.2,0.476598,-0.115632,9.88764,-0.00717004,-0.0201384,0.097896,0.467178,-0.108559,9.88579,-0.00640199,-0.0193618,0.0999989,0.01,-0.005,0.002,0.0001,-0.0002,0.00015
19.3,0.479738,-0.110116,9.90166,-0.00756618,-0.0203187,0.100637,0.469856,-0.104657,9.89876,-0.00674063,-0.0196111,0.0998549,0.01,-0.005,0.002,0.0001,-0.0002,0.00015
19.4,0.476209,-0.114577,9.89525,-0.006256,-0.0224554,0.100344,0.467178,-0.110499,9.89278,-0.00672055,-0.0196129,0.0999228,0.01,-0.005,0.002,0.0001,-0.0002,0.00015
19.5,0.478271,-0.110643,9.89782,-0.00514259,-0.01854,0.100891,0.467879,-0.107176,9.89689,-0.00685458,-0.0195819,0.100057,0.01,-0.005,0.002,0.0001,-0.0002,0.00015
19.6,0.467036,-0.123524,9.88272,-0.00591504,-0.0187498,0.10077,0.457072,-0.116338,9.87982,-0.00690282,-0.0195601,0.0999307,0.01,-0.005,0.002,0.0001,-0.0002,0.00015
19.7,0.474183,-0.117674,9.89208,-0.00670623,-0.0202721,0.0992781,0.464329,-0.111704,9.89174,-0.00720112,-0.0196716,0.100215,0.01,-0.005,0.002,0.0001,-0.0002,0.00015
19.8,0.47119,-0.119218,9.88806,-0.00798748,-0.0201688,0.099649,0.461582,-0.114145,9.88751,-0.00748028,-0.0197767,0.100228,0.01,-0.005,0.002,0.0001,-0.0002,0.00015
19.9,0.455137,-0.116024,9.89637,-0.00807144,-0.0208029,0.10195,0.446385,-0.111215,9.89482,-0.00738919,-0.0197733,0.100044,0.01,-0.005,0.002,0.0001,-0.0002,0.00015
20,0.46757,-0.129519,9.89815,-0.00742068,-0.0218034,0.099254,0.457916,-0.124587,9.89498,-0.00761992,-0.0199483,0.0998545,0.01,-0.005,0.002,0.0001,-0.0002,0.00015
20.1,0.455507,-0.146779,9.89773,-0.00704222,-0.0201644,0.101997,0.446101,-0.141633,9.89717,-0.00769113,-0.0199135,0.100026,0.01,-0.005,0.002,0.0001,-0.0002,0.00015
20.2,0.463318,-0.135241,9.89163,-0.00759106,-0.0200635,0.102175,0.454348,-0.130597,9.89085,-0.00780044,-0.0197821,0.100044,0.01,-0.005,0.002,0.0001,-0.0002,0.00015
20.3,0.4519,-0.145021,9.89258,-0.00704904,-0.0210884,0.100925,0.442541,-0.141495,9.89138,-0.00792547,-0.0199524,0.100033,0.01,-0.005,0.002,0.0001,-0.0002,0.00015
20.4,0.461443,-0.151114,9.9069,-0.00628207,-0.0198538,0.0995917,0.450657,-0.145243,9.90536,-0.00805391,-0.0199209,0.100035,0.01,-0.005,0.002,0.0001,-0.0002,0.00015
20.5,0.459047,-0.144016,9.89407,-0.00860927,-0.0200327,0.100837,0.448672,-0.137968,9.89184,-0.00818862,-0.0200415,0.100073,0.01,-0.005,0.002,0.0001,-0.0002,0.00015
20.6,0.456435,-0.148534,9.89398,-0.00930882,-0.0209054,0.0998016,0.447178,-0.143494,9.89252,-0.00851482,-0.0200441,0.100076,0.01,-0.005,0.002,0.0001,-0.0002,0.00015
20.7,0.448985,-0.153768,9.89923,-0.00882837,-0.0209276,0.0999818,0.439602,-0.148002,9.89587,-0.00829557,-0.0199867,0.100103,0.01,-0.005,0.002,0.0001,-0.0002,0.00015
20.8,0.448558,-0.147593,9.90304,-0.0090123,-0.0200048,0.102355,0.438356,-0.141136,9.90165,-0.00847951,-0.0200336,0.0999574,0.01,-0.005,0.002,0.0001,-0.0002,0.00015
20.9,0.448484,-0.163023,9.89721,-0.00941252,-0.0203301,0.101697,0.43818,-0.157153,9.8936,-0.00856837,-0.0199455,0.0997871,0.01,-0.005,0.002,0.0001,-0.0002,0.00015
21,0.436269,-0.155469,9.89568,-0.00930067,-0.0189089,0.100299,0.425548,-0.152852,9.89411,-0.00870263,-0.0199134,0.0998797,0.01,-0.005,0.002,0.0001,-0.0002,0.00015
21.1,0.443051,-0.160333,9.903,-0.00900108,-0.0196709,0.100594,0.433904,-0.155901,9.90281,-0.00874556,-0.0198263,0.100121,0.01,-0.005,0.002,0.0001,-0.0002,0.00015
21.2,0.430159,-0.172442,9.90254,-0.00834878,-0.0205629,0.100356,0.41994,-0.167558,9.90157,-0.00893182,-0.0201657,0.100125,0.01,-0.005,0.002,0.0001,-0.0002,0.00015
21.3,0.436958,-0.161604,9.90724,-0.00813078,-0.0216454,0.0994753,0.42639,-0.157186,9.90375,-0.00891029,-0.0199407,0.100023,0.01,-0.005,0.002,0.0001,-0.0002,0.00015
21.4,0.427535,-0.160802,9.89764,-0.0092379,-0.0202909,0.0995368,0.418272,-0.154815,9.89291,-0.00912344,-0.0199841,0.100112,0.01,-0.005,0.002,0.0001,-0.0002,0.00015
21.5,0.431411,-0.170423,9.89666,-0.0091305,-0.0192438,0.0989224,0.420328,-0.163612,9.8955,-0.00894938,-0.01984,0.100044,0.01,-0.005,0.002,0.0001,-0.0002,0.00015
21.6,0.428546,-0.177743,9.90323,-0.00869041,-0.0210695,0.101602,0.419186,-0.174271,9.90142,-0.00929224,-0.0198417,0.100081,0.01,-0.005,0.002,0.0001,-0.0002,0.00015
21.7,0.420463,-0.182204,9.90626,-0.00874755,-0.0192281,0.100701,0.410473,-0.176328,9.90469,-0.00942978,-0.0199879,0.100185,0.01,-0.005,0.002,0.0001,-0.0002,0.00015
21.8,0.416055,-0.180256,9.90764,-0.0105454,-0.0198273,0.100792,0.406848,-0.175346,9.90474,-0.00954569,-0.0198979,0.100018,0.01,-0.005,0.002,0.0001,-0.0002,0.00015
21.9,0.415384,-0.177778,9.89972,-0.00969323,-0.0217702,0.100042,0.403259,-0.171272,9.89773,-0.00938588,-0.0198985,0.0999121,0.01,-0.005,0.002,0.0001,-0.0002,0.00015
22,0.423501,-0.182751,9.89758,-0.011871,-0.0204659,0.0987983,0.413671,-0.178041,9.8971,-0.00955953,-0.0197425,0.099918,0.01,-0.005,0.002,0.0001,-0.0002,0.00015
22.1,0.412468,-0.187951,9.89712,-0.00913546,-0.0206781,0.100192,0.402806,-0.183238,9.89421,-0.00951763,-0.0197502,0.0999621,0.01,-0.005,0.002,0.0001,-0.0002,0.00015
22.2,0.405656,-0.194765,9.89673,-0.0100339,-0.0210555,0.100656,0.39547,-0.189143,9.89361,-0.00961413,-0.0194926,0.0998201,0.01,-0.005,0.002,0.0001,-0.0002,0.00015
22.3,0.395026,-0.184966,9.90416,-0.00869351,-0.0201027,0.0993074,0.385082,-0.181304,9.90139,-0.00964359,-0.0195251,0.0998438,0.01,-0.005,0.002,0.0001,-0.0002,0.00015
22.4,0.402252,-0.1912,9.89786,-0.0108393,-0.0200236,0.0991056,0.390154,-0.185606,9.89498,-0.00962784,-0.0196386,0.099886,0.01,-0.005,0.002,0.0001,-0.0002,0.00015
22.5,0.402838,-0.200219,9.89905,-0.00824984,-0.0207475,0.101644,0.393085,-0.193907,9.89804,-0.00977835,-0.0194236,0.100043,0.01,-0.005,0.002,0.0001,-0.0002,0.00015
22.6,0.401236,-0.197803,9.90316,-0.0107924,-0.0203828,0.100328,0.391489,-0.192211,9.90172,-0.00985812,-0.0193911,0.0999928,0.01,-0.005,0.002,0.0001,-0.0002,0.00015
22.7,0.394003,-0.201256,9.90374,-0.00835378,-0.0177356,0.0984935,0.384395,-0.198264,9.90234,-0.009876,-0.0193597,0.0998347,0.01,-0.005,0.002,0.0001,-0.0002,0.00015
22.8,0.387489,-0.212453,9.90495,-0.0107187,-0.0197989,0.100698,0.379197,-0.206849,9.90285,-0.00992964,-0.0193106,0.100059,0.01,-0.005,0.002,0.0001,-0.0002,0.00015
22.9,0.386014,-0.206062,9.90391,-0.011196,-0.0202916,0.100245,0.375653,-0.202215,9.90179,-0.00991963,-0.0191777,0.100079,0.01,-0.005,0.002,0.0001,-0.0002,0.00015
23,0.38338,-0.209225,9.90794,-0.0100471,-0.0192122,0.101491,0.372882,-0.202757,9.90544,-0.00994208,-0.0191452,0.100118,0.01,-0.005,0.002,0.0001,-0.0002,0.00015
23.1,0.386798,-0.20318,9.91049,-0.00987915,-0.0185569,0.0995622,0.377575,-0.197832,9.90666,-0.00983915,-0.0189718,0.0999561,0.01,-0.005,0.002,0.0001,-0.0002,0.00015
23.2,0.383767,-0.210312,9.89829,-0.00898667,-0.0200353,0.101244,0.374892,-0.205251,9.89484,-0.00993743,-0.0187833,0.10013,0.01,-0.005,0.002,0.0001,-0.0002,0.00015
23.3,0.367577,-0.208969,9.9058,-0.0100346,-0.0177973,0.100067,0.357027,-0.202178,9.90325,-0.00978992,-0.0185823,0.100028,0.01,-0.005,0.002,0.0001,-0.0002,0.00015
23.4,0.365434,-0.21148,9.90517,-0.0104422,-0.0191873,0.100317,0.355381,-0.206406,9.90191,-0.0100983,-0.0187862,0.0998701,0.01,-0.005,0.002,0.0001,-0.0002,0.00015
23.5,0.363103,-0.217837,9.91357,-0.00956729,-0.0186854,0.100256,0.351148,-0.213941,9.91192,-0.00993136,-0.0185362,0.100029,0.01,-0.005,0.002,0.0001,-0.0002,0.00015
23.6,0.368693,-0.227318,9.90639,-0.00941308,-0.017196,0.100637,0.357761,-0.22265,9.90548,-0.00993039,-0.0181908,0.0999937,0.01,-0.005,0.002,0.0001,-0.0002,0.00015
23.7,0.354643,-0.229073,9.90854,-0.0105688,-0.0183924,0.101582,0.343376,-0.222594,9.90522,-0.0100343,-0.0182618,0.100167,0.01,-0.005,0.002,0.0001,-0.0002,0.00015
23.8,0.355534,-0.218535,9.90586,-0.0100628,-0.0190728,0.0993422,0.344836,-0.213723,9.90399,-0.0098683,-0.0182477,0.0999958,0.01,-0.005,0.002,0.0001,-0.0002,0.00015
23.9,0.346901,-0.226423,9.91151,-0.0111455,-0.0192478,0.1005,0.336613,-0.220867,9.91142,-0.00989013,-0.018124,0.100111,0.01,-0.005,0.002,0.0001,-0.0002,0.00015
24,0.347442,-0.227606,9.904,-0.00935552,-0.0190181,0.100068,0.336698,-0.222012,9.90287,-0.0099365,-0.0179893,0.10001,0.01,-0.005,0.002,0.0001,-0.0002,0.00015
24.1,0.34922,-0.231625,9.9113,-0.00888074,-0.0193662,0.0987835,0.338547,-0.226955,9.90913,-0.00982534,-0.017811,0.100041,0.01,-0.005,0.002,0.0001,-0.0002,0.00015
24.2,0.34475,-0.236807,9.89927,-0.00970125,-0.0188209,0.10063,0.335911,-0.233051,9.89598,-0.00990586,-0.0176883,0.100087,0.01,-0.005,0.002,0.0001,-0.0002,0.00015
24.3,0.343055,-0.240364,9.90325,-0.00836167,-0.017455,0.101338,0.332889,-0.234106,9.90461,-0.00988927,-0.0176875,0.0999262,0.01,-0.005,0.002,0.0001,-0.0002,0.00015
24.4,0.331617,-0.236056,9.90004,-0.0103451,-0.0169782,0.100941,0.322223,-0.229388,9.89861,-0.00990042,-0.0173772,0.0996481,0.01,-0.005,0.002,0.0001,-0.0002,0.00015
24.5,0.335312,-0.241436,9.90341,-0.00864737,-0.017375,0.10102,0.324345,-0.237727,9.90232,-0.00982635,-0.0173115,0.0999854,0.01,-0.005,0.002,0.0001,-0.0002,0.00015
24.6,0.328912,-0.238463,9.90511,-0.0105979,-0.0168853,0.0995203,0.320497,-0.234903,9.90225,-0.00984441,-0.0170395,0.0999371,0.01,-0.005,0.002,0.0001,-0.0002,0.00015
24.7,0.321031,-0.236871,9.90831,-0.0105008,-0.0170575,0.0987314,0.310012,-0.231799,9.90706,-0.00958753,-0.016885,0.100013,0.01,-0.005,0.002,0.0001,-0.0002,0.00015
24.8,0.316517,-0.245405,9.90261,-0.00787617,-0.0179065,0.0990287,0.307432,-0.239014,9.90011,-0.00948111,-0.0167726,0.099958,0.01,-0.005,0.002,0.0001,-0.0002,0.00015
24.9,0.320699,-0.245819,9.91053,-0.00949192,-0.0156391,0.100128,0.309981,-0.241429,9.90691,-0.00962853,-0.0165458,0.100063,0.01,-0.005,0.002,0.0001,-0.0002,0.00015
25,0.312368,-0.255504,9.90446,-0.0103709,-0.0166455,0.0996015,0.30107,-0.248788,9.90061,-0.00939926,-0.0165391,0.0998378,0.01,-0.005,0.002,0.0001,-0.0002,0.00015
25.1,0.298769,-0.247207,9.89901,-0.00932113,-0.0174445,0.0980767,0.289075,-0.241217,9.89888,-0.00942059,-0.016258,0.10005,0.01,-0.005,0.002,0.0001,-0.0002,0.00015
25.2,0.289178,-0.241715,9.90132,-0.00891965,-0.0174527,0.0990321,0.278636,-0.236883,9.89931,-0.0094177,-0.0161153,0.0999777,0.01,-0.005,0.002,0.0001,-0.0002,0.00015
25.3,0.298453,-0.256472,9.90628,-0.0112145,-0.0163166,0.100307,0.288095,-0.250639,9.90358,-0.00940428,-0.0160572,0.0999237,0.01,-0.005,0.002,0.0001,-0.0002,0.00015
25.4,0.296466,-0.25295,9.90632,-0.00921024,-0.0161567,0.100413,0.286156,-0.248397,9.90512,-0.00926089,-0.0157158,0.100011,0.01,-0.005,0.002,0.0001,-0.0002,0.00015
25.5,0.290553,-0.258012,9.91674,-0.00895078,-0.0160801,0.100432,0.281208,-0.250904,9.91484,-0.00934802,-0.0153915,0.0999984,0.01,-0.005,0.002,0.0001,-0.0002,0.00015
25.6,0.281817,-0.258898,9.91231,-0.00997757,-0.013575,0.0999692,0.272056,-0.252497,9.90922,-0.0091686,-0.0154181,0.100065,0.01,-0.005,0.002,0.0001,-0.0002,0.00015
25.7,0.285295,-0.263732,9.91418,-0.0072645,-0.014716,0.101771,0.273421,-0.256409,9.91389,-0.00913967,-0.0151777,0.0999688,0.01,-0.005,0.002,0.0001,-0.0002,0.00015
25.8,0.277723,-0.264437,9.91243,-0.0105865,-0.0142968,0.100317,0.268443,-0.258487,9.91172,-0.00904634,-0.0150296,0.100068,0.01,-0.005,0.002,0.0001,-0.0002,0.00015
25.9,0.265171,-0.26826,9.91142,-0.00987714,-0.0160197,0.101812,0.256942,-0.263687,9.90898,-0.00879434,-0.0148118,0.100093,0.01,-0.005,0.002,0.0001,-0.0002,0.00015
26,0.261639,-0.264163,9.90612,-0.00705123,-0.0152403,0.0995424,0.250558,-0.258636,9.90394,-0.00869649,-0.0145742,0.0998338,0.01,-0.005,0.002,0.0001,-0.0002,0.00015
26.1,0.261381,-0.268822,9.91031,-0.00813714,-0.0138015,0.0995954,0.250987,-0.264011,9.90792,-0.0088084,-0.0142996,0.100017,0.01,-0.005,0.002,0.0001,-0.0002,0.00015
26.2,0.261062,-0.273634,9.89663,-0.00780433,-0.0126306,0.100145,0.250387,-0.266993,9.89384,-0.00864659,-0.0139673,0.0999607,0.01,-0.005,0.002,0.0001,-0.0002,0.00015
26.3,0.254742,-0.27487,9.90772,-0.0082055,-0.0134571,0.0990915,0.244321,-0.268348,9.90538,-0.00843788,-0.0138709,0.0999303,0.01,-0.005,0.002,0.0001,-0.0002,0.00015
26.4,0.239,-0.268846,9.90512,-0.00912511,-0.0152222,0.101376,0.230368,-0.265838,9.90439,-0.00855321,-0.0137401,0.100113,0.01,-0.005,0.002,0.0001,-0.0002,0.00015
26.5,0.247429,-0.272907,9.90566,-0.00847832,-0.0160769,0.0998821,0.236658,-0.269684,9.90228,-0.00829161,-0.0136637,0.100041,0.01,-0.005,0.002,0.0001,-0.0002,0.00015
26.6,0.245025,-0.275552,9.91132,-0.00964822,-0.013303,0.0981997,0.234369,-0.271408,9.90887,-0.00819549,-0.0132817,0.100062,0.01,-0.005,0.002,0.0001,-0.0002,0.00015
26.7,0.246415,-0.266287,9.90937,-0.00768553,-0.0125409,0.101259,0.236534,-0.263392,9.90724,-0.0081161,-0.0130714,0.0999231,0.01,-0.005,0.002,0.0001,-0.0002,0.00015
26.8,0.235737,-0.275599,9.91151,-0.00699041,-0.0135058,0.0988845,0.224584,-0.271056,9.90933,-0.00800077,-0.0127988,0.0999281,0.01,-0.005,0.002,0.0001,-0.0002,0.00015
26.9,0.232605,-0.278477,9.91352,-0.00700522,-0.0130244,0.0983734,0.221705,-0.272731,9.91046,-0.00787496,-0.0125922,0.0999207,0.01,-0.005,0.002,0.0001,-0.0002,0.00015
27,0.218612,-0.275175,9.89762,-0.00952981,-0.0119071,0.0990113,0.208995,-0.269355,9.89526,-0.00761297,-0.0122698,0.100005,0.01,-0.005,0.002,0.0001,-0.0002,0.00015
27.1,0.220669,-0.28364,9.90127,-0.0071927,-0.0111909,0.0990501,0.209464,-0.279877,9.8995,-0.00760984,-0.0120182,0.0999545,0.01,-0.005,0.002,0.0001,-0.0002,0.00015
27.2,0.222767,-0.273867,9.91792,-0.00831927,-0.0127818,0.10037,0.213129,-0.269117,9.91456,-0.00734245,-0.0118255,0.0999466,0.01,-0.005,0.002,0.0001,-0.0002,0.00015
27.3,0.210307,-0.279362,9.90771,-0.00611188,-0.0114114,0.0997552,0.200149,-0.273988,9.90558,-0.00745708,-0.0114708,0.0999104,0.01,-0.005,0.002,0.0001,-0.0002,0.00015
27.4,0.208343,-0.289177,9.90543,-0.00554177,-0.0120324,0.100187,0.199436,-0.282898,9.90245,-0.00705373,-0.0113638,0.099989,0.01,-0.005,0.002,0.0001,-0.0002,0.00015
27.5,0.202169,-0.27419,9.90582,-0.0051977,-0.0101011,0.10054,0.192311,-0.270285,9.90479,-0.00702452,-0.0110987,0.0999347,0.01,-0.005,0.002,0.0001,-0.0002,0.00015
27.6,0.199442,-0.276081,9.91277,-0.00645705,-0.010056,0.100185,0.189774,-0.271714,9.9123,-0.00675742,-0.0107913,0.10001,0.01,-0.005,0.002,0.0001,-0.0002,0.00015
27.7,0.192867,-0.285501,9.91777,-0.00696804,-0.0101909,0.101124,0.182862,-0.279554,9.91328,-0.00652665,-0.0105638,0.099991,0.01,-0.005,0.002,0.0001,-0.0002,0.00015
27.8,0.182999,-0.292411,9.90807,-0.00499992,-0.0104504,0.0993041,0.172545,-0.287317,9.90699,-0.00671409,-0.0103718,0.10007,0.01,-0.005,0.002,0.0001,-0.0002,0.00015
27.9,0.186186,-0.287531,9.90897,-0.00712394,-0.00958656,0.101501,0.176499,-0.282903,9.90744,-0.00645827,-0.0100477,0.100002,0.01,-0.005,0.002,0.0001,-0.0002,0.00015
28,0.167007,-0.287734,9.9122,-0.00495177,-0.0105168,0.0998163,0.156713,-0.282462,9.91069,-0.00631562,-0.00988143,0.100068,0.01,-0.005,0.002,0.0001,-0.0002,0.00015
28.1,0.178057,-0.290026,9.91842,-0.00469357,-0.00883883,0.0997567,0.169976,-0.285834,9.91374,-0.0061255,-0.00954435,0.0998327,0.01,-0.005,0.002,0.0001,-0.0002,0.00015
28.2,0.165431,-0.292023,9.9078,-0.00580826,-0.00985818,0.099218,0.157028,-0.289025,9.90632,-0.00583211,-0.00946203,0.100001,0.01,-0.005,0.002,0.0001,-0.0002,0.00015
28.3,0.171204,-0.29196,9.90457,-0.00454175,-0.00839641,0.100328,0.161241,-0.286849,9.90401,-0.00579238,-0.00892824,0.100083,0.01,-0.005,0.002,0.0001,-0.0002,0.00015
28.4,0.151733,-0.295049,9.90885,-0.00529919,-0.00879387,0.0991832,0.142944,-0.289664,9.90663,-0.0056239,-0.00868908,0.100045,0.01,-0.005,0.002,0.0001,-0.0002,0.00015
28.5,0.156213,-0.290897,9.91559,-0.00650272,-0.0085997,0.10026,0.146507,-0.286521,9.91447,-0.00544686,-0.00857577,0.099793,0.01,-0.005,0.002,0.0001,-0.0002,0.00015
28.6,0.147183,-0.305136,9.903,-0.0033553,-0.00850238,0.0997238,0.135634,-0.300647,9.90347,-0.00532471,-0.00817696,0.0998305,0.01,-0.005,0.002,0.0001,-0.0002,0.00015
28.7,0.152477,-0.288534,9.91204,-0.00449129,-0.00747239,0.0990947,0.142176,-0.283301,9.91117,-0.00518207,-0.00796675,0.099925,0.01,-0.005,0.002,0.0001,-0.0002,0.00015
28.8,0.146623,-0.286775,9.90915,-0.00343848,-0.00600293,0.100527,0.137054,-0.281163,9.90824,-0.00497097,-0.00771853,0.100005,0.01,-0.005,0.002,0.0001,-0.0002,0.00015
28.9,0.133645,-0.29377,9.91215,-0.00343257,-0.00674941,0.100663,0.12419,-0.289514,9.90917,-0.00495188,-0.00754917,0.100051,0.01,-0.005,0.002,0.0001,-0.0002,0.00015
29,0.127918,-0.307181,9.91427,-0.00337785,-0.00838705,0.100073,0.118796,-0.301872,9.91282,-0.00454582,-0.00708135,0.0999023,0.01,-0.005,0.002,0.0001,-0.0002,0.00015
29.1,0.133192,-0.300328,9.92325,-0.00327777,-0.00731815,0.0997384,0.124101,-0.295677,9.92059,-0.0043084,-0.00682195,0.0999591,0.01,-0.005,0.002,0.0001,-0.0002,0.00015
29.2,0.119732,-0.303734,9.90162,-0.00389102,-0.00688346,0.0998291,0.109539,-0.300557,9.8999,-0.00423691,-0.00651564,0.100044,0.01,-0.005,0.002,0.0001,-0.0002,0.00015
29.3,0.113396,-0.295753,9.915,-0.00163174,-0.00566765,0.102202,0.104685,-0.291042,9.91182,-0.00393029,-0.00633041,0.100029,0.01,-0.005,0.002,0.0001,-0.0002,0.00015
29.4,0.11253,-0.298297,9.91441,-0.00400992,-0.0056561,0.101367,0.103049,-0.293002,9.91076,-0.00395688,-0.00598072,0.0999055,0.01,-0.005,0.002,0.0001,-0.0002,0.00015
29.5,0.110413,-0.299994,9.90994,-0.00429975,-0.00571411,0.1009,0.0996899,-0.292881,9.90733,-0.00369363,-0.00572002,0.0999295,0.01,-0.005,0.002,0.0001,-0.0002,0.00015
29.6,0.09903,-0.305205,9.91182,-0.00316681,-0.00573941,0.10077,0.0876356,-0.299379,9.90954,-0.00349201,-0.00559406,0.0999504,0.01,-0.005,0.002,0.0001,-0.0002,0.00015
29.7,0.0971247,-0.305136,9.9146,-0.00293359,-0.00533081,0.0998466,0.0863262,-0.299914,9.9125,-0.00329854,-0.0052245,0.0998205,0.01,-0.005,0.002,0.0001,-0.0002,0.00015
29.8,0.0838876,-0.301393,9.91154,-0.00392002,-0.0051775,0.0990843,0.0745324,-0.295205,9.91026,-0.00320842,-0.00485387,0.0999703,0.01,-0.005,0.002,0.0001,-0.0002,0.00015
29.9,0.0856685,-0.303149,9.91394,-0.00262317,-0.00452223,0.101313,0.075897,-0.297564,9.91026,-0.0029153,-0.00444927,0.0999797,0.01,-0.005,0.002,0.0001,-0.0002,0.00015
30,0.0723849,-0.306995,9.92035,-0.000601942,-0.00481064,0.101117,0.0627215,-0.301466,9.91801,-0.00293449,-0.0042092,0.100138,0.01,-0.005,0.002,0.0001,-0.0002,0.00015
30.1,0.0781604,-0.295762,9.91328,-0.000444079,-0.0052264,0.100839,0.0676925,-0.291979,9.90996,-0.00247491,-0.00419268,0.100036,0.01,-0.005,0.002,0.0001,-0.0002,0.00015
30.2,0.0617535,-0.302138,9.91182,-0.00336459,-0.00494131,0.0993152,0.0519085,-0.298079,9.90992,-0.00248026,-0.00352496,0.100019,0.01,-0.005,0.002,0.0001,-0.0002,0.00015
30.3,0.0628713,-0.30483,9.91509,-0.00357125,-0.00495788,0.101074,0.0544901,-0.299846,9.91443,-0.00225177,-0.0033496,0.0998797,0.01,-0.005,0.002,0.0001,-0.0002,0.00015
30.4,0.0621874,-0.304141,9.91066,-0.000181656,-0.00343441,0.100166,0.0522015,-0.297951,9.90955,-0.00216122,-0.0032424,0.0999881,0.01,-0.005,0.002,0.0001,-0.0002,0.00015
30.5,0.047042,-0.314045,9.909,-0.00230235,-0.00228774,0.0995709,0.0390407,-0.308776,9.90852,-0.00181155,-0.00285891,0.0999187,0.01,-0.005,0.002,0.0001,-0.0002,0.00015
30.6,0.0585616,-0.31853,9.92242,-0.0025722,-0.00124305,0.100832,0.047094,-0.312296,9.9207,-0.00164476,-0.00251477,0.0997681,0.01,-0.005,0.002,0.0001,-0.0002,0.00015
30.7,0.04705,-0.303207,9.90977,-0.00163261,-0.00238377,0.1006,0.0361818,-0.297387,9.90838,-0.00150554,-0.00225078,0.100084,0.01,-0.005,0.002,0.0001,-0.0002,0.00015
30.8,0.0389451,-0.306188,9.90192,-0.000681521,-0.00218602,0.101228,0.0290476,-0.300852,9.89997,-0.0011577,-0.0017963,0.100104,0.01,-0.005,0.002,0.0001,-0.0002,0.00015
30.9,0.0365589,-0.29698,9.91367,0.000331224,-0.00169634,0.101099,0.0257022,-0.291945,9.91127,-0.00100035,-0.00156457,0.10017,0.01,-0.005,0.002,0.0001,-0.0002,0.00015
31,0.0290229,-0.306076,9.91491,0.000747158,-0.00108555,0.099846,0.018384,-0.300958,9.91453,-0.000647391,-0.00123602,0.100064,0.01,-0.005,0.002,0.0001,-0.0002,0.00015
31.1,0.0277598,-0.313967,9.91108,-0.000555429,-0.00127076,0.101071,0.0186789,-0.309675,9.90747,-0.000704354,-0.000903133,0.10001,0.01,-0.005,0.002,0.0001,-0.0002,0.00015
31.2,0.0235576,-0.314442,9.91956,-0.000352051,-0.00102475,0.0994753,0.0143192,-0.309615,9.91652,-0.000414174,-0.000588298,0.09987,0.01,-0.005,0.002,0.0001,-0.0002,0.00015
31.3,0.0229869,-0.311869,9.91075,0.00109263,0.000104746,0.0997009,0.0119429,-0.307558,9.9075,-0.00023843,-0.000389521,0.0999654,0.01,-0.005,0.002,0.0001,-0.0002,0.00015
31.4,0.0121973,-0.312923,9.91832,0.000581449,-0.00110644,0.100058,0.0016286,-0.307448,9.91868,-0.000167213,-2.92947e-05,0.0999503,0.01,-0.005,0.002,0.0001,-0.0002,0.00015
31.5,0.00700591,-0.30551,9.91023,-0.000600646,-1.29097e-06,0.0975127,-0.00433498,-0.300498,9.90799,0.000222706,0.000384947,0.0999294,0.01,-0.005,0.002,0.0001,-0.0002,0.00015
31.6,-0.00497683,-0.303632,9.90583,-0.000716922,0.00153991,0.1019,-0.0152982,-0.299152,9.90434,0.000279137,0.000638832,0.100242,0.01,-0.005,0.002,0.0001,-0.0002,0.00015
31.7,-0.000562186,-0.308257,9.92237,0.00165925,-0.0011451,0.0989717,-0.0104484,-0.303423,9.91997,0.000378407,0.000831077,0.0999568,0.01,-0.005,0.002,0.0001,-0.0002,0.00015
31.8,0.00223464,-0.30288,9.90724,0.000421813,0.00118873,0.100964,-0.00679974,-0.298195,9.90471,0.000776317,0.00113441,0.100035,0.01,-0.005,0.002,0.0001,-0.0002,0.00015
31.9,-0.0238831,-0.315669,9.90674,-0.000605679,0.000266064,0.0982537,-0.0362469,-0.310413,9.90612,0.000920076,0.00130863,0.0999504,0.01,-0.005,0.002,0.0001,-0.0002,0.00015
32,-0.0172632,-0.297553,9.90469,0.00139645,0.000950595,0.0984292,-0.0264662,-0.294463,9.90213,0.00130427,0.0018057,0.100035,0.01,-0.005,0.002,0.0001,-0.0002,0.00015
32.1,-0.0248759,-0.303525,9.90993,-0.000921698,5.54584e-05,0.10028,-0.0343272,-0.300155,9.90943,0.00142131,0.00200086,0.100005,0.01,-0.005,0.002,0.0001,-0.0002,0.00015
32.2,-0.0250254,-0.302907,9.9159,0.00138231,0.00238494,0.100035,-0.0367102,-0.297547,9.91336,0.00151575,0.00258074,0.0998763,0.01,-0.005,0.002,0.0001,-0.0002,0.00015
32.3,-0.0306477,-0.308096,9.91856,0.00165516,0.0017788,0.0991882,-0.0397369,-0.303316,9.91659,0.00187015,0.00264332,0.0999041,0.01,-0.005,0.002,0.0001,-0.0002,0.00015
32.4,-0.0433737,-0.308666,9.91961,0.00221758,0.00145235,0.0998747,-0.0527199,-0.302625,9.9163,0.00203245,0.00287231,0.0999701,0.01,-0.005,0.002,0.0001,-0.0002,0.00015
32.5,-0.048693,-0.308719,9.90973,0.000719109,0.00346301,0.100042,-0.0592504,-0.302653,9.90822,0.00222602,0.00324123,0.0998612,0.01,-0.005,0.002,0.0001,-0.0002,0.00015
32.6,-0.0607762,-0.303893,9.89867,0.00298544,0.00464046,0.101418,-0.0700885,-0.297575,9.89579,0.00227637,0.0033906,0.100043,0.01,-0.005,0.002,0.0001,-0.0002,0.00015
32.7,-0.0527193,-0.309941,9.90975,0.0026144,0.00315358,0.101948,-0.0639021,-0.304127,9.90824,0.00247777,0.00366419,0.100004,0.01,-0.005,0.002,0.0001,-0.0002,0.00015
32.8,-0.0597415,-0.307248,9.89599,0.00445215,0.00336868,0.0980301,-0.0710314,-0.301719,9.89481,0.00255801,0.00393147,0.0999955,0.01,-0.005,0.002,0.0001,-0.0002,0.00015
32.9,-0.0662364,-0.29885,9.90651,0.00377205,0.00381814,0.101755,-0.0769005,-0.294681,9.90469,0.00313424,0.00459887,0.100016,0.01,-0.005,0.002,0.0001,-0.0002,0.00015
33,-0.0686888,-0.298319,9.91473,0.00331481,0.00571887,0.0985278,-0.0791173,-0.293723,9.91268,0.00313353,0.00476242,0.100111,0.01,-0.005,0.002,0.0001,-0.0002,0.00015
33.1,-0.0750997,-0.307541,9.91309,0.00353905,0.00671663,0.0998582,-0.0860568,-0.303692,9.91487,0.00342678,0.00497844,0.0999616,0.01,-0.005,0.002,0.0001,-0.0002,0.00015
33.2,-0.073201,-0.302493,9.92099,0.00319884,0.00275737,0.0999468,-0.0805658,-0.297418,9.91809,0.0034795,0.00514653,0.0999776,0.01,-0.005,0.002,0.0001,-0.0002,0.00015
33.3,-0.0912868,-0.302368,9.91438,0.00358857,0.00694463,0.101297,-0.100602,-0.298586,9.91214,0.00351552,0.00564107,0.100083,0.01,-0.005,0.002,0.0001,-0.0002,0.00015
33.4,-0.0916046,-0.298242,9.91306,0.00475953,0.00746676,0.0983465,-0.100876,-0.293732,9.91055,0.00376285,0.00580226,0.100055,0.01,-0.005,0.002,0.0001,-0.0002,0.00015
33.5,-0.0945763,-0.307162,9.91458,0.00364219,0.00510317,0.101533,-0.104563,-0.300815,9.91338,0.00415988,0.00600414,0.0999812,0.01,-0.005,0.002,0.0001,-0.0002,0.00015
33.6,-0.0957719,-0.295393,9.91897,0.00462432,0.0058913,0.100043,-0.105969,-0.290775,9.91696,0.0041867,0.00647471,0.100025,0.01,-0.005,0.002,0.0001,-0.0002,0.00015
33.7,-0.100894,-0.292837,9.90535,0.00518452,0.00848075,0.100233,-0.109943,-0.289738,9.90243,0.00448641,0.00654467,0.100066,0.01,-0.005,0.002,0.0001,-0.0002,0.00015
33.8,-0.107212,-0.297015,9.91081,0.00665841,0.00768354,0.0976674,-0.116689,-0.293405,9.90965,0.00451732,0.00712046,0.100127,0.01,-0.005,0.002,0.0001,-0.0002,0.00015
33.9,-0.116098,-0.302849,9.91923,0.00617495,0.00658756,0.103051,-0.125696,-0.298379,9.91781,0.00488854,0.00730848,0.100045,0.01,-0.005,0.002,0.0001,-0.0002,0.00015
34,-0.117191,-0.296628,9.91476,0.00370803,0.00648848,0.0996129,-0.128303,-0.289997,9.91476,0.00506374,0.00738053,0.099998,0.01,-0.005,0.002,0.0001,-0.0002,0.00015
34.1,-0.13345,-0.302366,9.90745,0.00527859,0.00822987,0.101311,-0.142051,-0.298326,9.90551,0.00492294,0.00768679,0.100167,0.01,-0.005,0.002,0.0001,-0.0002,0.00015
34.2,-0.135153,-0.29157,9.91048,0.00500234,0.00762136,0.0988674,-0.144296,-0.288772,9.90736,0.00524011,0.00825031,0.0997449,0.01,-0.005,0.002,0.0001,-0.0002,0.00015
34.3,-0.134434,-0.300133,9.91732,0.00515636,0.00795724,0.0990709,-0.143432,-0.296559,9.91497,0.00560105,0.0084095,0.100062,0.01,-0.005,0.002,0.0001,-0.0002,0.00015
34.4,-0.131497,-0.29274,9.90985,0.00541762,0.0069234,0.100723,-0.142908,-0.287171,9.90779,0.00550016,0.0086766,0.0998549,0.01,-0.005,0.002,0.0001,-0.0002,0.00015
34.5,-0.135271,-0.283549,9.91276,0.00518314,0.00937799,0.10131,-0.146674,-0.278086,9.912,0.00579942,0.00893824,0.099947,0.01,-0.005,0.002,0.0001,-0.0002,0.00015
34.6,-0.155236,-0.294511,9.92004,0.00638212,0.00892458,0.101422,-0.165841,-0.289346,9.91899,0.00576864,0.00900726,0.100079,0.01,-0.005,0.002,0.0001,-0.0002,0.00015
34.7,-0.144157,-0.290492,9.90363,0.00742552,0.0103513,0.0996037,-0.156597,-0.284956,9.90333,0.00611009,0.0094799,0.100059,0.01,-0.005,0.002,0.0001,-0.0002,0.00015
34.8,-0.162538,-0.287868,9.91907,0.00596011,0.00808457,0.100384,-0.173369,-0.284862,9.91734,0.00611494,0.00968868,0.100174,0.01,-0.005,0.002,0.0001,-0.0002,0.00015
34.9,-0.159935,-0.287829,9.91624,0.00532515,0.00882235,0.101464,-0.169766,-0.283657,9.91624,0.00647404,0.00996298,0.100076,0.01,-0.005,0.002,0.0001,-0.0002,0.00015
35,-0.159616,-0.285068,9.91015,0.00724046,0.0104173,0.0996986,-0.170775,-0.281521,9.90893,0.00650124,0.0103456,0.100103,0.01,-0.005,0.002,0.0001,-0.0002,0.00015
35.1,-0.17065,-0.291874,9.91133,0.00816454,0.0115084,0.0982282,-0.181204,-0.287516,9.90653,0.00667378,0.0105982,0.100135,0.01,-0.005,0.002,0.0001,-0.0002,0.00015
35.2,-0.165196,-0.284282,9.90811,0.00732741,0.0111276,0.0997036,-0.175268,-0.279621,9.90617,0.00692574,0.0106549,0.0999881,0.01,-0.005,0.002,0.0001,-0.0002,0.00015
35.3,-0.183731,-0.278107,9.91683,0.00757186,0.0101019,0.100554,-0.194391,-0.273274,9.91391,0.00699448,0.010816,0.100119,0.01,-0.005,0.002,0.0001,-0.0002,0.00015
35.4,-0.183858,-0.27836,9.91087,0.00712251,0.00890714,0.102111,-0.194123,-0.272708,9.90957,0.0072265,0.0113759,0.100092,0.01,-0.005,0.002,0.0001,-0.0002,0.00015
35.5,-0.173468,-0.278454,9.90216,0.00943169,0.0115294,0.101122,-0.184287,-0.273824,9.90098,0.00733426,0.0114146,0.0998981,0.01,-0.005,0.002,0.0001,-0.0002,0.00015
35.6,-0.186244,-0.279338,9.908,0.00873213,0.0115922,0.100095,-0.197333,-0.27204,9.90741,0.00735572,0.0118128,0.100021,0.01,-0.005,0.002,0.0001,-0.0002,0.00015
35.7,-0.197408,-0.286087,9.9177,0.00859636,0.0116513,0.0987547,-0.207172,-0.281295,9.91663,0.0075923,0.0120086,0.100062,0.01,-0.005,0.002,0.0001,-0.0002,0.00015
35.8,-0.198787,-0.286072,9.90969,0.00857517,0.0134124,0.100783,-0.208374,-0.280714,9.90882,0.00772818,0.0122164,0.09995,0.01,-0.005,0.002,0.0001,-0.0002,0.00015
35.9,-0.206579,-0.276963,9.91287,0.00709339,0.0113591,0.100649,-0.213858,-0.271941,9.90971,0.00789326,0.0123397,0.0998518,0.01,-0.005,0.002,0.0001,-0.0002,0.00015
36,-0.20131,-0.269399,9.91128,0.00805472,0.012736,0.101,-0.213323,-0.263119,9.91019,0.00798953,0.0126903,0.100154,0.01,-0.005,0.002,0.0001,-0.0002,0.00015
36.1,-0.210416,-0.26842,9.90585,0.0085549,0.0125475,0.0996668,-0.219786,-0.263767,9.90446,0.00791141,0.0127198,0.0997839,0.01,-0.005,0.002,0.0001,-0.0002,0.00015
36.2,-0.218756,-0.278909,9.91115,0.00880724,0.0133512,0.0988201,-0.22743,-0.275383,9.90964,0.00830307,0.0129625,0.0999648,0.01,-0.005,0.002,0.0001,-0.0002,0.00015
36.3,-0.227002,-0.283771,9.91094,0.00756904,0.0132422,0.0984583,-0.236837,-0.276779,9.90781,0.00831683,0.0133158,0.100231,0.01,-0.005,0.002,0.0001,-0.0002,0.00015
36.4,-0.228971,-0.267005,9.9034,0.0079393,0.0131127,0.101409,-0.238155,-0.261587,9.90126,0.00840447,0.0136209,0.0999729,0.01,-0.005,0.002,0.0001,-0.0002,0.00015
36.5,-0.234461,-0.27967,9.91312,0.0094814,0.013618,0.100474,-0.24403,-0.274342,9.91107,0.00840886,0.0136793,0.0999854,0.01,-0.005,0.002,0.0001,-0.0002,0.00015
36.6,-0.236691,-0.273855,9.91585,0.00980492,0.0147412,0.100152,-0.246676,-0.26791,9.91348,0.00853573,0.0140016,0.0999908,0.01,-0.005,0.002,0.0001,-0.0002,0.00015
36.7,-0.244304,-0.26959,9.91303,0.00960869,0.0132404,0.099131,-0.255129,-0.263337,9.90989,0.00883619,0.0140931,0.0999627,0.01,-0.005,0.002,0.0001,-0.0002,0.00015
36.8,-0.243706,-0.265342,9.91904,0.00771624,0.0125654,0.101468,-0.254288,-0.25977,9.91694,0.00902737,0.0143499,0.100101,0.01,-0.005,0.002,0.0001,-0.0002,0.00015
36.9,-0.248011,-0.262689,9.91321,0.0100634,0.0135639,0.102064,-0.259489,-0.256744,9.91231,0.00877481,0.0146747,0.100078,0.01,-0.005,0.002,0.0001,-0.0002,0.00015
37,-0.252534,-0.264372,9.89776,0.0101376,0.0151104,0.101054,-0.262323,-0.259528,9.89714,0.00899316,0.0150357,0.100053,0.01,-0.005,0.002,0.0001,-0.0002,0.00015
37.1,-0.25692,-0.255912,9.90529,0.0102561,0.0149239,0.0993897,-0.265545,-0.252053,9.90359,0.00905786,0.0149479,0.0998759,0.01,-0.005,0.002,0.0001,-0.0002,0.00015
37.2,-0.268691,-0.264177,9.91081,0.00850695,0.0162414,0.100184,-0.278545,-0.258039,9.90906,0.00922348,0.0152943,0.100273,0.01,-0.005,0.002,0.0001,-0.0002,0.00015
37.3,-0.26356,-0.253843,9.91615,0.00799752,0.0151135,0.102013,-0.273173,-0.246978,9.91356,0.00924964,0.0154753,0.10008,0.01,-0.005,0.002,0.0001,-0.0002,0.00015
37.4,-0.267632,-0.247607,9.90451,0.00896985,0.0143549,0.101364,-0.278101,-0.243495,9.90286,0.00920092,0.0157024,0.0999164,0.01,-0.005,0.002,0.0001,-0.0002,0.00015
37.5,-0.272021,-0.254047,9.90895,0.00768929,0.0159166,0.0995668,-0.282265,-0.247112,9.90794,0.00934553,0.0159402,0.0999739,0.01,-0.005,0.002,0.0001,-0.0002,0.00015
37.6,-0.293793,-0.256677,9.90889,0.00981042,0.0152084,0.0989762,-0.303175,-0.250435,9.90734,0.00950083,0.0160856,0.100041,0.01,-0.005,0.002,0.0001,-0.0002,0.00015
37.7,-0.288372,-0.250766,9.91808,0.0101637,0.0165008,0.100824,-0.299067,-0.242869,9.9171,0.00948869,0.0162566,0.100146,0.01,-0.005,0.002,0.0001,-0.0002,0.00015
37.8,-0.291181,-0.253131,9.91306,0.00933346,0.016379,0.100017,-0.301356,-0.24836,9.90933,0.00966425,0.0162154,0.100062,0.01,-0.005,0.002,0.0001,-0.0002,0.00015
37.9,-0.293876,-0.240851,9.90318,0.010615,0.016981,0.100495,-0.302888,-0.235,9.8984,0.00963037,0.0166045,0.100037,0.01,-0.005,0.002,0.0001,-0.0002,0.00015
38,-0.296653,-0.248014,9.9065,0.00971908,0.0170944,0.100508,-0.305182,-0.245004,9.90582,0.00967805,0.0166683,0.100092,0.01,-0.005,0.002,0.0001,-0.0002,0.00015
38.1,-0.304678,-0.241029,9.90863,0.00950432,0.0189773,0.100678,-0.316147,-0.235061,9.90626,0.00973082,0.0168186,0.100093,0.01,-0.005,0.002,0.0001,-0.0002,0.00015
38.2,-0.302628,-0.241133,9.89421,0.0104805,0.0164941,0.101228,-0.312783,-0.23678,9.89303,0.00986681,0.0169363,0.100008,0.01,-0.005,0.002,0.0001,-0.0002,0.00015
38.3,-0.30364,-0.231913,9.90881,0.0116627,0.0155725,0.101204,-0.313855,-0.22486,9.90667,0.00982484,0.0171232,0.100218,0.01,-0.005,0.002,0.0001,-0.0002,0.00015
38.4,-0.312572,-0.238239,9.90809,0.00999161,0.016512,0.100075,-0.323331,-0.233323,9.90592,0.00986806,0.0176221,0.0999927,0.01,-0.005,0.002,0.0001,-0.0002,0.00015
38.5,-0.312785,-0.229166,9.912,0.00950097,0.0182645,0.101102,-0.322447,-0.223633,9.91065,0.00998137,0.0173487,0.099921,0.01,-0.005,0.002,0.0001,-0.0002,0.00015
38.6,-0.311319,-0.230507,9.90962,0.00966134,0.0189665,0.101031,-0.321369,-0.223285,9.90697,0.00989226,0.0174272,0.100144,0.01,-0.005,0.002,0.0001,-0.0002,0.00015
38.7,-0.325326,-0.229941,9.89895,0.010193,0.018526,0.100762,-0.334323,-0.225475,9.89604,0.00995039,0.0176303,0.100045,0.01,-0.005,0.002,0.0001,-0.0002,0.00015
38.8,-0.324168,-0.220453,9.90512,0.00880228,0.0187138,0.100308,-0.332456,-0.215662,9.90289,0.0100739,0.0176828,0.0999907,0.01,-0.005,0.002,0.0001,-0.0002,0.00015
38.9,-0.333571,-0.221392,9.90098,0.0112221,0.0170354,0.101857,-0.343476,-0.218241,9.89902,0.0100975,0.0179021,0.100085,0.01,-0.005,0.002,0.0001,-0.0002,0.00015
39,-0.328238,-0.228409,9.90937,0.010224,0.0181533,0.100408,-0.337862,-0.225124,9.9069,0.0100261,0.0179475,0.100012,0.01,-0.005,0.002,0.0001,-0.0002,0.00015
39.1,-0.325661,-0.208525,9.90184,0.00972685,0.0192496,0.0996203,-0.336264,-0.202984,9.90024,0.010144,0.0181805,0.100084,0.01,-0.005,0.002,0.0001,-0.0002,0.00015
39.2,-0.335664,-0.219709,9.89967,0.0102801,0.0174766,0.10082,-0.344966,-0.213353,9.8966,0.0100628,0.0184546,0.100189,0.01,-0.005,0.002,0.0001,-0.0002,0.00015
39.3,-0.349458,-0.211705,9.90391,0.0101567,0.0169974,0.099554,-0.357611,-0.208701,9.90307,0.010104,0.0185197,0.0999822,0.01,-0.005,0.002,0.0001,-0.0002,0.00015
39.4,-0.35267,-0.223801,9.90095,0.0115073,0.0193715,0.0978234,-0.363278,-0.218712,9.89985,0.010122,0.0187545,0.100089,0.01,-0.005,0.002,0.0001,-0.0002,0.00015
39.5,-0.357094,-0.214245,9.90517,0.00974871,0.0166661,0.0987422,-0.366765,-0.209717,9.90111,0.00996784,0.018551,0.100154,0.01,-0.005,0.002,0.0001,-0.0002,0.00015
39.6,-0.352082,-0.209127,9.90294,0.00972478,0.0205483,0.0999001,-0.362514,-0.203093,9.90153,0.00985532,0.0189309,0.100031,0.01,-0.005,0.002,0.0001,-0.0002,0.00015
39.7,-0.357703,-0.220608,9.8976,0.0113871,0.0202136,0.0990081,-0.367158,-0.216055,9.89693,0.010218,0.0188842,0.100187,0.01,-0.005,0.002,0.0001,-0.0002,0.00015
39.8,-0.360073,-0.203525,9.90483,0.0107175,0.0187401,0.0983305,-0.372156,-0.198755,9.90229,0.0100305,0.0190012,0.0999552,0.01,-0.005,0.002,0.0001,-0.0002,0.00015
39.9,-0.37375,-0.204287,9.89417,0.0118249,0.0217316,0.0985083,-0.38202,-0.199845,9.89328,0.0101316,0.0192123,0.0999242,0.01,-0.005,0.002,0.0001,-0.0002,0.00015
40,-0.368731,-0.204232,9.90137,0.00941679,0.0202943,0.10127,-0.37903,-0.200112,9.89986,0.00996097,0.0191812,0.0999959,0.01,-0.005,0.002,0.0001,-0.0002,0.00015
40.1,-0.376925,-0.208655,9.90996,0.010094,0.0200387,0.100265,-0.386412,-0.202766,9.90757,0.00983385,0.0191399,0.0999552,0.01,-0.005,0.002,0.0001,-0.0002,0.00015
40.2,-0.362773,-0.209977,9.89894,0.0102036,0.0180274,0.101049,-0.372875,-0.204574,9.89897,0.0098417,0.0194271,0.100088,0.01,-0.005,0.002,0.0001,-0.0002,0.00015
40.3,-0.379513,-0.204886,9.89785,0.0120869,0.0196299,0.100404,-0.389973,-0.200277,9.89593,0.00980745,0.0193256,0.100065,0.01,-0.005,0.002,0.0001,-0.0002,0.00015
40.4,-0.383838,-0.193231,9.8949,0.0112315,0.0202568,0.101037,-0.393471,-0.187393,9.89357,0.00992262,0.0193695,0.0999575,0.01,-0.005,0.002,0.0001,-0.0002,0.00015
40.5,-0.382597,-0.185183,9.90299,0.0115145,0.0200059,0.101813,-0.393359,-0.180802,9.89995,0.00975254,0.0196595,0.100069,0.01,-0.005,0.002,0.0001,-0.0002,0.00015
40.6,-0.381931,-0.199332,9.90089,0.00992078,0.020648,0.1002,-0.391884,-0.192938,9.89873,0.00951743,0.0195587,0.100072,0.01,-0.005,0.002,0.0001,-0.0002,0.00015
40.7,-0.387621,-0.195007,9.90467,0.00918177,0.0181315,0.0993428,-0.39713,-0.188118,9.90224,0.00953846,0.0196221,0.0999882,0.01,-0.005,0.002,0.0001,-0.0002,0.00015
40.8,-0.39627,-0.18432,9.88675,0.00881445,0.0202541,0.0989228,-0.406939,-0.178772,9.88509,0.00933912,0.0196738,0.100091,0.01,-0.005,0.002,0.0001,-0.0002,0.00015
40.9,-0.399567,-0.185784,9.90506,0.0105378,0.0192739,0.101365,-0.409227,-0.179998,9.90303,0.00939917,0.0197567,0.0998765,0.01,-0.005,0.002,0.0001,-0.0002,0.00015
41,-0.393014,-0.18397,9.90767,0.00893487,0.0203101,0.101638,-0.403873,-0.178708,9.90551,0.00938483,0.0198077,0.0998712,0.01,-0.005,0.002,0.0001,-0.0002,0.00015
41.1,-0.399695,-0.174631,9.89462,0.0110744,0.0208346,0.100357,-0.411816,-0.168912,9.89419,0.00932515,0.019891,0.0999298,0.01,-0.005,0.002,0.0001,-0.0002,0.00015
41.2,-0.398663,-0.171015,9.89661,0.00891183,0.0211037,0.0994302,-0.407958,-0.165153,9.89329,0.00911549,0.019936,0.100029,0.01,-0.005,0.002,0.0001,-0.0002,0.00015
41.3,-0.410233,-0.183661,9.89791,0.00940091,0.0191897,0.100511,-0.418827,-0.177027,9.89589,0.0091309,0.0198808,0.0998759,0.01,-0.005,0.002,0.0001,-0.0002,0.00015
41.4,-0.41736,-0.172494,9.89728,0.00976689,0.0196237,0.101188,-0.427674,-0.16865,9.89452,0.0090885,0.0200151,0.100029,0.01,-0.005,0.002,0.0001,-0.0002,0.00015
41.5,-0.416809,-0.163315,9.90872,0.0112815,0.0180997,0.101077,-0.426446,-0.159057,9.90733,0.0089543,0.0199533,0.0998717,0.01,-0.005,0.002,0.0001,-0.0002,0.00015
41.6,-0.418391,-0.166931,9.89501,0.0090682,0.0206525,0.0994329,-0.42802,-0.162186,9.8933,0.00887016,0.0199249,0.100054,0.01,-0.005,0.002,0.0001,-0.0002,0.00015
41.7,-0.417268,-0.170396,9.89724,0.00760664,0.0201519,0.0991313,-0.42676,-0.166052,9.89503,0.0087168,0.0199486,0.0999193,0.01,-0.005,0.002,0.0001,-0.0002,0.00015
41.8,-0.417773,-0.153505,9.89549,0.00757802,0.0190462,0.101548,-0.427701,-0.149022,9.89471,0.00861689,0.0200217,0.10008,0.01,-0.005,0.002,0.0001,-0.0002,0.00015
41.9,-0.423839,-0.151067,9.90205,0.0104183,0.0203685,0.0984823,-0.43578,-0.14525,9.89968,0.00845421,0.01982,0.100079,0.01,-0.005,0.002,0.0001,-0.0002,0.00015
42,-0.426626,-0.154484,9.9008,0.00999743,0.0194775,0.0998477,-0.436573,-0.149802,9.89817,0.00861473,0.0199748,0.0999078,0.01,-0.005,0.002,0.0001,-0.0002,0.00015
42.1,-0.416307,-0.151607,9.89709,0.00634023,0.0210782,0.0991029,-0.427673,-0.146139,9.89597,0.0083504,0.0201582,0.0997927,0.01,-0.005,0.002,0.0001,-0.0002,0.00015
42.2,-0.426406,-0.152579,9.90396,0.00827173,0.0213846,0.100032,-0.436863,-0.147048,9.90203,0.00837083,0.0198222,0.0998287,0.01,-0.005,0.002,0.0001,-0.0002,0.00015
42.3,-0.432134,-0.151767,9.89431,0.00764487,0.0192964,0.0995072,-0.441323,-0.146764,9.89329,0.00828741,0.0199683,0.0999014,0.01,-0.005,0.002,0.0001,-0.0002,0.00015
42.4,-0.431196,-0.149016,9.8987,0.00930367,0.0196843,0.100229,-0.44183,-0.143636,9.89817,0.0080594,0.0198659,0.0998581,0.01,-0.005,0.002,0.0001,-0.0002,0.00015
42.5,-0.437761,-0.143909,9.89054,0.00751974,0.0209138,0.101249,-0.44646,-0.138722,9.88939,0.00798885,0.0199065,0.100225,0.01,-0.005,0.002,0.0001,-0.0002,0.00015
42.6,-0.439376,-0.136221,9.89846,0.00795729,0.0201696,0.10111,-0.446247,-0.131583,9.89586,0.00789378,0.0198689,0.0998578,0.01,-0.005,0.002,0.0001,-0.0002,0.00015
42.7,-0.4481,-0.141418,9.89275,0.00730699,0.0191217,0.0998353,-0.458579,-0.135783,9.89073,0.00765739,0.0197436,0.0999641,0.01,-0.005,0.002,0.0001,-0.0002,0.00015
42.8,-0.449635,-0.130898,9.89845,0.00710513,0.0198235,0.100212,-0.458767,-0.12637,9.89619,0.00761076,0.0197263,0.100068,0.01,-0.005,0.002,0.0001,-0.0002,0.00015
42.9,-0.442504,-0.133254,9.89942,0.00637907,0.0186102,0.10158,-0.451195,-0.126763,9.89632,0.00739135,0.0197932,0.0999084,0.01,-0.005,0.002,0.0001,-0.0002,0.00015
43,-0.440545,-0.119766,9.89816,0.00870803,0.0209467,0.0991292,-0.450266,-0.114857,9.89422,0.00724627,0.0197572,0.0998377,0.01,-0.005,0.002,0.0001,-0.0002,0.00015
43.1,-0.44845,-0.125629,9.90302,0.00547602,0.0195422,0.0994868,-0.459418,-0.120796,9.89945,0.00706125,0.0196537,0.0999931,0.01,-0.005,0.002,0.0001,-0.0002,0.00015
43.2,-0.452682,-0.126789,9.8905,0.00761689,0.0208929,0.100732,-0.46179,-0.120996,9.88889,0.00700895,0.0197917,0.0999848,0.01,-0.005,0.002,0.0001,-0.0002,0.00015
43.3,-0.449351,-0.131245,9.89257,0.00782683,0.0181572,0.0998795,-0.458731,-0.12747,9.88892,0.00699106,0.0196159,0.100008,0.01,-0.005,0.002,0.0001,-0.0002,0.00015
43.4,-0.454981,-0.112388,9.89778,0.00647943,0.0188849,0.0990963,-0.465211,-0.107118,9.89559,0.00690006,0.0195001,0.100027,0.01,-0.005,0.002,0.0001,-0.0002,0.00015
43.5,-0.453026,-0.107502,9.8956,0.00548083,0.020059,0.100291,-0.462731,-0.102565,9.89342,0.00666587,0.0193845,0.100011,0.01,-0.005,0.002,0.0001,-0.0002,0.00015
43.6,-0.454688,-0.107553,9.88949,0.00599674,0.0199974,0.10087,-0.465722,-0.102574,9.88666,0.00654602,0.0193341,0.099832,0.01,-0.005,0.002,0.0001,-0.0002,0.00015
43.7,-0.464249,-0.104232,9.88995,0.00619635,0.018867,0.103923,-0.473985,-0.0998662,9.88955,0.00638248,0.0190951,0.100172,0.01,-0.005,0.002,0.0001,-0.0002,0.00015
43.8,-0.462459,-0.106565,9.89367,0.00748423,0.0164782,0.0992662,-0.473606,-0.102526,9.88906,0.00606005,0.0190696,0.0999675,0.01,-0.005,0.002,0.0001,-0.0002,0.00015
43.9,-0.458285,-0.102189,9.89052,0.00353305,0.0190011,0.102033,-0.466782,-0.0973155,9.88638,0.0058718,0.0191417,0.100014,0.01,-0.005,0.002,0.0001,-0.0002,0.00015
44,-0.470168,-0.105709,9.89811,0.00622717,0.0178143,0.10111,-0.479505,-0.101549,9.89691,0.00580427,0.0187941,0.100082,0.01,-0.005,0.002,0.0001,-0.0002,0.00015
44.1,-0.469988,-0.0907377,9.8974,0.00607823,0.0197554,0.100317,-0.479974,-0.0847577,9.8936,0.0057974,0.0188352,0.0999547,0.01,-0.005,0.002,0.0001,-0.0002,0.00015
44.2,-0.465685,-0.0845216,9.89401,0.00474084,0.016341,0.101136,-0.476916,-0.0792224,9.89165,0.00544049,0.0188473,0.100024,0.01,-0.005,0.002,0.0001,-0.0002,0.00015
44.3,-0.469452,-0.0823636,9.88985,0.00538477,0.0187581,0.101237,-0.480148,-0.0780491,9.89008,0.0054694,0.0186157,0.0999529,0.01,-0.005,0.002,0.0001,-0.0002,0.00015
44.4,-0.475593,-0.0766961,9.88253,0.00664091,0.0194902,0.0981095,-0.484841,-0.0729236,9.88041,0.0051053,0.018591,0.0999373,0.01,-0.005,0.002,0.0001,-0.0002,0.00015
44.5,-0.47651,-0.0930877,9.88822,0.00589267,0.018611,0.101079,-0.48795,-0.0871046,9.88525,0.00523295,0.0185431,0.100014,0.01,-0.005,0.002,0.0001,-0.0002,0.00015
44.6,-0.470027,-0.0864979,9.90154,0.00618381,0.0169427,0.0997715,-0.478372,-0.0820219,9.89806,0.00479589,0.018361,0.0998662,0.01,-0.005,0.002,0.0001,-0.0002,0.00015
44.7,-0.476137,-0.0781311,9.88893,0.00261402,0.0177943,0.0990969,-0.486148,-0.0727479,9.88659,0.00475372,0.0181735,0.100071,0.01,-0.005,0.002,0.0001,-0.0002,0.00015
44.8,-0.476425,-0.0748993,9.89224,0.00372092,0.019686,0.0997132,-0.488297,-0.0706511,9.89006,0.00457148,0.0181467,0.0999635,0.01,-0.005,0.002,0.0001,-0.0002,0.00015
44.9,-0.474334,-0.0679316,9.88063,0.00354655,0.0175931,0.0995311,-0.484748,-0.0641033,9.87919,0.00417728,0.0179264,0.100137,0.01,-0.005,0.002,0.0001,-0.0002,0.00015
45,-0.469942,-0.0718264,9.89275,0.00471932,0.0179137,0.0998821,-0.480339,-0.0659621,9.89051,0.00429527,0.0179044,0.100062,0.01,-0.005,0.002,0.0001,-0.0002,0.00015
45.1,-0.476468,-0.0644957,9.87922,0.00460598,0.0186715,0.10017,-0.48681,-0.0599031,9.87845,0.00399839,0.0176581,0.100165,0.01,-0.005,0.002,0.0001,-0.0002,0.00015
45.2,-0.479664,-0.0576845,9.88911,0.00501273,0.0191438,0.0995794,-0.49022,-0.0526808,9.88691,0.00376744,0.0176816,0.099981,0.01,-0.005,0.002,0.0001,-0.0002,0.00015
45.3,-0.485375,-0.0524552,9.89274,0.00130689,0.0173609,0.0995209,-0.493636,-0.0487859,9.89037,0.00352244,0.0174881,0.0999149,0.01,-0.005,0.002,0.0001,-0.0002,0.00015
45.4,-0.482156,-0.0634706,9.88863,0.00340614,0.0178295,0.100106,-0.491679,-0.0576451,9.88783,0.00330251,0.0173654,0.0999893,0.01,-0.005,0.002,0.0001,-0.0002,0.00015
45.5,-0.471671,-0.0537364,9.89145,0.00301786,0.017515,0.0984235,-0.48285,-0.0491258,9.88959,0.00308927,0.0171943,0.100016,0.01,-0.005,0.002,0.0001,-0.0002,0.00015
45.6,-0.484783,-0.0518126,9.88176,0.00237898,0.0148728,0.0990006,-0.493798,-0.0460508,9.88002,0.00302694,0.0170333,0.100077,0.01,-0.005,0.002,0.0001,-0.0002,0.00015
45.7,-0.488389,-0.0428863,9.89972,0.00426613,0.0168178,0.099933,-0.498578,-0.0382023,9.89589,0.00276813,0.0169268,0.10001,0.01,-0.005,0.002,0.0001,-0.0002,0.00015
45.8,-0.483541,-0.0399125,9.88441,0.00221022,0.0175635,0.0986638,-0.494217,-0.0346414,9.88225,0.00259207,0.0166258,0.0999286,0.01,-0.005,0.002,0.0001,-0.0002,0.00015
45.9,-0.488987,-0.0470552,9.88034,0.00193011,0.0155657,0.100781,-0.498927,-0.0411217,9.8774,0.00241311,0.0164035,0.100041,0.01,-0.005,0.002,0.0001,-0.0002,0.00015
46,-0.488998,-0.0437179,9.88304,0.00544733,0.0151383,0.10127,-0.499038,-0.038352,9.88322,0.00231713,0.0162917,0.100056,0.01,-0.005,0.002,0.0001,-0.0002,0.00015
46.1,-0.484744,-0.0325926,9.88489,0.00280201,0.0167596,0.100233,-0.494997,-0.0265742,9.88479,0.00192702,0.0161059,0.100059,0.01,-0.005,0.002,0.0001,-0.0002,0.00015
46.2,-0.484843,-0.0346827,9.88878,0.00146315,0.015477,0.100093,-0.496117,-0.0312172,9.88673,0.00179026,0.0158025,0.100184,0.01,-0.005,0.002,0.0001,-0.0002,0.00015
46.3,-0.485756,-0.0320626,9.88613,0.000891177,0.0172055,0.0999388,-0.49666,-0.0269231,9.8846,0.00139829,0.0158466,0.0999419,0.01,-0.005,0.002,0.0001,-0.0002,0.00015
46.4,-0.489877,-0.0232162,9.8902,0.00109488,0.0144064,0.101254,-0.501348,-0.0179729,9.88867,0.00150632,0.0156198,0.099949,0.01,-0.005,0.002,0.0001,-0.0002,0.00015
46.5,-0.488223,-0.0284312,9.88088,0.00188298,0.0156966,0.100071,-0.499497,-0.022211,9.87895,0.00118827,0.0155773,0.0998673,0.01,-0.005,0.002,0.0001,-0.0002,0.00015
46.6,-0.488554,-0.0158772,9.87991,0.00164882,0.016006,0.101386,-0.497336,-0.011581,9.87775,0.000987263,0.0151543,0.100036,0.01,-0.005,0.002,0.0001,-0.0002,0.00015
46.7,-0.493854,-0.0150608,9.88623,0.00171839,0.0154851,0.10152,-0.505743,-0.00996683,9.88399,0.000884115,0.0149275,0.0999497,0.01,-0.005,0.002,0.0001,-0.0002,0.00015
46.8,-0.485939,-0.0217887,9.87845,0.00104115,0.0152855,0.0996492,-0.49706,-0.0167999,9.87668,0.000752014,0.0147015,0.100053,0.01,-0.005,0.002,0.0001,-0.0002,0.00015
46.9,-0.490848,-0.0180566,9.88,-0.000506891,0.0151963,0.0995327,-0.500729,-0.0133213,9.87791,0.000724397,0.0144767,0.0999475,0.01,-0.005,0.002,0.0001,-0.0002,0.00015
47,-0.490036,-0.0132553,9.88267,0.00116534,0.0157819,0.0982663,-0.500238,-0.0093299,9.88053,0.000238732,0.0143895,0.100013,0.01,-0.005,0.002,0.0001,-0.0002,0.00015
47.1,-0.489199,-0.00547867,9.87874,-0.00113272,0.0151617,0.101144,-0.499004,-0.000820775,9.87589,1.61275e-05,0.0140806,0.100125,0.01,-0.005,0.002,0.0001,-0.0002,0.00015
47.2,-0.489456,-0.00644273,9.88414,-0.000459456,0.0144974,0.100688,-0.499609,-0.000584734,9.88255,-0.000254395,0.0138964,0.100002,0.01,-0.005,0.002,0.0001,-0.0002,0.00015
47.3,-0.48156,0.00515643,9.87863,0.000149712,0.0144994,0.0999364,-0.492601,0.00932971,9.87752,-0.000161161,0.0136272,0.0999879,0.01,-0.005,0.002,0.0001,-0.0002,0.00015
47.4,-0.487927,0.00534584,9.89083,4.65039e-05,0.0123007,0.100595,-0.499186,0.0104501,9.88838,-0.000501468,0.0134561,0.0999485,0.01,-0.005,0.002,0.0001,-0.0002,0.00015
47.5,-0.489562,0.00666429,9.88081,-0.00110707,0.0139448,0.100101,-0.499852,0.0127795,9.87846,-0.000822074,0.0132373,0.0999979,0.01,-0.005,0.002,0.0001,-0.0002,0.00015
47.6,-0.484113,0.0197847,9.88026,-0.00153641,0.0135209,0.0996948,-0.494618,0.0250364,9.87937,-0.000906443,0.0131483,0.0999658,0.01,-0.005,0.002,0.0001,-0.0002,0.00015
47.7,-0.48832,0.0110522,9.8858,0.0023426,0.0135186,0.0990979,-0.499285,0.015976,9.88367,-0.000939999,0.012798,0.099903,0.01,-0.005,0.002,0.0001,-0.0002,0.00015
47.8,-0.492891,0.0121276,9.88738,-0.00176555,0.0123256,0.101198,-0.503562,0.01603,9.88643,-0.00145563,0.0126912,0.0999695,0.01,-0.005,0.002,0.0001,-0.0002,0.00015
47.9,-0.488209,0.0156412,9.87493,-0.00340056,0.00982084,0.0994409,-0.495822,0.0207033,9.87225,-0.00151871,0.0123057,0.100107,0.01,-0.005,0.002,0.0001,-0.0002,0.00015
48,-0.485205,0.0206102,9.88237,-0.000165564,0.010416,0.0994475,-0.495237,0.0265138,9.88218,-0.00201687,0.0121117,0.10009,0.01,-0.005,0.002,0.0001,-0.0002,0.00015
48.1,-0.484421,0.0177399,9.8754,-0.00360169,0.0121418,0.099497,-0.494594,0.0225287,9.87363,-0.00195411,0.0121723,0.100153,0.01,-0.005,0.002,0.0001,-0.0002,0.00015
48.2,-0.489064,0.0253029,9.87867,-0.00164665,0.0120636,0.099725,-0.499217,0.0313537,9.87676,-0.00213309,0.0114888,0.100245,0.01,-0.005,0.002,0.0001,-0.0002,0.00015
48.3,-0.493449,0.0159855,9.87496,-0.000589697,0.0112373,0.100932,-0.503146,0.0211057,9.87477,-0.00220489,0.0112922,0.0999178,0.01,-0.005,0.002,0.0001,-0.0002,0.00015
48.4,-0.488425,0.0314236,9.88487,-0.0043268,0.0114652,0.101533,-0.497247,0.0378802,9.88267,-0.00248832,0.011111,0.100005,0.01,-0.005,0.002,0.0001,-0.0002,0.00015
48.5,-0.482504,0.039585,9.87788,-0.00421896,0.0106342,0.0990615,-0.491973,0.0433419,9.87486,-0.00254257,0.0108265,0.100136,0.01,-0.005,0.002,0.0001,-0.0002,0.00015
48.6,-0.481748,0.0357191,9.87652,-0.00186555,0.00962776,0.100561,-0.492038,0.0424978,9.87557,-0.00295876,0.0107448,0.100092,0.01,-0.005,0.002,0.0001,-0.0002,0.00015
48.7,-0.489079,0.038995,9.88305,-0.00177378,0.00932455,0.100417,-0.495981,0.0448534,9.88046,-0.00297248,0.0102681,0.0999422,0.01,-0.005,0.002,0.0001,-0.0002,0.00015
48.8,-0.482632,0.0453094,9.87764,-0.00430338,0.0103033,0.100361,-0.492516,0.0495477,9.87711,-0.00335402,0.0101674,0.0999743,0.01,-0.005,0.002,0.0001,-0.0002,0.00015
48.9,-0.480719,0.0522234,9.87615,-0.00472181,0.00948726,0.0990645,-0.492072,0.0569029,9.87293,-0.00321237,0.00996367,0.100107,0.01,-0.005,0.002,0.0001,-0.0002,0.00015
49,-0.478632,0.050585,9.87546,-0.0030783,0.0109259,0.100154,-0.488295,0.0549173,9.87506,-0.00368974,0.00960919,0.100025,0.01,-0.005,0.002,0.0001,-0.0002,0.00015
49.1,-0.468646,0.064863,9.87392,-0.0036346,0.00801381,0.101077,-0.479268,0.0688309,9.8717,-0.00372462,0.00947327,0.100037,0.01,-0.005,0.002,0.0001,-0.0002,0.00015
49.2,-0.485028,0.0519302,9.87161,-0.0050842,0.00786196,0.101202,-0.493451,0.0562881,9.86916,-0.00402263,0.00905599,0.100135,0.01,-0.005,0.002,0.0001,-0.0002,0.00015
49.3,-0.481567,0.0620015,9.86255,-0.00251477,0.00779959,0.0992558,-0.492532,0.0651368,9.86117,-0.00436826,0.0087245,0.100033,0.01,-0.005,0.002,0.0001,-0.0002,0.00015
49.4,-0.474874,0.0616184,9.86977,-0.00467509,0.00793294,0.0988146,-0.484606,0.068545,9.86684,-0.00435822,0.00857786,0.0999613,0.01,-0.005,0.002,0.0001,-0.0002,0.00015
49.5,-0.474664,0.0584839,9.86976,-0.00312568,0.00675041,0.101227,-0.484593,0.0624358,9.86904,-0.00458948,0.00842697,0.100001,0.01,-0.005,0.002,0.0001,-0.0002,0.00015
49.6,-0.46825,0.0721391,9.86917,-0.00632455,0.00836958,0.0999402,-0.477289,0.0770146,9.8687,-0.00479489,0.00804139,0.0999908,0.01,-0.005,0.002,0.0001,-0.0002,0.00015
49.7,-0.483521,0.064406,9.8712,-0.00564394,0.00727404,0.100755,-0.492783,0.0693968,9.86942,-0.00506398,0.00769146,0.0999966,0.01,-0.005,0.002,0.0001,-0.0002,0.00015
49.8,-0.471119,0.073373,9.86976,-0.00435748,0.00853494,0.0997552,-0.482122,0.0792567,9.8687,-0.00506143,0.00754424,0.0999911,0.01,-0.005,0.002,0.0001,-0.0002,0.00015
49.9,-0.466126,0.0669446,9.87475,-0.00705212,0.00679438,0.101674,-0.474516,0.072867,9.87263,-0.00528659,0.0075078,0.100253,0.01,-0.005,0.002,0.0001,-0.0002,0.00015
50,-0.471959,0.0773538,9.8704,-0.00479179,0.00796892,0.0995946,-0.481192,0.0822183,9.86897,-0.00534049,0.00694265,0.0999559,0.01,-0.005,0.002,0.0001,-0.0002,0.00015
50.1,-0.465102,0.0743938,9.86708,-0.00503471,0.00481146,0.101639,-0.474064,0.079806,9.86465,-0.00581603,0.00650925,0.0999514,0.01,-0.005,0.002,0.0001,-0.0002,0.00015
50.2,-0.463734,0.0927394,9.86653,-0.00766724,0.004041,0.101729,-0.472583,0.0987168,9.86367,-0.00583617,0.00650199,0.099917,0.01,-0.005,0.002,0.0001,-0.0002,0.00015
50.3,-0.468663,0.0913696,9.87634,-0.00690658,0.00584831,0.101606,-0.480416,0.0950339,9.87402,-0.00599147,0.00614132,0.100056,0.01,-0.005,0.002,0.0001,-0.0002,0.00015
50.4,-0.459044,0.0851872,9.87179,-0.00644002,0.00676659,0.0991429,-0.468085,0.0913033,9.87059,-0.00617994,0.00584775,0.0999879,0.01,-0.005,0.002,0.0001,-0.0002,0.00015
50.5,-0.458353,0.087081,9.87005,-0.00545924,0.0055231,0.0991207,-0.469457,0.0907024,9.86822,-0.00629067,0.00541865,0.0998436,0.01,-0.005,0.002,0.0001,-0.0002,0.00015
50.6,-0.458146,0.0952883,9.8702,-0.00483525,0.0063944,0.0997519,-0.466717,0.100098,9.86733,-0.00621378,0.00523491,0.0999462,0.01,-0.005,0.002,0.0001,-0.0002,0.00015
50.7,-0.46385,0.0977611,9.86367,-0.00536772,0.0055599,0.100514,-0.474461,0.102567,9.86243,-0.00654098,0.00479275,0.100105,0.01,-0.005,0.002,0.0001,-0.0002,0.00015
50.8,-0.45478,0.105166,9.86796,-0.00691296,0.00375846,0.100659,-0.466509,0.110605,9.8668,-0.00663586,0.00455011,0.100119,0.01,-0.005,0.002,0.0001,-0.0002,0.00015
50.9,-0.450932,0.109074,9.86639,-0.00711171,0.00456776,0.101182,-0.459588,0.114805,9.86422,-0.00700682,0.00426315,0.0999661,0.01,-0.005,0.002,0.0001,-0.0002,0.00015
51,-0.453794,0.097909,9.86234,-0.00559992,0.00447359,0.101333,-0.463097,0.104466,9.86227,-0.00690618,0.00400593,0.100033,0.01,-0.005,0.002,0.0001,-0.0002,0.00015
51.1,-0.455633,0.108707,9.86432,-0.0071535,0.00422597,0.0995756,-0.465819,0.113774,9.86243,-0.00710548,0.00359271,0.100039,0.01,-0.005,0.002,0.0001,-0.0002,0.00015
51.2,-0.44562,0.113014,9.86623,-0.00789831,0.00334586,0.0999708,-0.45706,0.11728,9.86338,-0.00719843,0.00349757,0.100076,0.01,-0.005,0.002,0.0001,-0.0002,0.00015
51.3,-0.441264,0.114754,9.86596,-0.00760513,0.00274854,0.0985353,-0.451773,0.119671,9.86317,-0.00745087,0.00327493,0.0999408,0.01,-0.005,0.002,0.0001,-0.0002,0.00015
51.4,-0.442274,0.118112,9.86854,-0.00950583,0.00189774,0.101142,-0.452086,0.122138,9.86452,-0.00761732,0.0027256,0.0999731,0.01,-0.005,0.002,0.0001,-0.0002,0.00015
51.5,-0.436997,0.11843,9.86749,-0.00819705,0.00156927,0.0988908,-0.446336,0.123463,9.86526,-0.00762322,0.00256517,0.100126,0.01,-0.005,0.002,0.0001,-0.0002,0.00015
51.6,-0.435587,0.117928,9.86603,-0.00584591,0.00319331,0.1013,-0.445128,0.12276,9.86424,-0.00790753,0.00213569,0.100181,0.01,-0.005,0.002,0.0001,-0.0002,0.00015
51.7,-0.449184,0.133994,9.86886,-0.00758251,0.00270598,0.0993362,-0.459762,0.138578,9.86781,-0.00783107,0.00198032,0.100105,0.01,-0.005,0.002,0.0001,-0.0002,0.00015
51.8,-0.42507,0.132194,9.8646,-0.00769605,0.000837948,0.101157,-0.435103,0.135739,9.86256,-0.00806385,0.00179074,0.0999338,0.01,-0.005,0.002,0.0001,-0.0002,0.00015
51.9,-0.429698,0.124814,9.8602,-0.00888916,0.00147039,0.100534,-0.440118,0.129237,9.85864,-0.00815572,0.00136352,0.0999913,0.01,-0.005,0.002,0.0001,-0.0002,0.00015
52,-0.430124,0.130992,9.86194,-0.00805733,0.00130356,0.101944,-0.440894,0.13496,9.86026,-0.00835158,0.00106394,0.0999512,0.01,-0.005,0.002,0.0001,-0.0002,0.00015
52.1,-0.424053,0.13447,9.85899,-0.00980872,0.000604482,0.101179,-0.433235,0.137332,9.85728,-0.00841556,0.000676787,0.0997499,0.01,-0.005,0.002,0.0001,-0.0002,0.00015
52.2,-0.420094,0.140458,9.85875,-0.00965626,0.000844548,0.097305,-0.431077,0.147857,9.85654,-0.0085171,0.00038871,0.100062,0.01,-0.005,0.002,0.0001,-0.0002,0.00015
52.3,-0.425554,0.143918,9.87155,-0.00657359,-0.0013491,0.0998324,-0.432818,0.148268,9.8686,-0.00879769,0.000129489,0.100156,0.01,-0.005,0.002,0.0001,-0.0002,0.00015
52.4,-0.420342,0.143429,9.85977,-0.00930439,0.00137548,0.100237,-0.429265,0.148246,9.85775,-0.00850956,-0.000258975,0.0999096,0.01,-0.005,0.002,0.0001,-0.0002,0.00015
52.5,-0.420461,0.139051,9.86241,-0.0101948,-0.00122513,0.100416,-0.430436,0.144429,9.86204,-0.00878487,-0.000145887,0.0998291,0.01,-0.005,0.002,0.0001,-0.0002,0.00015
52.6,-0.414919,0.151333,9.85953,-0.00870309,-0.00231304,0.102568,-0.425027,0.157738,9.85942,-0.00882356,-0.000721965,0.0999652,0.01,-0.005,0.002,0.0001,-0.0002,0.00015
52.7,-0.408701,0.142382,9.85892,-0.00906447,-0.00168374,0.101853,-0.417319,0.148474,9.85722,-0.00917059,-0.00111271,0.100176,0.01,-0.005,0.002,0.0001,-0.0002,0.00015
52.8,-0.411679,0.150519,9.87113,-0.00820104,-0.00164813,0.100198,-0.421607,0.153854,9.86989,-0.00895748,-0.00128004,0.100025,0.01,-0.005,0.002,0.0001,-0.0002,0.00015
52.9,-0.406251,0.162918,9.85879,-0.00954919,-0.00381639,0.10006,-0.417094,0.170646,9.85599,-0.00930454,-0.00167452,0.0999733,0.01,-0.005,0.002,0.0001,-0.0002,0.00015
53,-0.411623,0.158217,9.86143,-0.00837495,-0.00186188,0.0996598,-0.421005,0.164368,9.8604,-0.00903782,-0.00190219,0.0999207,0.01,-0.005,0.002,0.0001,-0.0002,0.00015
53.1,-0.394116,0.164522,9.85229,-0.00851618,-0.0017451,0.102849,-0.403533,0.169343,9.84811,-0.0093257,-0.0022014,0.0999416,0.01,-0.005,0.002,0.0001,-0.0002,0.00015
53.2,-0.40049,0.165364,9.85842,-0.00947952,-0.00156392,0.100885,-0.410538,0.170637,9.85797,-0.00941579,-0.00243972,0.0999913,0.01,-0.005,0.002,0.0001,-0.0002,0.00015
53.3,-0.399631,0.164717,9.86077,-0.0101692,-0.00222204,0.100064,-0.409519,0.17081,9.85843,-0.00940247,-0.00295439,0.0999855,0.01,-0.005,0.002,0.0001,-0.0002,0.00015
53.4,-0.393887,0.174061,9.85844,-0.00887741,-0.00248004,0.0987898,-0.402578,0.178641,9.856,-0.00964466,-0.00315433,0.100084,0.01,-0.005,0.002,0.0001,-0.0002,0.00015
53.5,-0.388215,0.171397,9.86612,-0.00998894,-0.00317716,0.099195,-0.399487,0.176081,9.86575,-0.00970716,-0.00344725,0.0998607,0.01,-0.005,0.002,0.0001,-0.0002,0.00015
53.6,-0.383858,0.167817,9.85788,-0.00986767,-0.00253356,0.101003,-0.393185,0.174604,9.85622,-0.00955121,-0.00366551,0.100057,0.01,-0.005,0.002,0.0001,-0.0002,0.00015
53.7,-0.385829,0.176429,9.86024,-0.00965995,-0.00327016,0.0995231,-0.395588,0.180665,9.85726,-0.00989984,-0.00390552,0.0999012,0.01,-0.005,0.002,0.0001,-0.0002,0.00015
53.8,-0.381388,0.178552,9.86176,-0.00712809,-0.00476433,0.100982,-0.390944,0.183605,9.85956,-0.00976182,-0.00436682,0.100186,0.01,-0.005,0.002,0.0001,-0.0002,0.00015
53.9,-0.385393,0.184458,9.85591,-0.0101818,-0.00506579,0.101743,-0.395097,0.188894,9.85587,-0.00976068,-0.00457964,0.0999624,0.01,-0.005,0.002,0.0001,-0.0002,0.00015
54,-0.377823,0.177774,9.85477,-0.00863885,-0.00630183,0.10073,-0.387936,0.181929,9.8529,-0.00982008,-0.00499127,0.0999435,0.01,-0.005,0.002,0.0001,-0.0002,0.00015
54.1,-0.374567,0.183236,9.85502,-0.00955346,-0.00773862,0.0988085,-0.384329,0.186944,9.85196,-0.00972815,-0.00524449,0.100006,0.01,-0.005,0.002,0.0001,-0.0002,0.00015
54.2,-0.366053,0.189995,9.86012,-0.00823237,-0.00496004,0.101279,-0.377015,0.195534,9.8577,-0.00994645,-0.00563376,0.0999023,0.01,-0.005,0.002,0.0001,-0.0002,0.00015
54.3,-0.3702,0.193437,9.8503,-0.00898885,-0.00617475,0.0990625,-0.380756,0.198327,9.84854,-0.00995362,-0.00565711,0.100104,0.01,-0.005,0.002,0.0001,-0.0002,0.00015
54.4,-0.36435,0.1872,9.85635,-0.0101824,-0.00585719,0.0997767,-0.374445,0.190466,9.85252,-0.0100342,-0.00617792,0.100082,0.01,-0.005,0.002,0.0001,-0.0002,0.00015
54.5,-0.361261,0.189951,9.85075,-0.0102077,-0.00549583,0.0994335,-0.371408,0.193933,9.84928,-0.00994687,-0.00647816,0.0999201,0.01,-0.005,0.002,0.0001,-0.0002,0.00015
54.6,-0.350762,0.194764,9.85529,-0.00924511,-0.00665816,0.0986144,-0.362599,0.200084,9.85173,-0.0100499,-0.0066174,0.100004,0.01,-0.005,0.002,0.0001,-0.0002,0.00015
54.7,-0.351434,0.200949,9.85449,-0.0113355,-0.00612337,0.100797,-0.36255,0.205059,9.85305,-0.0100702,-0.00688708,0.100069,0.01,-0.005,0.002,0.0001,-0.0002,0.00015
54.8,-0.345585,0.20054,9.85199,-0.01019,-0.00631922,0.0994318,-0.357474,0.204453,9.85131,-0.00992135,-0.0071508,0.100086,0.01,-0.005,0.002,0.0001,-0.0002,0.00015
54.9,-0.344503,0.196507,9.84418,-0.00950866,-0.00675773,0.100883,-0.35646,0.202195,9.84144,-0.0100379,-0.00754129,0.100049,0.01,-0.005,0.002,0.0001,-0.0002,0.00015
55,-0.33631,0.202039,9.84891,-0.00922538,-0.00799452,0.102642,-0.347401,0.207378,9.84768,-0.0102078,-0.00759142,0.100169,0.01,-0.005,0.002,0.0001,-0.0002,0.00015
55.1,-0.33726,0.208099,9.84886,-0.0103539,-0.00760005,0.100939,-0.346718,0.210758,9.84746,-0.00984041,-0.00804938,0.100259,0.01,-0.005,0.002,0.0001,-0.0002,0.00015
55.2,-0.335534,0.214044,9.85792,-0.00944755,-0.00888769,0.100258,-0.343461,0.218371,9.85553,-0.00995168,-0.00844098,0.0998908,0.01,-0.005,0.002,0.0001,-0.0002,0.00015
55.3,-0.3284,0.212046,9.85667,-0.0102419,-0.00874795,0.0995464,-0.33717,0.21808,9.85479,-0.0100318,-0.00865658,0.100089,0.01,-0.005,0.002,0.0001,-0.0002,0.00015
55.4,-0.320461,0.22181,9.855,-0.00906577,-0.00929878,0.10016,-0.331558,0.225343,9.85309,-0.00985309,-0.00884676,0.0998676,0.01,-0.005,0.002,0.0001,-0.0002,0.00015
55.5,-0.319472,0.208762,9.84366,-0.0111418,-0.0106682,0.100282,-0.329124,0.214332,9.8414,-0.00997507,-0.00913687,0.0999644,0.01,-0.005,0.002,0.0001,-0.0002,0.00015
55.6,-0.323229,0.221702,9.83938,-0.00871379,-0.0115074,0.100922,-0.333128,0.22306,9.83745,-0.00987537,-0.00929309,0.10006,0.01,-0.005,0.002,0.0001,-0.0002,0.00015
55.7,-0.31616,0.219738,9.85432,-0.00783541,-0.00993828,0.100781,-0.326614,0.226055,9.852,-0.010009,-0.00967402,0.0999449,0.01,-0.005,0.002,0.0001,-0.0002,0.00015
55.8,-0.317943,0.218751,9.854,-0.0101145,-0.0113429,0.100008,-0.328792,0.224604,9.8522,-0.00983815,-0.0100423,0.100099,0.01,-0.005,0.002,0.0001,-0.0002,0.00015
55.9,-0.304786,0.225116,9.85153,-0.00932836,-0.0111252,0.0997663,-0.315548,0.231128,9.84891,-0.00988785,-0.0101993,0.100122,0.01,-0.005,0.002,0.0001,-0.0002,0.00015
56,-0.301654,0.228645,9.84948,-0.00850283,-0.0123009,0.101417,-0.312149,0.23245,9.84724,-0.00979409,-0.0104926,0.100053,0.01,-0.005,0.002,0.0001,-0.0002,0.00015
56.1,-0.288692,0.226198,9.8488,-0.0116811,-0.0112752,0.100115,-0.299025,0.233787,9.8476,-0.00975555,-0.0106318,0.100173,0.01,-0.005,0.002,0.0001,-0.0002,0.00015
56.2,-0.298916,0.224674,9.84364,-0.00793554,-0.0103624,0.0998814,-0.306372,0.229513,9.84212,-0.00980549,-0.0108603,0.100085,0.01,-0.005,0.002,0.0001,-0.0002,0.00015
56.3,-0.284407,0.234695,9.84091,-0.0104214,-0.00981862,0.0989959,-0.295081,0.240332,9.83871,-0.00961133,-0.01115,0.0999439,0.01,-0.005,0.002,0.0001,-0.0002,0.00015
56.4,-0.283899,0.228575,9.84454,-0.0106417,-0.0109487,0.100604,-0.294298,0.233536,9.84374,-0.00963757,-0.0111691,0.100044,0.01,-0.005,0.002,0.0001,-0.0002,0.00015
56.5,-0.282856,0.233782,9.84768,-0.00838886,-0.0130378,0.0998391,-0.29347,0.239593,9.8458,-0.00953512,-0.0115086,0.100054,0.01,-0.005,0.002,0.0001,-0.0002,0.00015
56.6,-0.280657,0.224716,9.83795,-0.00791639,-0.0129392,0.100057,-0.293131,0.230164,9.83557,-0.00927646,-0.0119586,0.0999491,0.01,-0.005,0.002,0.0001,-0.0002,0.00015
56.7,-0.274908,0.250301,9.84099,-0.0102712,-0.0116685,0.100518,-0.284777,0.253735,9.83991,-0.00949912,-0.0121399,0.100017,0.01,-0.005,0.002,0.0001,-0.0002,0.00015
56.8,-0.275577,0.237109,9.84308,-0.00777778,-0.0131056,0.0998762,-0.28576,0.242058,9.8401,-0.00949431,-0.0125391,0.0999368,0.01,-0.005,0.002,0.0001,-0.0002,0.00015
56.9,-0.275013,0.241827,9.83987,-0.0124551,-0.0109091,0.100128,-0.284801,0.2475,9.83961,-0.00936293,-0.0125277,0.0999495,0.01,-0.005,0.002,0.0001,-0.0002,0.00015
57,-0.262469,0.240261,9.84437,-0.00751652,-0.0120214,0.0990787,-0.272455,0.24513,9.84242,-0.00916572,-0.0128527,0.0999936,0.01,-0.005,0.002,0.0001,-0.0002,0.00015
57.1,-0.259264,0.246724,9.8399,-0.00764099,-0.0138789,0.0991335,-0.268376,0.251424,9.8398,-0.00905587,-0.0131482,0.100175,0.01,-0.005,0.002,0.0001,-0.0002,0.00015
57.2,-0.256795,0.243934,9.83912,-0.0104598,-0.0119801,0.101675,-0.266322,0.25016,9.83657,-0.00890226,-0.0132806,0.100081,0.01,-0.005,0.002,0.0001,-0.0002,0.00015
57.3,-0.250612,0.251351,9.84015,-0.00955328,-0.012943,0.099563,-0.262216,0.257185,9.8382,-0.00904995,-0.0135035,0.100064,0.01,-0.005,0.002,0.0001,-0.0002,0.00015
57.4,-0.246309,0.246812,9.83265,-0.00926611,-0.0146067,0.0990757,-0.256633,0.249652,9.83025,-0.00889297,-0.0136568,0.0998795,0.01,-0.005,0.002,0.0001,-0.0002,0.00015
57.5,-0.240912,0.248293,9.83694,-0.00931276,-0.0137431,0.100974,-0.250774,0.254569,9.83485,-0.00874375,-0.0140895,0.0999273,0.01,-0.005,0.002,0.0001,-0.0002,0.00015
57.6,-0.239939,0.258007,9.84177,-0.00800796,-0.0151733,0.0994213,-0.251096,0.262924,9.83903,-0.00854421,-0.0140827,0.100057,0.01,-0.005,0.002,0.0001,-0.0002,0.00015
57.7,-0.237623,0.260689,9.84092,-0.00678621,-0.0142342,0.099328,-0.248686,0.266242,9.83838,-0.00859487,-0.0143645,0.0999134,0.01,-0.005,0.002,0.0001,-0.0002,0.00015
57.8,-0.228597,0.259176,9.83714,-0.00892407,-0.0153182,0.100308,-0.238405,0.264016,9.83507,-0.00853074,-0.0144211,0.0999249,0.01,-0.005,0.002,0.0001,-0.0002,0.00015
57.9,-0.231072,0.254277,9.84405,-0.0086545,-0.0152981,0.0987732,-0.240521,0.259127,9.84263,-0.0083577,-0.0145389,0.0999831,0.01,-0.005,0.002,0.0001,-0.0002,0.00015
58,-0.220106,0.254392,9.84066,-0.00856233,-0.0154129,0.0991162,-0.227871,0.260625,9.83884,-0.00813374,-0.0150913,0.099943,0.01,-0.005,0.002,0.0001,-0.0002,0.00015
58.1,-0.217802,0.259161,9.84217,-0.00781685,-0.013933,0.100183,-0.229243,0.262753,9.83965,-0.0081713,-0.0150952,0.100033,0.01,-0.005,0.002,0.0001,-0.0002,0.00015
58.2,-0.212858,0.265855,9.83145,-0.00689124,-0.0158187,0.0995345,-0.222391,0.271681,9.82939,-0.00792442,-0.0154324,0.0998689,0.01,-0.005,0.002,0.0001,-0.0002,0.00015
58.3,-0.217953,0.258289,9.83945,-0.00878452,-0.0154037,0.0999726,-0.228422,0.263506,9.83627,-0.00780217,-0.0156239,0.100015,0.01,-0.005,0.002,0.0001,-0.0002,0.00015
58.4,-0.198512,0.26107,9.83818,-0.00726256,-0.0143545,0.100734,-0.210318,0.265722,9.83671,-0.00763342,-0.0156553,0.099983,0.01,-0.005,0.002,0.0001,-0.0002,0.00015
58.5,-0.20237,0.256446,9.84228,-0.00796704,-0.0148364,0.0993272,-0.211667,0.261941,9.83836,-0.00770011,-0.0160411,0.0999574,0.01,-0.005,0.002,0.0001,-0.0002,0.00015
58.6,-0.184001,0.255497,9.8281,-0.00761399,-0.0168279,0.0997871,-0.195381,0.259982,9.82612,-0.00734245,-0.0161901,0.100001,0.01,-0.005,0.002,0.0001,-0.0002,0.00015
58.7,-0.187538,0.269982,9.82954,-0.00724635,-0.0161421,0.100774,-0.197612,0.274743,9.83056,-0.0073194,-0.0162155,0.0999974,0.01,-0.005,0.002,0.0001,-0.0002,0.00015
58.8,-0.188379,0.279062,9.83626,-0.00870548,-0.0153241,0.0997189,-0.200035,0.284645,9.83306,-0.00700184,-0.0163569,0.100198,0.01,-0.005,0.002,0.0001,-0.0002,0.00015
58.9,-0.183857,0.274511,9.82858,-0.00791295,-0.0161019,0.100753,-0.194369,0.279584,9.82688,-0.00712999,-0.0167073,0.0999254,0.01,-0.005,0.002,0.0001,-0.0002,0.00015
59,-0.174125,0.2651,9.83247,-0.00752999,-0.0161263,0.0994713,-0.185629,0.271322,9.82927,-0.00695464,-0.0168946,0.0999501,0.01,-0.005,0.002,0.0001,-0.0002,0.00015
59.1,-0.16633,0.280037,9.82723,-0.00729646,-0.0173244,0.101569,-0.176463,0.284574,9.82702,-0.00683888,-0.0170004,0.0999212,0.01,-0.005,0.002,0.0001,-0.0002,0.00015
59.2,-0.181531,0.274405,9.82565,-0.00741145,-0.0188931,0.0997914,-0.189864,0.279605,9.82375,-0.00660784,-0.0171462,0.0999486,0.01,-0.005,0.002,0.0001,-0.0002,0.00015
59.3,-0.157619,0.26825,9.827,-0.00579589,-0.0185835,0.100439,-0.168826,0.274628,9.82633,-0.00647799,-0.0172566,0.100166,0.01,-0.005,0.002,0.0001,-0.0002,0.00015
59.4,-0.164211,0.285406,9.82473,-0.00488364,-0.0170486,0.101305,-0.175144,0.291145,9.8215,-0.00628453,-0.0173793,0.100066,0.01,-0.005,0.002,0.0001,-0.0002,0.00015
59.5,-0.158237,0.277649,9.82218,-0.00698105,-0.0179431,0.100913,-0.170115,0.282201,9.82004,-0.00610806,-0.0177054,0.100076,0.01,-0.005,0.002,0.0001,-0.0002,0.00015
59.6,-0.150786,0.277408,9.82806,-0.00573267,-0.0179755,0.0987583,-0.162363,0.281548,9.82745,-0.00605098,-0.0177395,0.100158,0.01,-0.005,0.002,0.0001,-0.0002,0.00015
59.7,-0.141226,0.274259,9.8274,-0.00497369,-0.0185668,0.101221,-0.15128,0.278808,9.82521,-0.00601067,-0.0178163,0.100001,0.01,-0.005,0.002,0.0001,-0.0002,0.00015
59.8,-0.13715,0.282487,9.82829,-0.00495745,-0.0179685,0.0988928,-0.144869,0.288558,9.82737,-0.0058036,-0.0181526,0.0998966,0.01,-0.005,0.002,0.0001,-0.0002,0.00015
59.9,-0.133776,0.277302,9.82633,-0.00742392,-0.0189949,0.101636,-0.144214,0.279815,9.82397,-0.00573096,-0.0180872,0.0998718,0.01,-0.005,0.002,0.0001,-0.0002,0.00015
60,-0.12819,0.279266,9.83746,-0.00576922,-0.0180932,0.100731,-0.138104,0.283429,9.8362,-0.00536157,-0.0182,0.100067,0.01,-0.005,0.002,0.0001,-0.0002,0.00015
60.1,-0.13101,0.280771,9.82181,-0.00450378,-0.0206239,0.100814,-0.138969,0.283319,9.81911,-0.00522076,-0.0184832,0.100023,0.01,-0.005,0.002,0.0001,-0.0002,0.00015
60.2,-0.122022,0.279985,9.82596,-0.00456017,-0.0179885,0.0997577,-0.132586,0.28568,9.82401,-0.00535322,-0.0184481,0.0999972,0.01,-0.005,0.002,0.0001,-0.0002,0.00015
60.3,-0.10827,0.290503,9.82587,-0.00616732,-0.018265,0.0991398,-0.119331,0.295588,9.82265,-0.00471885,-0.0185759,0.0999988,0.01,-0.005,0.002,0.0001,-0.0002,0.00015
60.4,-0.101171,0.290309,9.82649,-0.00386615,-0.0200554,0.100147,-0.111492,0.293454,9.82333,-0.00475479,-0.0186006,0.100055,0.01,-0.005,0.002,0.0001,-0.0002,0.00015
60.5,-0.107214,0.292918,9.82009,-0.00321774,-0.0202868,0.100863,-0.115712,0.298214,9.81684,-0.00450978,-0.0188251,0.100004,0.01,-0.005,0.002,0.0001,-0.0002,0.00015
60.6,-0.107359,0.284192,9.83085,-0.00478193,-0.0195948,0.100632,-0.115496,0.288911,9.83002,-0.00418462,-0.0190863,0.0998725,0.01,-0.005,0.002,0.0001,-0.0002,0.00015
60.7,-0.087468,0.28184,9.82036,-0.00393127,-0.0200728,0.0984757,-0.0966029,0.286907,9.82053,-0.00394731,-0.0188956,0.100046,0.01,-0.005,0.002,0.0001,-0.0002,0.00015
60.8,-0.0917334,0.293096,9.81686,-0.00481527,-0.0181622,0.0991092,-0.101282,0.297893,9.8158,-0.0037938,-0.0190996,0.100003,0.01,-0.005,0.002,0.0001,-0.0002,0.00015
60.9,-0.0901761,0.288229,9.81823,-0.0016377,-0.0202291,0.101548,-0.0992833,0.292462,9.81743,-0.003743,-0.0190578,0.0999975,0.01,-0.005,0.002,0.0001,-0.0002,0.00015
61,-0.0771322,0.29367,9.81949,-0.00363564,-0.0202268,0.0987249,-0.0864831,0.298016,9.81693,-0.00341178,-0.0193816,0.100102,0.01,-0.005,0.002,0.0001,-0.0002,0.00015
61.1,-0.0793432,0.290116,9.82101,-0.00332403,-0.0181318,0.0987045,-0.089428,0.294464,9.81868,-0.00352966,-0.0191526,0.0999626,0.01,-0.005,0.002,0.0001,-0.0002,0.00015
61.2,-0.0656793,0.290263,9.81477,-0.00289429,-0.0187534,0.100959,-0.0765666,0.294858,9.8124,-0.00309429,-0.0192353,0.0999473,0.01,-0.005,0.002,0.0001,-0.0002,0.00015
61.3,-0.0719843,0.30412,9.82315,-0.0026925,-0.0208524,0.100645,-0.0823546,0.308566,9.82084,-0.002903,-0.0195149,0.100161,0.01,-0.005,0.002,0.0001,-0.0002,0.00015
61.4,-0.0591961,0.287643,9.83116,-0.00218393,-0.0207285,0.101644,-0.0696353,0.292797,9.82601,-0.00294451,-0.0193548,0.100191,0.01,-0.005,0.002,0.0001,-0.0002,0.00015
61.5,-0.0527509,0.285876,9.82188,-0.00126275,-0.0213008,0.100898,-0.0634978,0.291828,9.82068,-0.00268856,-0.019637,0.100038,0.01,-0.005,0.002,0.0001,-0.0002,0.00015
61.6,-0.0505443,0.290301,9.81863,-0.00263641,-0.0205261,0.0989141,-0.0608399,0.29636,9.81796,-0.00255093,-0.0197898,0.100009,0.01,-0.005,0.002,0.0001,-0.0002,0.00015
61.7,-0.0450267,0.29385,9.81824,-0.00110374,-0.0209287,0.100542,-0.0547337,0.297598,9.81612,-0.00221221,-0.0197438,0.0998146,0.01,-0.005,0.002,0.0001,-0.0002,0.00015
61.8,-0.0447556,0.294467,9.8145,-0.00125796,-0.0206238,0.101309,-0.0543836,0.300116,9.81301,-0.00192748,-0.0197496,0.100046,0.01,-0.005,0.002,0.0001,-0.0002,0.00015
61.9,-0.0397828,0.287073,9.81619,-0.00234981,-0.0219143,0.0988164,-0.0501938,0.29239,9.81519,-0.00178019,-0.0198342,0.0998534,0.01,-0.005,0.002,0.0001,-0.0002,0.00015
62,-0.031429,0.30115,9.8174,-0.0010004,-0.0192779,0.100818,-0.0412085,0.306463,9.81453,-0.00161497,-0.0197549,0.100008,0.01,-0.005,0.002,0.0001,-0.0002,0.00015
62.1,-0.0207321,0.296889,9.81617,-0.000881819,-0.0202062,0.10045,-0.0291707,0.30152,9.81134,-0.00137687,-0.0199564,0.0999722,0.01,-0.005,0.002,0.0001,-0.0002,0.00015
62.2,-0.0146903,0.294027,9.81408,-0.000373614,-0.0200244,0.101066,-0.025164,0.298151,9.81165,-0.00128164,-0.0199443,0.100062,0.01,-0.005,0.002,0.0001,-0.0002,0.00015
62.3,-0.0140656,0.296132,9.82416,0.000563341,-0.0210837,0.0999801,-0.0246529,0.301773,9.82238,-0.000976904,-0.0199972,0.100037,0.01,-0.005,0.002,0.0001,-0.0002,0.00015
62.4,-0.0199257,0.29541,9.81872,-0.000234041,-0.0216176,0.0986636,-0.0311303,0.300701,9.81546,-0.000867835,-0.0197683,0.100037,0.01,-0.005,0.002,0.0001,-0.0002,0.00015
62.5,-0.0112348,0.293316,9.82397,-0.00131815,-0.0194699,0.0998243,-0.0230385,0.296486,9.82055,-0.000638906,-0.0199126,0.0999884,0.01,-0.005,0.002,0.0001,-0.0002,0.00015
62.6,0.00173997,0.293767,9.81398,-0.00160668,-0.0203431,0.102221,-0.00741615,0.29859,9.8145,-0.000612013,-0.0198988,0.0997718,0.01,-0.005,0.002,0.0001,-0.0002,0.00015
62.7,0.00770174,0.299081,9.8162,0.000967083,-0.019466,0.100125,-0.00188283,0.303883,9.8143,-0.000200268,-0.0200654,0.0999747,0.01,-0.005,0.002,0.0001,-0.0002,0.00015
62.8,0.0115745,0.289859,9.80647,0.000232164,-0.0192945,0.100655,0.000645806,0.294414,9.80477,0.000135139,-0.0200572,0.0999043,0.01,-0.005,0.002,0.0001,-0.0002,0.00015
62.9,0.00468804,0.294256,9.81453,0.00277855,-0.0200457,0.100384,-0.00469356,0.30005,9.81203,0.000126891,-0.0199431,0.0999991,0.01,-0.005,0.002,0.0001,-0.0002,0.00015
63,0.025873,0.302125,9.8079,-0.000946922,-0.0209678,0.0998894,0.0146797,0.3079,9.8044,0.000217549,-0.019989,0.0999618,0.01,-0.005,0.002,0.0001,-0.0002,0.00015
63.1,0.0203416,0.288677,9.81253,0.000763914,-0.0202259,0.101503,0.011185,0.296117,9.80981,0.000577964,-0.0200003,0.100082,0.01,-0.005,0.002,0.0001,-0.0002,0.00015
63.2,0.0224722,0.291334,9.80917,0.000516986,-0.021023,0.09963,0.0143219,0.294937,9.80513,0.000718858,-0.0199846,0.0999537,0.01,-0.005,0.002,0.0001,-0.0002,0.00015
63.3,0.0332077,0.291951,9.81777,7.45846e-05,-0.020624,0.100524,0.0246792,0.296003,9.81614,0.000932916,-0.0202457,0.0999574,0.01,-0.005,0.002,0.0001,-0.0002,0.00015
63.4,0.0431274,0.296657,9.81224,0.000613433,-0.0206086,0.10152,0.0324818,0.301026,9.80941,0.00108174,-0.0198368,0.0999998,0.01,-0.005,0.002,0.0001,-0.0002,0.00015
63.5,0.042599,0.292524,9.8073,0.0010412,-0.0204401,0.0990335,0.0327058,0.298065,9.80435,0.00133134,-0.0198728,0.100123,0.01,-0.005,0.002,0.0001,-0.0002,0.00015
63.6,0.0458779,0.296475,9.81098,0.00348977,-0.0195599,0.0987095,0.0356691,0.300907,9.80853,0.00146426,-0.0198979,0.099951,0.01,-0.005,0.002,0.0001,-0.0002,0.00015
63.7,0.0631145,0.294572,9.80884,0.00184847,-0.0210611,0.0996261,0.0532068,0.30006,9.80579,0.00170993,-0.0200344,0.100092,0.01,-0.005,0.002,0.0001,-0.0002,0.00015
63.8,0.0574301,0.295629,9.81202,0.00277503,-0.0204786,0.0992816,0.0491003,0.30117,9.811,0.0019913,-0.019857,0.100029,0.01,-0.005,0.002,0.0001,-0.0002,0.00015
63.9,0.0608177,0.302592,9.8027,0.00161163,-0.0194716,0.100434,0.0520391,0.308089,9.80185,0.00209866,-0.0198106,0.0999453,0.01,-0.005,0.002,0.0001,-0.0002,0.00015
64,0.0735925,0.287737,9.80446,0.00294637,-0.0198348,0.100418,0.0628981,0.293106,9.80082,0.00248306,-0.0197222,0.0998741,0.01,-0.005,0.002,0.0001,-0.0002,0.00015
64.1,0.0734472,0.284434,9.81771,0.00196803,-0.0180346,0.100767,0.0632824,0.290978,9.81726,0.00253887,-0.0195727,0.0999252,0.01,-0.005,0.002,0.0001,-0.0002,0.00015
64.2,0.0784817,0.293776,9.80754,0.0036323,-0.0210993,0.101148,0.0679261,0.296998,9.80607,0.0026873,-0.0196998,0.100124,0.01,-0.005,0.002,0.0001,-0.0002,0.00015
64.3,0.0862268,0.285186,9.81682,0.00253227,-0.0185906,0.0993604,0.0770644,0.290164,9.81504,0.00308571,-0.0194379,0.0999369,0.01,-0.005,0.002,0.0001,-0.0002,0.00015
64.4,0.089067,0.287695,9.80228,0.00244618,-0.0209927,0.100301,0.0793483,0.291977,9.80072,0.00307924,-0.0193239,0.100098,0.01,-0.005,0.002,0.0001,-0.0002,0.00015
64.5,0.0863358,0.288442,9.80555,0.00346264,-0.0188426,0.0995308,0.077556,0.295475,9.80263,0.00323349,-0.0195131,0.100012,0.01,-0.005,0.002,0.0001,-0.0002,0.00015
64.6,0.0946339,0.287209,9.80121,0.00363953,-0.0179053,0.0992768,0.0850965,0.292211,9.79868,0.00333265,-0.0193732,0.0999445,0.01,-0.005,0.002,0.0001,-0.0002,0.00015
64.7,0.108326,0.290843,9.8067,0.00421129,-0.0200686,0.0997324,0.0979789,0.296558,9.80443,0.00356965,-0.0191649,0.0998636,0.01,-0.005,0.002,0.0001,-0.0002,0.00015
64.8,0.106738,0.283744,9.80002,0.0042039,-0.0175957,0.0999974,0.0967114,0.290094,9.79741,0.00373021,-0.0191759,0.100052,0.01,-0.005,0.002,0.0001,-0.0002,0.00015
64.9,0.120525,0.286249,9.79476,0.00407109,-0.0183216,0.0988388,0.110543,0.291031,9.79374,0.00397022,-0.0190361,0.0999666,0.01,-0.005,0.002,0.0001,-0.0002,0.00015
65,0.127756,0.282271,9.80678,0.00329056,-0.018717,0.0994406,0.116913,0.286859,9.80407,0.00412757,-0.0190153,0.0999533,0.01,-0.005,0.002,0.0001,-0.0002,0.00015
65.1,0.119739,0.288988,9.80397,0.00453802,-0.0173976,0.10093,0.10886,0.294523,9.80169,0.00427206,-0.0187144,0.0999443,0.01,-0.005,0.002,0.0001,-0.0002,0.00015
65.2,0.120589,0.278386,9.79877,0.0068699,-0.019336,0.101033,0.111474,0.28234,9.79652,0.00457838,-0.0187621,0.10017,0.01,-0.005,0.002,0.0001,-0.0002,0.00015
65.3,0.122944,0.29335,9.79693,0.00428169,-0.0192581,0.102512,0.115769,0.298427,9.79524,0.00481902,-0.0187569,0.100034,0.01,-0.005,0.002,0.0001,-0.0002,0.00015
65.4,0.134949,0.278573,9.79905,0.0052368,-0.018308,0.0996992,0.1252,0.28427,9.79655,0.00500008,-0.0184582,0.0997974,0.01,-0.005,0.002,0.0001,-0.0002,0.00015
65.5,0.14224,0.279094,9.80049,0.00340493,-0.0178686,0.101692,0.132113,0.28389,9.79758,0.00502911,-0.018358,0.100066,0.01,-0.005,0.002,0.0001,-0.0002,0.00015
65.6,0.146815,0.281235,9.80159,0.00587942,-0.0168814,0.10003,0.137997,0.28555,9.80057,0.00524622,-0.0181536,0.0999797,0.01,-0.005,0.002,0.0001,-0.0002,0.00015
65.7,0.140225,0.282959,9.79427,0.00559253,-0.0168302,0.101062,0.130736,0.287471,9.7934,0.00541058,-0.0179946,0.100198,0.01,-0.005,0.002,0.0001,-0.0002,0.00015
65.8,0.15414,0.277347,9.80428,0.0049956,-0.0215605,0.101296,0.140832,0.281922,9.80002,0.00569028,-0.0182423,0.0998207,0.01,-0.005,0.002,0.0001,-0.0002,0.00015
65.9,0.164338,0.274389,9.79034,0.00533592,-0.0184525,0.100796,0.15425,0.280238,9.78686,0.00594764,-0.0178827,0.0999598,0.01,-0.005,0.002,0.0001,-0.0002,0.00015
66,0.172763,0.274285,9.7931,0.00641217,-0.0180922,0.0992052,0.162459,0.279974,9.7913,0.00595198,-0.0176642,0.0998868,0.01,-0.005,0.002,0.0001,-0.0002,0.00015
66.1,0.169779,0.278369,9.79037,0.00579783,-0.0166585,0.100621,0.159892,0.282867,9.78882,0.00595345,-0.0178284,0.0999361,0.01,-0.005,0.002,0.0001,-0.0002,0.00015
66.2,0.17809,0.289192,9.79652,0.00680481,-0.018941,0.100639,0.168039,0.295531,9.79475,0.00621605,-0.0175995,0.0999201,0.01,-0.005,0.002,0.0001,-0.0002,0.00015
66.3,0.181801,0.280476,9.79627,0.00574195,-0.0169499,0.100226,0.170381,0.284701,9.79293,0.00633968,-0.0173507,0.100029,0.01,-0.005,0.002,0.0001,-0.0002,0.00015
66.4,0.179582,0.283223,9.79108,0.00692753,-0.0177434,0.100947,0.172008,0.290603,9.78867,0.00645358,-0.0169848,0.099743,0.01,-0.005,0.002,0.0001,-0.0002,0.00015
66.5,0.191347,0.269869,9.79756,0.00524467,-0.0169669,0.0996856,0.182479,0.274066,9.79594,0.0068243,-0.0168986,0.100057,0.01,-0.005,0.002,0.0001,-0.0002,0.00015
66.6,0.194953,0.273258,9.79579,0.00647327,-0.0173938,0.099577,0.184218,0.277666,9.79552,0.00678787,-0.0168602,0.100022,0.01,-0.005,0.002,0.0001,-0.0002,0.00015
66.7,0.201168,0.271822,9.78978,0.005761,-0.0149612,0.101134,0.188864,0.277665,9.78611,0.00680785,-0.0165987,0.0999296,0.01,-0.005,0.002,0.0001,-0.0002,0.00015
66.8,0.204389,0.266577,9.80233,0.00632286,-0.0168791,0.0989445,0.195209,0.272351,9.79894,0.00698134,-0.0164832,0.0999664,0.01,-0.005,0.002,0.0001,-0.0002,0.00015
66.9,0.21078,0.277298,9.78903,0.00689045,-0.0167685,0.100144,0.20258,0.280975,9.78666,0.00730811,-0.0163483,0.100045,0.01,-0.005,0.002,0.0001,-0.0002,0.00015
67,0.213834,0.273146,9.78726,0.00654578,-0.0159545,0.10041,0.207017,0.278465,9.78691,0.00728574,-0.0160896,0.100034,0.01,-0.005,0.002,0.0001,-0.0002,0.00015
67.1,0.219385,0.265514,9.79137,0.00856356,-0.01587,0.0993264,0.209879,0.27182,9.78995,0.00765529,-0.0162801,0.0999647,0.01,-0.005,0.002,0.0001,-0.0002,0.00015
67.2,0.214448,0.256281,9.78615,0.00795943,-0.0152598,0.101056,0.20439,0.259469,9.78371,0.00773048,-0.0158641,0.100193,0.01,-0.005,0.002,0.0001,-0.0002,0.00015
67.3,0.229448,0.258813,9.77932,0.00594039,-0.0152,0.0999241,0.21691,0.263385,9.77772,0.00788838,-0.0155582,0.0997487,0.01,-0.005,0.002,0.0001,-0.0002,0.00015
67.4,0.231391,0.254575,9.78429,0.00694162,-0.0166306,0.100677,0.222157,0.26023,9.78185,0.00800911,-0.0155076,0.100164,0.01,-0.005,0.002,0.0001,-0.0002,0.00015
67.5,0.243147,0.261206,9.78966,0.00786186,-0.0145282,0.100582,0.232047,0.265881,9.78671,0.00794598,-0.0152727,0.0999806,0.01,-0.005,0.002,0.0001,-0.0002,0.00015
67.6,0.243996,0.262301,9.79098,0.00754078,-0.015352,0.101446,0.234192,0.268579,9.78845,0.0080387,-0.0150734,0.100079,0.01,-0.005,0.002,0.0001,-0.0002,0.00015
67.7,0.24028,0.269612,9.78761,0.00853502,-0.0141741,0.0999865,0.23158,0.274256,9.7875,0.00833989,-0.0150197,0.100102,0.01,-0.005,0.002,0.0001,-0.0002,0.00015
67.8,0.24477,0.26356,9.77848,0.00945678,-0.01398,0.10087,0.233717,0.26967,9.77627,0.00848211,-0.0146361,0.100012,0.01,-0.005,0.002,0.0001,-0.0002,0.00015
67.9,0.260611,0.250724,9.79703,0.00994185,-0.0162108,0.0984388,0.249853,0.255122,9.79457,0.00864851,-0.0145119,0.0998659,0.01,-0.005,0.002,0.0001,-0.0002,0.00015
68,0.254292,0.259939,9.79129,0.0108281,-0.0152721,0.100257,0.244733,0.264014,9.78953,0.00846503,-0.0141942,0.0998945,0.01,-0.005,0.002,0.0001,-0.0002,0.00015
68.1,0.256409,0.246932,9.78246,0.00729212,-0.0150603,0.0999813,0.246751,0.252144,9.78187,0.00859837,-0.0141115,0.100126,0.01,-0.005,0.002,0.0001,-0.0002,0.00015
68.2,0.266496,0.251974,9.78275,0.00809202,-0.0137333,0.0988434,0.25699,0.255942,9.7802,0.00886201,-0.0138334,0.100094,0.01,-0.005,0.002,0.0001,-0.0002,0.00015
68.3,0.267089,0.250257,9.78366,0.0106525,-0.0142235,0.100737,0.258223,0.253685,9.78184,0.00877153,-0.0135467,0.100052,0.01,-0.005,0.002,0.0001,-0.0002,0.00015
68.4,0.284652,0.243742,9.78993,0.00925032,-0.0140035,0.0998196,0.275041,0.249233,9.78813,0.00893173,-0.0134272,0.100037,0.01,-0.005,0.002,0.0001,-0.0002,0.00015
68.5,0.27861,0.241817,9.78112,0.00900084,-0.0134702,0.100231,0.267916,0.247779,9.77849,0.00901017,-0.0134378,0.100094,0.01,-0.005,0.002,0.0001,-0.0002,0.00015
68.6,0.283575,0.247956,9.78551,0.00947972,-0.0133869,0.0993954,0.27289,0.25271,9.78214,0.00909232,-0.0128274,0.100153,0.01,-0.005,0.002,0.0001,-0.0002,0.00015
68.7,0.290792,0.245267,9.78093,0.00938607,-0.011765,0.100189,0.280472,0.24992,9.77898,0.00918601,-0.0126616,0.0998453,0.01,-0.005,0.002,0.0001,-0.0002,0.00015
68.8,0.289655,0.244312,9.79108,0.0102565,-0.0138912,0.0999819,0.279174,0.250528,9.78906,0.00934035,-0.0125773,0.0998128,0.01,-0.005,0.002,0.0001,-0.0002,0.00015
68.9,0.290861,0.240284,9.7883,0.00761356,-0.0136154,0.101025,0.281365,0.245167,9.78624,0.00939208,-0.0125428,0.100191,0.01,-0.005,0.002,0.0001,-0.0002,0.00015
69,0.302949,0.235623,9.78883,0.00874424,-0.0108912,0.0978825,0.294546,0.240612,9.78838,0.00937841,-0.0119231,0.100063,0.01,-0.005,0.002,0.0001,-0.0002,0.00015
69.1,0.294497,0.24489,9.78708,0.00961391,-0.0102814,0.0999718,0.284968,0.249355,9.7858,0.00970894,-0.0119301,0.0998526,0.01,-0.005,0.002,0.0001,-0.0002,0.00015
69.2,0.313713,0.229169,9.78105,0.00879281,-0.0123057,0.100655,0.302866,0.234136,9.77929,0.00963396,-0.0116334,0.0999152,0.01,-0.005,0.002,0.0001,-0.0002,0.00015
69.3,0.309257,0.222001,9.78093,0.0104072,-0.0123582,0.099418,0.299547,0.226447,9.77865,0.00972129,-0.0115636,0.1001,0.01,-0.005,0.002,0.0001,-0.0002,0.00015
69.4,0.322821,0.224977,9.78356,0.009305,-0.011666,0.0992437,0.313176,0.229815,9.78071,0.00991567,-0.0110559,0.0998098,0.01,-0.005,0.002,0.0001,-0.0002,0.00015
69.5,0.326145,0.223566,9.78472,0.0113498,-0.00973436,0.0992361,0.315877,0.22884,9.78293,0.00967306,-0.0107602,0.100033,0.01,-0.005,0.002,0.0001,-0.0002,0.00015
69.6,0.320702,0.229131,9.7771,0.0105106,-0.0104626,0.0996057,0.310491,0.23401,9.77346,0.00980932,-0.0106592,0.0998658,0.01,-0.005,0.002,0.0001,-0.0002,0.00015
69.7,0.332587,0.221247,9.76993,0.00832801,-0.0096316,0.100491,0.322778,0.22596,9.76801,0.00979326,-0.0104136,0.100084,0.01,-0.005,0.002,0.0001,-0.0002,0.00015
69.8,0.328717,0.219319,9.77408,0.00766243,-0.0112659,0.100642,0.3193,0.224434,9.77042,0.00982038,-0.0101665,0.100052,0.01,-0.005,0.002,0.0001,-0.0002,0.00015
69.9,0.3368,0.223069,9.78508,0.0108781,-0.0106349,0.0989111,0.328351,0.228214,9.78294,0.0097579,-0.00973007,0.0999259,0.01,-0.005,0.002,0.0001,-0.0002,0.00015
70,0.333128,0.220239,9.77881,0.00981523,-0.0100252,0.101829,0.325345,0.227581,9.77466,0.00993436,-0.0094338,0.100042,0.01,-0.005,0.002,0.0001,-0.0002,0.00015
70.1,0.351054,0.218807,9.77767,0.0114214,-0.0104416,0.101225,0.340007,0.223441,9.77525,0.0100564,-0.0092169,0.100248,0.01,-0.005,0.002,0.0001,-0.0002,0.00015
70.2,0.34701,0.222277,9.77611,0.00845479,-0.0100655,0.099056,0.336391,0.226306,9.77389,0.0097629,-0.00909794,0.100122,0.01,-0.005,0.002,0.0001,-0.0002,0.00015
70.3,0.356541,0.215749,9.7683,0.0101376,-0.00912856,0.0991799,0.345261,0.221356,9.768,0.00999304,-0.00878465,0.0999404,0.01,-0.005,0.002,0.0001,-0.0002,0.00015
70.4,0.358581,0.203266,9.76971,0.00928869,-0.00948442,0.0997892,0.347211,0.209712,9.76669,0.00992916,-0.00838107,0.100031,0.01,-0.005,0.002,0.0001,-0.0002,0.00015
70.5,0.357512,0.214461,9.77925,0.0125711,-0.00722953,0.100805,0.34702,0.218186,9.77712,0.0099219,-0.0082852,0.0999715,0.01,-0.005,0.002,0.0001,-0.0002,0.00015
70.6,0.354558,0.204797,9.76592,0.0104064,-0.00710901,0.102007,0.345594,0.20958,9.76434,0.00998112,-0.0076643,0.0999933,0.01,-0.005,0.002,0.0001,-0.0002,0.00015
70.7,0.365639,0.202418,9.77645,0.00949371,-0.00868188,0.1002,0.354251,0.208804,9.77551,0.00990185,-0.007645,0.100105,0.01,-0.005,0.002,0.0001,-0.0002,0.00015
70.8,0.366872,0.21386,9.77547,0.0108546,-0.00623785,0.101267,0.358035,0.21855,9.7736,0.00989443,-0.00729059,0.0999645,0.01,-0.005,0.002,0.0001,-0.0002,0.00015
70.9,0.364948,0.20304,9.77327,0.00915543,-0.00705935,0.101211,0.355658,0.207366,9.76989,0.00998101,-0.00707184,0.100063,0.01,-0.005,0.002,0.0001,-0.0002,0.00015
71,0.382093,0.196305,9.77742,0.00948452,-0.00964989,0.0988876,0.372896,0.201168,9.77599,0.0100733,-0.00675704,0.100204,0.01,-0.005,0.002,0.0001,-0.0002,0.00015
71.1,0.387994,0.199806,9.77089,0.00994044,-0.00777248,0.10002,0.378173,0.206444,9.76923,0.00999666,-0.00653831,0.0998375,0.01,-0.005,0.002,0.0001,-0.0002,0.00015
71.2,0.385721,0.199778,9.77522,0.00995396,-0.00776563,0.100064,0.377225,0.203341,9.77394,0.00981474,-0.00625723,0.10022,0.01,-0.005,0.002,0.0001,-0.0002,0.00015
71.3,0.389852,0.188878,9.7709,0.0113256,-0.007602,0.0997488,0.379418,0.194522,9.76834,0.00992682,-0.00607415,0.10005,0.01,-0.005,0.002,0.0001,-0.0002,0.00015
71.4,0.390128,0.185663,9.77169,0.0118584,-0.00672965,0.101016,0.381248,0.19081,9.77,0.00988701,-0.00567908,0.100218,0.01,-0.005,0.002,0.0001,-0.0002,0.00015
71.5,0.399585,0.187341,9.77034,0.00999903,-0.00634095,0.100594,0.387773,0.19274,9.76891,0.0100197,-0.00550611,0.0999122,0.01,-0.005,0.002,0.0001,-0.0002,0.00015
71.6,0.389097,0.188639,9.76607,0.0100193,-0.00586609,0.100291,0.379365,0.193061,9.76302,0.00992431,-0.00496239,0.0999556,0.01,-0.005,0.002,0.0001,-0.0002,0.00015
71.7,0.395181,0.183734,9.7725,0.00999609,-0.00620547,0.0992116,0.386098,0.187623,9.76817,0.0099041,-0.0049197,0.0998725,0.01,-0.005,0.002,0.0001,-0.0002,0.00015
71.8,0.400292,0.178049,9.77691,0.00946286,-0.00353457,0.0999946,0.392229,0.181974,9.77501,0.00961012,-0.00447127,0.099638,0.01,-0.005,0.002,0.0001,-0.0002,0.00015
71.9,0.412157,0.17772,9.77592,0.00874976,-0.00391781,0.0990369,0.4013,0.181533,9.77487,0.00966755,-0.00439726,0.0999115,0.01,-0.005,0.002,0.0001,-0.0002,0.00015
72,0.410147,0.175399,9.76902,0.00994493,-0.00415147,0.0997194,0.400345,0.180075,9.76514,0.00976694,-0.00377298,0.100017,0.01,-0.005,0.002,0.0001,-0.0002,0.00015
72.1,0.412633,0.173627,9.76589,0.00984152,-0.00456092,0.0998468,0.403934,0.17739,9.76249,0.00964602,-0.00361048,0.0999992,0.01,-0.005,0.002,0.0001,-0.0002,0.00015
72.2,0.405724,0.165259,9.77687,0.0091934,-0.00271067,0.10023,0.396638,0.168836,9.77313,0.00950548,-0.00324678,0.100148,0.01,-0.005,0.002,0.0001,-0.0002,0.00015
72.3,0.411353,0.162973,9.77012,0.00919779,-0.00382216,0.0997401,0.402665,0.168113,9.76794,0.00950118,-0.00303983,0.100021,0.01,-0.005,0.002,0.0001,-0.0002,0.00015
72.4,0.421277,0.158737,9.76561,0.00947708,-0.00051878,0.101034,0.412482,0.164503,9.76253,0.00929978,-0.00267809,0.0998915,0.01,-0.005,0.002,0.0001,-0.0002,0.00015
72.5,0.42248,0.166075,9.75598,0.0108818,-0.00227014,0.0994189,0.412115,0.169316,9.75418,0.00940393,-0.00220472,0.100016,0.01,-0.005,0.002,0.0001,-0.0002,0.00015
72.6,0.427213,0.161759,9.7658,0.00981154,-0.0028761,0.101594,0.41769,0.167559,9.7638,0.00939593,-0.00222766,0.100215,0.01,-0.005,0.002,0.0001,-0.0002,0.00015
72.7,0.432977,0.158949,9.76296,0.00950929,-0.00330578,0.10146,0.422715,0.164427,9.76376,0.00920672,-0.00189566,0.0999969,0.01,-0.005,0.002,0.0001,-0.0002,0.00015
72.8,0.437463,0.162414,9.76428,0.00804093,-0.00165772,0.100774,0.429155,0.167603,9.76104,0.0090946,-0.00150071,0.0998809,0.01,-0.005,0.002,0.0001,-0.0002,0.00015
72.9,0.441673,0.148706,9.76103,0.00914302,-0.000894575,0.0985206,0.431052,0.153677,9.75964,0.00905397,-0.00129507,0.0999007,0.01,-0.005,0.002,0.0001,-0.0002,0.00015
73,0.428297,0.149481,9.75723,0.00820006,-0.000339487,0.100506,0.417794,0.152771,9.7545,0.00889834,-0.000844154,0.100129,0.01,-0.005,0.002,0.0001,-0.0002,0.00015
73.1,0.441938,0.148806,9.76919,0.00964322,-0.00113583,0.101319,0.433055,0.152929,9.76791,0.00868612,-0.000662274,0.100131,0.01,-0.005,0.002,0.0001,-0.0002,0.00015
73.2,0.432794,0.144294,9.76288,0.00740645,-0.000986332,0.0985242,0.423828,0.150556,9.76138,0.00857947,-0.000464567,0.0999527,0.01,-0.005,0.002,0.0001,-0.0002,0.00015
73.3,0.443758,0.144585,9.76269,0.0098988,-0.000845867,0.0992833,0.432808,0.148874,9.75897,0.00868355,-7.33954e-05,0.0998728,0.01,-0.005,0.002,0.0001,-0.0002,0.00015
73.4,0.447179,0.144532,9.77075,0.00966896,0.000357185,0.0993144,0.437799,0.149736,9.76752,0.00872152,0.00021094,0.099935,0.01,-0.005,0.002,0.0001,-0.0002,0.00015
73.5,0.458089,0.140435,9.7648,0.00871982,0.000536887,0.100726,0.447844,0.145819,9.7625,0.00848455,0.000420194,0.0999069,0.01,-0.005,0.002,0.0001,-0.0002,0.00015
73.6,0.451678,0.14207,9.75792,0.00848351,7.07807e-05,0.0989922,0.44209,0.147176,9.75496,0.00834259,0.000892216,0.100052,0.01,-0.005,0.002,0.0001,-0.0002,0.00015
73.7,0.454349,0.135818,9.76285,0.00883705,0.0018987,0.100773,0.443117,0.140294,9.75952,0.00825534,0.00133464,0.0999661,0.01,-0.005,0.002,0.0001,-0.0002,0.00015
73.8,0.459759,0.12963,9.76592,0.0075581,0.0027535,0.100439,0.451054,0.133876,9.76414,0.00821649,0.00143808,0.100118,0.01,-0.005,0.002,0.0001,-0.0002,0.00015
73.9,0.458271,0.129699,9.76069,0.00670131,0.00242588,0.0995395,0.448976,0.135664,9.76018,0.00804865,0.00184762,0.099924,0.01,-0.005,0.002,0.0001,-0.0002,0.00015
74,0.455302,0.124316,9.76205,0.00788342,0.00201343,0.101096,0.446319,0.129569,9.76023,0.00792205,0.00209645,0.100129,0.01,-0.005,0.002,0.0001,-0.0002,0.00015
74.1,0.472126,0.118267,9.7598,0.00708444,0.000735699,0.101937,0.460869,0.12187,9.75866,0.00760957,0.00227565,0.100041,0.01,-0.005,0.002,0.0001,-0.0002,0.00015
74.2,0.467565,0.116722,9.75717,0.00834191,0.00098222,0.100765,0.458314,0.121594,9.75602,0.00760847,0.00278705,0.100028,0.01,-0.005,0.002,0.0001,-0.0002,0.00015
74.3,0.466307,0.128007,9.75833,0.00785384,0.00283244,0.100044,0.456281,0.132628,9.75716,0.00747962,0.00301635,0.0999725,0.01,-0.005,0.002,0.0001,-0.0002,0.00015
74.4,0.466235,0.113117,9.75647,0.00715597,0.00236591,0.100643,0.457176,0.117394,9.75566,0.00736365,0.00312046,0.0999787,0.01,-0.005,0.002,0.0001,-0.0002,0.00015
74.5,0.472115,0.108989,9.74599,0.00767658,0.00380171,0.100304,0.462042,0.113841,9.74241,0.00712703,0.00357749,0.0998898,0.01,-0.005,0.002,0.0001,-0.0002,0.00015
74.6,0.483629,0.109995,9.76163,0.0073841,0.00445903,0.100024,0.474074,0.116522,9.75949,0.00739129,0.00389002,0.100023,0.01,-0.005,0.002,0.0001,-0.0002,0.00015
74.7,0.475063,0.108944,9.76011,0.00837007,0.00475114,0.0994191,0.466102,0.113748,9.75718,0.00699602,0.00430018,0.10011,0.01,-0.005,0.002,0.0001,-0.0002,0.00015
74.8,0.472831,0.107102,9.76519,0.00758193,0.0058933,0.101142,0.462019,0.11071,9.76236,0.00685681,0.00446217,0.0998262,0.01,-0.005,0.002,0.0001,-0.0002,0.00015
74.9,0.481369,0.100972,9.76056,0.00813583,0.00398104,0.100361,0.470627,0.106283,9.75809,0.00680895,0.00459234,0.100077,0.01,-0.005,0.002,0.0001,-0.0002,0.00015
75,0.47318,0.0932155,9.76688,0.00710986,0.00470619,0.0999374,0.463974,0.0979786,9.76441,0.00646097,0.00523666,0.0999009,0.01,-0.005,0.002,0.0001,-0.0002,0.00015
75.1,0.479335,0.0963953,9.75293,0.00602295,0.00686021,0.0993748,0.468684,0.100499,9.75208,0.00622185,0.00525012,0.100007,0.01,-0.005,0.002,0.0001,-0.0002,0.00015
75.2,0.484108,0.0889813,9.75078,0.0056565,0.00510775,0.0993075,0.475647,0.0949674,9.74695,0.006307,0.00558898,0.100134,0.01,-0.005,0.002,0.0001,-0.0002,0.00015
75.3,0.484261,0.092196,9.76432,0.00435456,0.00696477,0.100588,0.474447,0.0970035,9.76056,0.00604368,0.00595819,0.0999612,0.01,-0.005,0.002,0.0001,-0.0002,0.00015
75.4,0.485599,0.0954303,9.75195,0.0054098,0.00523268,0.0981121,0.474328,0.0994669,9.75019,0.00594663,0.00619985,0.100164,0.01,-0.005,0.002,0.0001,-0.0002,0.00015
75.5,0.492098,0.0841719,9.75602,0.00609098,0.0041431,0.100588,0.482361,0.0899948,9.75417,0.00569026,0.00627916,0.100098,0.01,-0.005,0.002,0.0001,-0.0002,0.00015
75.6,0.495703,0.0849386,9.74885,0.00518359,0.00765243,0.0996178,0.486005,0.0887308,9.74807,0.00555106,0.00694027,0.0999166,0.01,-0.005,0.002,0.0001,-0.0002,0.00015
75.7,0.497455,0.0851976,9.74536,0.00670315,0.00468086,0.0995887,0.486221,0.0892213,9.74285,0.00547795,0.00691752,0.099984,0.01,-0.005,0.002,0.0001,-0.0002,0.00015
75.8,0.488037,0.0808761,9.74942,0.0051716,0.00653741,0.10076,0.478492,0.0862061,9.74861,0.0051323,0.00735765,0.100033,0.01,-0.005,0.002,0.0001,-0.0002,0.00015
75.9,0.498244,0.0703512,9.75532,0.00549982,0.00731496,0.101003,0.489165,0.0747,9.75278,0.00511968,0.00744988,0.0999581,0.01,-0.005,0.002,0.0001,-0.0002,0.00015
76,0.493559,0.0752865,9.75627,0.00651475,0.0072881,0.100259,0.482226,0.0804895,9.7539,0.00494616,0.0080413,0.100018,0.01,-0.005,0.002,0.0001,-0.0002,0.00015
76.1,0.48698,0.0665819,9.74865,0.00400751,0.00881622,0.101834,0.476923,0.0730135,9.74551,0.00472632,0.00809294,0.100057,0.01,-0.005,0.002,0.0001,-0.0002,0.00015
76.2,0.498576,0.0645484,9.75247,0.00323122,0.00942258,0.100795,0.487398,0.0699055,9.75018,0.00446415,0.00832785,0.0999306,0.01,-0.005,0.002,0.0001,-0.0002,0.00015
76.3,0.503152,0.0691768,9.75424,0.00447777,0.00943896,0.101267,0.492999,0.0738024,9.74891,0.00444718,0.0086406,0.100033,0.01,-0.005,0.002,0.0001,-0.0002,0.00015
76.4,0.49857,0.0618711,9.74868,0.00438542,0.00837709,0.101476,0.48892,0.0659503,9.74672,0.00418438,0.00897385,0.10018,0.01,-0.005,0.002,0.0001,-0.0002,0.00015
76.5,0.49873,0.062766,9.75986,0.00475925,0.00904094,0.0989186,0.488039,0.0678991,9.75954,0.00413834,0.00903813,0.100081,0.01,-0.005,0.002,0.0001,-0.0002,0.00015
76.6,0.497885,0.0502567,9.75032,0.00410101,0.00932358,0.100978,0.488501,0.0556339,9.74683,0.00366124,0.00948775,0.100069,0.01,-0.005,0.002,0.0001,-0.0002,0.00015
76.7,0.515806,0.050826,9.7476,0.00291785,0.00897003,0.0995025,0.505009,0.0535072,9.74534,0.00332301,0.00967594,0.0999468,0.01,-0.005,0.002,0.0001,-0.0002,0.00015
76.8,0.502484,0.0494994,9.73972,0.00331713,0.0103939,0.0996482,0.492337,0.054242,9.73802,0.00349795,0.00993758,0.0998479,0.01,-0.005,0.002,0.0001,-0.0002,0.00015
76.9,0.507344,0.0401519,9.75008,0.00356449,0.00932118,0.0991664,0.495129,0.0462861,9.74811,0.00314582,0.0101714,0.100148,0.01,-0.005,0.002,0.0001,-0.0002,0.00015
77,0.506133,0.0422288,9.74833,0.00363678,0.0104952,0.0994273,0.497434,0.0454766,9.74931,0.00306321,0.0103108,0.100004,0.01,-0.005,0.002,0.0001,-0.0002,0.00015
77.1,0.511996,0.0404726,9.75191,0.00237571,0.0117756,0.0982819,0.501289,0.0455314,9.74928,0.00286038,0.010664,0.0999286,0.01,-0.005,0.002,0.0001,-0.0002,0.00015
77.2,0.504068,0.022725,9.74623,0.00144955,0.00937367,0.0997041,0.495846,0.0285607,9.74461,0.00275357,0.0110374,0.0998506,0.01,-0.005,0.002,0.0001,-0.0002,0.00015
77.3,0.498264,0.0230596,9.75094,0.00271446,0.011783,0.098986,0.487451,0.0274324,9.74828,0.00248272,0.0110354,0.100216,0.01,-0.005,0.002,0.0001,-0.0002,0.00015
77.4,0.510856,0.0423498,9.74047,0.00411563,0.0113237,0.0995331,0.49977,0.0467573,9.73794,0.00239182,0.0114877,0.0999211,0.01,-0.005,0.002,0.0001,-0.0002,0.00015
77.5,0.505455,0.0290149,9.75322,0.00300645,0.0114545,0.100798,0.495183,0.0315813,9.75081,0.00222205,0.0116418,0.100125,0.01,-0.005,0.002,0.0001,-0.0002,0.00015
77.6,0.508447,0.0178309,9.74793,0.00190605,0.011125,0.0988188,0.496755,0.0221039,9.74664,0.00187105,0.012006,0.0998717,0.01,-0.005,0.002,0.0001,-0.0002,0.00015
77.7,0.513903,0.0159777,9.74683,0.00040629,0.0132532,0.10021,0.503635,0.020434,9.74574,0.00175493,0.0123012,0.0998805,0.01,-0.005,0.002,0.0001,-0.0002,0.00015
77.8,0.509861,0.0167003,9.74744,0.000131734,0.0138027,0.0994407,0.499916,0.0204708,9.74576,0.00148632,0.0124388,0.0999071,0.01,-0.005,0.002,0.0001,-0.0002,0.00015
77.9,0.506716,0.010588,9.74586,0.00152925,0.0134513,0.0972898,0.496164,0.0166006,9.74351,0.00131401,0.0126297,0.100051,0.01,-0.005,0.002,0.0001,-0.0002,0.00015
78,0.513965,0.00587185,9.74742,0.00156304,0.0125311,0.0998654,0.504124,0.0124912,9.74494,0.00115345,0.0129309,0.0999923,0.01,-0.005,0.002,0.0001,-0.0002,0.00015
78.1,0.509356,-0.00370578,9.74388,0.00172051,0.012404,0.0999383,0.49845,0.00145995,9.74169,0.000884422,0.0130436,0.0999145,0.01,-0.005,0.002,0.0001,-0.0002,0.00015
78.2,0.502744,-0.000172059,9.74473,0.000873258,0.0132206,0.101346,0.492593,0.00548211,9.74294,0.000671362,0.013361,0.0999966,0.01,-0.005,0.002,0.0001,-0.0002,0.00015
78.3,0.50786,-0.00321512,9.74736,0.00214901,0.0147268,0.100086,0.497363,0.00359732,9.74677,0.000709763,0.0136202,0.0999737,0.01,-0.005,0.002,0.0001,-0.0002,0.00015
78.4,0.522198,0.00332379,9.74694,0.000562637,0.0139261,0.0992235,0.513766,0.00843876,9.7436,0.000335807,0.0137042,0.100009,0.01,-0.005,0.002,0.0001,-0.0002,0.00015
78.5,0.503492,-0.0136916,9.74071,0.000277608,0.0146299,0.100832,0.495169,-0.00789224,9.74016,0.000161999,0.0140724,0.100031,0.01,-0.005,0.002,0.0001,-0.0002,0.00015
78.6,0.500159,-0.0104093,9.73735,0.000838617,0.0128917,0.101934,0.490888,-0.00575763,9.73525,-0.000156834,0.0141447,0.100016,0.01,-0.005,0.002,0.0001,-0.0002,0.00015
78.7,0.513802,-0.0101397,9.74144,-0.00161393,0.0141345,0.099068,0.50399,-0.00472254,9.73753,-0.000433009,0.0146494,0.0999828,0.01,-0.005,0.002,0.0001,-0.0002,0.00015
78.8,0.506311,-0.00405148,9.73799,0.00179583,0.015519,0.0998029,0.49559,0.00091495,9.73505,-0.000434159,0.0148805,0.0999443,0.01,-0.005,0.002,0.0001,-0.0002,0.00015
78.9,0.516386,-0.0255988,9.74533,-0.00181548,0.0134687,0.0994133,0.506091,-0.0205893,9.74444,-0.000843175,0.0147811,0.100085,0.01,-0.005,0.002,0.0001,-0.0002,0.00015
79,0.517818,-0.0229693,9.74562,-0.00157621,0.0148161,0.0998145,0.510262,-0.0190064,9.74429,-0.000909029,0.0151525,0.100033,0.01,-0.005,0.002,0.0001,-0.0002,0.00015
79.1,0.510489,-0.0273546,9.73763,0.00082207,0.016065,0.102159,0.501625,-0.0245763,9.73569,-0.00123753,0.0152623,0.100103,0.01,-0.005,0.002,0.0001,-0.0002,0.00015
79.2,0.514242,-0.0247319,9.74536,0.000863043,0.015749,0.100376,0.504383,-0.0207444,9.74346,-0.00136056,0.0154751,0.0999925,0.01,-0.005,0.002,0.0001,-0.0002,0.00015
79.3,0.508003,-0.0283734,9.74347,-0.00206124,0.0143581,0.100781,0.497216,-0.0217693,9.74277,-0.00140019,0.0157945,0.100189,0.01,-0.005,0.002,0.0001,-0.0002,0.00015
79.4,0.507571,-0.0415728,9.74321,-0.00156439,0.0162291,0.10011,0.499207,-0.0358048,9.74088,-0.00159151,0.0158435,0.0999936,0.01,-0.005,0.002,0.0001,-0.0002,0.00015
79.5,0.51292,-0.0357675,9.74151,-0.0015121,0.0155234,0.102799,0.501931,-0.0295536,9.74027,-0.00194283,0.0159248,0.100117,0.01,-0.005,0.002,0.0001,-0.0002,0.00015
79.6,0.516202,-0.0427699,9.73719,-0.00150275,0.0155832,0.101005,0.506862,-0.0385334,9.73438,-0.00213387,0.0163966,0.09984,0.01,-0.005,0.002,0.0001,-0.0002,0.00015
79.7,0.504163,-0.0509953,9.73957,-0.00244572,0.0177745,0.100511,0.495682,-0.0462105,9.73766,-0.00243625,0.0162577,0.100101,0.01,-0.005,0.002,0.0001,-0.0002,0.00015
79.8,0.500089,-0.0419048,9.73565,-0.00224671,0.0159661,0.0991978,0.489872,-0.0367965,9.73396,-0.00246224,0.0165654,0.100058,0.01,-0.005,0.002,0.0001,-0.0002,0.00015
79.9,0.507603,-0.0531869,9.73738,-0.00292689,0.0167159,0.100093,0.497261,-0.0493471,9.734,-0.0027231,0.0169114,0.0999451,0.01,-0.005,0.002,0.0001,-0.0002,0.00015
80,0.503001,-0.0479818,9.73502,-0.00176549,0.0160919,0.100506,0.492344,-0.043714,9.73336,-0.00273,0.0168571,0.100092,0.01,-0.005,0.002,0.0001,-0.0002,0.00015
80.1,0.51778,-0.0567433,9.73306,-0.0037886,0.0172075,0.0986718,0.508186,-0.0515527,9.73027,-0.00317372,0.017094,0.0999816,0.01,-0.005,0.002,0.0001,-0.0002,0.00015
80.2,0.503892,-0.0591813,9.7476,-0.00459046,0.0181826,0.0988712,0.493189,-0.0538574,9.7437,-0.00310359,0.0171658,0.100023,0.01,-0.005,0.002,0.0001,-0.0002,0.00015
80.3,0.508188,-0.0618636,9.73593,-0.00161758,0.0180569,0.0991569,0.497308,-0.0567818,9.73319,-0.00327401,0.017443,0.0999403,0.01,-0.005,0.002,0.0001,-0.0002,0.00015
80.4,0.505035,-0.0609324,9.73719,-0.00352635,0.0175259,0.0990992,0.494116,-0.05689,9.73418,-0.00363381,0.0173746,0.099868,0.01,-0.005,0.002,0.0001,-0.0002,0.00015
80.5,0.510255,-0.0620186,9.73278,-0.00358005,0.0180885,0.101365,0.500349,-0.0580138,9.73121,-0.00378264,0.0175774,0.100034,0.01,-0.005,0.002,0.0001,-0.0002,0.00015
80.6,0.503848,-0.0643569,9.74065,-0.00457143,0.0178257,0.0993047,0.494431,-0.0592337,9.73747,-0.00379746,0.0177135,0.0998723,0.01,-0.005,0.002,0.0001,-0.0002,0.00015
80.7,0.498289,-0.0682021,9.72984,-0.00216552,0.0168062,0.10154,0.486945,-0.0646803,9.72885,-0.00407581,0.0178885,0.100106,0.01,-0.005,0.002,0.0001,-0.0002,0.00015
80.8,0.496442,-0.0750245,9.73795,-0.00477473,0.016001,0.100802,0.487428,-0.0703259,9.73705,-0.0044282,0.0181195,0.0997874,0.01,-0.005,0.002,0.0001,-0.0002,0.00015
80.9,0.50285,-0.0747817,9.7353,-0.00450252,0.0176919,0.101013,0.493736,-0.0700387,9.73257,-0.00451064,0.0181148,0.0999892,0.01,-0.005,0.002,0.0001,-0.0002,0.00015
81,0.498779,-0.074986,9.7354,-0.00566815,0.0168364,0.100617,0.487566,-0.0702528,9.73273,-0.00483256,0.0182701,0.10004,0.01,-0.005,0.002,0.0001,-0.0002,0.00015
81.1,0.500917,-0.0807765,9.73535,-0.00415396,0.0199361,0.098983,0.49092,-0.0726703,9.73206,-0.00483905,0.0183508,0.0999577,0.01,-0.005,0.002,0.0001,-0.0002,0.00015
81.2,0.49774,-0.080536,9.72756,-0.00380534,0.0185093,0.099392,0.488014,-0.0747061,9.72581,-0.00506923,0.0185195,0.0999173,0.01,-0.005,0.002,0.0001,-0.0002,0.00015
81.3,0.492519,-0.0796726,9.73727,-0.00483668,0.0173728,0.100654,0.481207,-0.0743146,9.73654,-0.00520071,0.0185864,0.0998869,0.01,-0.005,0.002,0.0001,-0.0002,0.00015
81.4,0.489631,-0.0939892,9.73641,-0.00505603,0.0190234,0.100976,0.479765,-0.0890408,9.73396,-0.00536596,0.0188061,0.10009,0.01,-0.005,0.002,0.0001,-0.0002,0.00015
81.5,0.490919,-0.0962593,9.72921,-0.00676577,0.0193789,0.100598,0.480177,-0.0923379,9.72633,-0.00559954,0.0188718,0.100046,0.01,-0.005,0.002,0.0001,-0.0002,0.00015
81.6,0.495233,-0.0994226,9.72955,-0.00612013,0.0180935,0.0992222,0.484716,-0.0943142,9.72516,-0.00573133,0.0188269,0.0999912,0.01,-0.005,0.002,0.0001,-0.0002,0.00015
81.7,0.494186,-0.101481,9.72763,-0.00505881,0.0195743,0.0991069,0.483851,-0.0946657,9.72556,-0.00602957,0.0190046,0.100308,0.01,-0.005,0.002,0.0001,-0.0002,0.00015
81.8,0.478443,-0.102041,9.7239,-0.00513585,0.019166,0.100257,0.469611,-0.0978487,9.72142,-0.00610708,0.0191032,0.0998604,0.01,-0.005,0.002,0.0001,-0.0002,0.00015
81.9,0.48627,-0.113067,9.72061,-0.00541535,0.0199307,0.100991,0.477176,-0.108075,9.71853,-0.00633444,0.0191878,0.0999808,0.01,-0.005,0.002,0.0001,-0.0002,0.00015
82,0.477923,-0.11196,9.72621,-0.00702687,0.0179877,0.102107,0.468754,-0.105649,9.72417,-0.00631647,0.0192893,0.100049,0.01,-0.005,0.002,0.0001,-0.0002,0.00015
82.1,0.475114,-0.111525,9.72174,-0.00663655,0.0181622,0.0998519,0.465102,-0.105851,9.72094,-0.00660874,0.0194151,0.10009,0.01,-0.005,0.002,0.0001,-0.0002,0.00015
82.2,0.480124,-0.107304,9.72406,-0.00669051,0.0187154,0.100236,0.468971,-0.103755,9.72318,-0.00684011,0.0195898,0.100006,0.01,-0.005,0.002,0.0001,-0.0002,0.00015
82.3,0.484874,-0.11743,9.72197,-0.00616977,0.0197951,0.100192,0.473677,-0.111694,9.72076,-0.00688325,0.0195207,0.0999771,0.01,-0.005,0.002,0.0001,-0.0002,0.00015
82.4,0.473706,-0.111681,9.73727,-0.007881,0.0189379,0.0994061,0.463587,-0.108939,9.73414,-0.00679556,0.0195625,0.0998279,0.01,-0.005,0.002,0.0001,-0.0002,0.00015
82.5,0.468377,-0.124634,9.74616,-0.00678256,0.0198415,0.100467,0.459787,-0.118424,9.74451,-0.00700388,0.0195635,0.0999699,0.01,-0.005,0.002,0.0001,-0.0002,0.00015
82.6,0.48042,-0.118658,9.72752,-0.00810112,0.0199843,0.0990223,0.469388,-0.114774,9.72589,-0.00748522,0.0197063,0.10007,0.01,-0.005,0.002,0.0001,-0.0002,0.00015
82.7,0.454505,-0.117521,9.72805,-0.00868381,0.0191844,0.100659,0.445807,-0.111968,9.72643,-0.00732816,0.0195013,0.100005,0.01,-0.005,0.002,0.0001,-0.0002,0.00015
82.8,0.467661,-0.130305,9.72685,-0.00852415,0.0185622,0.0997472,0.457989,-0.125156,9.72521,-0.00743493,0.0198009,0.100144,0.01,-0.005,0.002,0.0001,-0.0002,0.00015
82.9,0.458147,-0.127583,9.73509,-0.00898307,0.0196,0.0999324,0.449701,-0.122703,9.7311,-0.00751578,0.0198557,0.100089,0.01,-0.005,0.002,0.0001,-0.0002,0.00015
83,0.462016,-0.133611,9.73715,-0.00685452,0.0214556,0.100047,0.452677,-0.129908,9.73429,-0.00782993,0.0199021,0.100038,0.01,-0.005,0.002,0.0001,-0.0002,0.00015
83.1,0.461906,-0.140553,9.72929,-0.0067729,0.0203104,0.101262,0.45047,-0.135829,9.72715,-0.0079717,0.0198769,0.100124,0.01,-0.005,0.002,0.0001,-0.0002,0.00015
83.2,0.457023,-0.137237,9.72947,-0.0064423,0.021481,0.100501,0.446283,-0.131491,9.7295,-0.00794327,0.0198572,0.100156,0.01,-0.005,0.002,0.0001,-0.0002,0.00015
83.3,0.461641,-0.139095,9.73591,-0.00822493,0.0183214,0.0992704,0.452638,-0.135325,9.73431,-0.00809912,0.0199438,0.100046,0.01,-0.005,0.002,0.0001,-0.0002,0.00015
83.4,0.459772,-0.153517,9.71729,-0.00877679,0.0185982,0.0995688,0.448659,-0.148507,9.71477,-0.00828702,0.0200642,0.100039,0.01,-0.005,0.002,0.0001,-0.0002,0.00015
83.5,0.449761,-0.140642,9.72448,-0.00790987,0.0192753,0.101911,0.440001,-0.135495,9.72231,-0.00837441,0.0201656,0.10001,0.01,-0.005,0.002,0.0001,-0.0002,0.00015
83.6,0.442598,-0.151195,9.72743,-0.00926455,0.0210808,0.0991493,0.432866,-0.145949,9.72632,-0.0085397,0.0200597,0.0998737,0.01,-0.005,0.002,0.0001,-0.0002,0.00015
83.7,0.451036,-0.152648,9.72664,-0.00680043,0.0209638,0.0999315,0.440671,-0.147897,9.72322,-0.00852015,0.0199685,0.100072,0.01,-0.005,0.002,0.0001,-0.0002,0.00015
83.8,0.444799,-0.148941,9.72397,-0.0101088,0.020865,0.0996374,0.436407,-0.144694,9.72359,-0.00862542,0.0199405,0.0999393,0.01,-0.005,0.002,0.0001,-0.0002,0.00015
83.9,0.438738,-0.153393,9.7362,-0.00664192,0.0198078,0.0993812,0.42915,-0.148054,9.7338,-0.00857166,0.020109,0.0999484,0.01,-0.005,0.002,0.0001,-0.0002,0.00015
84,0.447329,-0.17941,9.7282,-0.0073488,0.0187067,0.0988736,0.43705,-0.172268,9.72527,-0.00881879,0.0199353,0.100003,0.01,-0.005,0.002,0.0001,-0.0002,0.00015
84.1,0.433939,-0.161134,9.72005,-0.00963287,0.0190487,0.0998161,0.425057,-0.155215,9.71852,-0.00884497,0.0199215,0.10008,0.01,-0.005,0.002,0.0001,-0.0002,0.00015
84.2,0.436132,-0.172438,9.72901,-0.00822011,0.0206328,0.098869,0.427172,-0.167238,9.72843,-0.00883716,0.0199863,0.1001,0.01,-0.005,0.002,0.0001,-0.0002,0.00015
84.3,0.437258,-0.16431,9.72905,-0.00744734,0.0199789,0.100685,0.427617,-0.159212,9.72565,-0.00913399,0.0197697,0.099982,0.01,-0.005,0.002,0.0001,-0.0002,0.00015
84.4,0.421091,-0.173393,9.71767,-0.00773542,0.0193768,0.100611,0.412063,-0.168535,9.71697,-0.00918089,0.0199619,0.100033,0.01,-0.005,0.002,0.0001,-0.0002,0.00015
84.5,0.431195,-0.168162,9.7356,-0.0100206,0.018479,0.0989409,0.421344,-0.162902,9.73431,-0.00922416,0.0199044,0.100202,0.01,-0.005,0.002,0.0001,-0.0002,0.00015
84.6,0.412926,-0.178632,9.72511,-0.0103588,0.0208503,0.099605,0.400581,-0.173349,9.72364,-0.0093294,0.0200184,0.0999626,0.01,-0.005,0.002,0.0001,-0.0002,0.00015
84.7,0.42096,-0.180337,9.72764,-0.0113443,0.0190391,0.0996606,0.412351,-0.174471,9.72688,-0.00956328,0.0196062,0.09997,0.01,-0.005,0.002,0.0001,-0.0002,0.00015
84.8,0.417785,-0.191429,9.72325,-0.00772533,0.0203615,0.09877,0.40779,-0.185114,9.7207,-0.00963901,0.0198736,0.099965,0.01,-0.005,0.002,0.0001,-0.0002,0.00015
84.9,0.412474,-0.187421,9.72002,-0.00986419,0.0196448,0.099807,0.402413,-0.18244,9.71672,-0.0096651,0.0194535,0.100161,0.01,-0.005,0.002,0.0001,-0.0002,0.00015
85,0.401784,-0.177738,9.72245,-0.00926958,0.0200301,0.100921,0.391367,-0.174155,9.7205,-0.00943496,0.0195674,0.100027,0.01,-0.005,0.002,0.0001,-0.0002,0.00015
85.1,0.408712,-0.188984,9.72582,-0.0088635,0.0176869,0.0996217,0.398287,-0.182874,9.72431,-0.00962959,0.019332,0.0999593,0.01,-0.005,0.002,0.0001,-0.0002,0.00015
85.2,0.401419,-0.191418,9.73169,-0.0100069,0.0194314,0.0993838,0.391003,-0.187077,9.72868,-0.00965997,0.0196322,0.100176,0.01,-0.005,0.002,0.0001,-0.0002,0.00015
85.3,0.398722,-0.195103,9.72276,-0.00963661,0.0190119,0.100016,0.388514,-0.189493,9.72007,-0.00966209,0.019495,0.100016,0.01,-0.005,0.002,0.0001,-0.0002,0.00015
85.4,0.396209,-0.197067,9.71567,-0.00840223,0.0194935,0.101171,0.387419,-0.194371,9.71434,-0.00968781,0.0195775,0.099996,0.01,-0.005,0.002,0.0001,-0.0002,0.00015
85.5,0.393082,-0.19478,9.72758,-0.00833423,0.0178867,0.100612,0.383917,-0.190255,9.72617,-0.00969538,0.0192067,0.0999628,0.01,-0.005,0.002,0.0001,-0.0002,0.00015
85.6,0.391901,-0.196951,9.7265,-0.0107809,0.0168944,0.101664,0.381099,-0.192788,9.72461,-0.00999656,0.0192587,0.100167,0.01,-0.005,0.002,0.0001,-0.0002,0.00015
85.7,0.395626,-0.194963,9.72238,-0.011263,0.0176402,0.100255,0.385909,-0.189362,9.72129,-0.0098533,0.0190787,0.100089,0.01,-0.005,0.002,0.0001,-0.0002,0.00015
85.8,0.387023,-0.207941,9.72203,-0.00858809,0.0210271,0.0999163,0.376447,-0.203396,9.71923,-0.00981201,0.0191337,0.100012,0.01,-0.005,0.002,0.0001,-0.0002,0.00015
85.9,0.382083,-0.203875,9.7187,-0.00979966,0.0185365,0.0993257,0.37194,-0.199351,9.71523,-0.009871,0.0191358,0.100191,0.01,-0.005,0.002,0.0001,-0.0002,0.00015
86,0.376594,-0.211141,9.71826,-0.00982367,0.0174277,0.10066,0.366106,-0.205266,9.71578,-0.00997073,0.0190837,0.0999407,0.01,-0.005,0.002,0.0001,-0.0002,0.00015
86.1,0.379223,-0.211445,9.71863,-0.00877287,0.0202432,0.100468,0.368429,-0.205966,9.71822,-0.0100472,0.0188032,0.0999691,0.01,-0.005,0.002,0.0001,-0.0002,0.00015
86.2,0.361919,-0.218696,9.71391,-0.011537,0.0195442,0.102523,0.35094,-0.213874,9.71248,-0.0101155,0.0186003,0.100158,0.01,-0.005,0.002,0.0001,-0.0002,0.00015
86.3,0.366639,-0.222818,9.71703,-0.00935333,0.0178966,0.0999595,0.357012,-0.218597,9.71367,-0.0100021,0.018534,0.0999452,0.01,-0.005,0.002,0.0001,-0.0002,0.00015
86.4,0.36035,-0.226784,9.71804,-0.0103621,0.0178579,0.100296,0.350546,-0.22247,9.71669,-0.00977168,0.018431,0.10004,0.01,-0.005,0.002,0.0001,-0.0002,0.00015
86.5,0.359829,-0.234647,9.71372,-0.00967315,0.018668,0.0998998,0.349347,-0.229364,9.71102,-0.00988832,0.0182419,0.100063,0.01,-0.005,0.002,0.0001,-0.0002,0.00015
86.6,0.358607,-0.217322,9.71555,-0.00910003,0.0175705,0.100815,0.349017,-0.213403,9.71453,-0.00999769,0.0183853,0.100043,0.01,-0.005,0.002,0.0001,-0.0002,0.00015
86.7,0.351603,-0.228255,9.71891,-0.00909376,0.0191369,0.0997164,0.341975,-0.221353,9.71612,-0.00988578,0.0183456,0.100066,0.01,-0.005,0.002,0.0001,-0.0002,0.00015
86.8,0.346895,-0.223071,9.71909,-0.0111284,0.0166005,0.0995983,0.337538,-0.219108,9.71743,-0.0099777,0.0179585,0.0998356,0.01,-0.005,0.002,0.0001,-0.0002,0.00015
86.9,0.349298,-0.231891,9.72598,-0.00964081,0.0180367,0.100829,0.338669,-0.227142,9.72404,-0.00986945,0.0179905,0.100075,0.01,-0.005,0.002,0.0001,-0.0002,0.00015
87,0.342564,-0.238028,9.72528,-0.00775427,0.0182547,0.100893,0.331722,-0.232375,9.72295,-0.0100419,0.0177601,0.0999925,0.01,-0.005,0.002,0.0001,-0.0002,0.00015
87.1,0.336765,-0.238618,9.72123,-0.0124007,0.0177744,0.100463,0.327382,-0.23266,9.71841,-0.00985352,0.0175801,0.100005,0.01,-0.005,0.002,0.0001,-0.0002,0.00015
87.2,0.344797,-0.233514,9.72566,-0.00986281,0.018263,0.100815,0.335718,-0.228047,9.72452,-0.00984394,0.017471,0.100295,0.01,-0.005,0.002,0.0001,-0.0002,0.00015
87.3,0.332021,-0.236586,9.71283,-0.0106565,0.0161618,0.100348,0.321777,-0.233091,9.71015,-0.0097416,0.0173398,0.10006,0.01,-0.005,0.002,0.0001,-0.0002,0.00015
87.4,0.328042,-0.237699,9.71757,-0.00843254,0.0166796,0.0996652,0.318875,-0.231549,9.71605,-0.00979866,0.016791,0.0999041,0.01,-0.005,0.002,0.0001,-0.0002,0.00015
87.5,0.330095,-0.239023,9.72132,-0.00870487,0.0174869,0.099328,0.320268,-0.235087,9.71896,-0.00973765,0.016848,0.100076,0.01,-0.005,0.002,0.0001,-0.0002,0.00015
87.6,0.314809,-0.243584,9.72933,-0.0094656,0.0181955,0.0996768,0.302728,-0.239003,9.72856,-0.00966732,0.0167235,0.100025,0.01,-0.005,0.002,0.0001,-0.0002,0.00015
87.7,0.313306,-0.245356,9.71295,-0.00925373,0.0172227,0.0991318,0.301759,-0.241021,9.71052,-0.00955726,0.0165163,0.100134,0.01,-0.005,0.002,0.0001,-0.0002,0.00015
87.8,0.312613,-0.251993,9.71376,-0.00939648,0.0149022,0.0998213,0.303631,-0.24729,9.71162,-0.00956142,0.0165992,0.100076,0.01,-0.005,0.002,0.0001,-0.0002,0.00015
87.9,0.303318,-0.261248,9.71668,-0.00793175,0.0174948,0.0986756,0.292321,-0.256281,9.71437,-0.00949419,0.0163893,0.100123,0.01,-0.005,0.002,0.0001,-0.0002,0.00015
88,0.307728,-0.250039,9.72223,-0.0106684,0.0163012,0.100621,0.296445,-0.245202,9.71975,-0.00960271,0.016177,0.099935,0.01,-0.005,0.002,0.0001,-0.0002,0.00015
88.1,0.298739,-0.253011,9.71779,-0.0084297,0.0163255,0.100136,0.289749,-0.247051,9.71291,-0.00928796,0.0157837,0.100108,0.01,-0.005,0.002,0.0001,-0.0002,0.00015
88.2,0.292988,-0.257431,9.71732,-0.0110785,0.0151177,0.0997515,0.281764,-0.250609,9.71367,-0.00936803,0.0159083,0.0999586,0.01,-0.005,0.002,0.0001,-0.0002,0.00015
88.3,0.28348,-0.256643,9.71692,-0.0079586,0.0152896,0.101097,0.275655,-0.251696,9.71575,-0.00923349,0.0154861,0.100028,0.01,-0.005,0.002,0.0001,-0.0002,0.00015
88.4,0.285066,-0.246608,9.71635,-0.008669,0.0165493,0.0993041,0.275383,-0.242363,9.71469,-0.00901072,0.0154292,0.100018,0.01,-0.005,0.002,0.0001,-0.0002,0.00015
88.5,0.278693,-0.260463,9.71036,-0.00895118,0.015106,0.0998657,0.268424,-0.255022,9.7098,-0.00904921,0.0153244,0.100099,0.01,-0.005,0.002,0.0001,-0.0002,0.00015
88.6,0.271214,-0.261521,9.71821,-0.00867254,0.0154173,0.0986402,0.260817,-0.254748,9.71714,-0.00900613,0.0149866,0.0998942,0.01,-0.005,0.002,0.0001,-0.0002,0.00015
88.7,0.281964,-0.258342,9.71887,-0.00827738,0.0151577,0.102694,0.27249,-0.2529,9.71857,-0.00891283,0.0147313,0.100086,0.01,-0.005,0.002,0.0001,-0.0002,0.00015
88.8,0.265165,-0.267635,9.71349,-0.00927214,0.0145725,0.10114,0.255236,-0.262227,9.71169,-0.0089406,0.0144749,0.100077,0.01,-0.005,0.002,0.0001,-0.0002,0.00015
88.9,0.258944,-0.256301,9.71872,-0.00787703,0.0130778,0.0999721,0.249427,-0.25247,9.71559,-0.00878533,0.0143684,0.0999937,0.01,-0.005,0.002,0.0001,-0.0002,0.00015
89,0.269551,-0.265818,9.71273,-0.00768359,0.0138465,0.098657,0.259535,-0.261267,9.71067,-0.0085287,0.0141141,0.100133,0.01,-0.005,0.002,0.0001,-0.0002,0.00015
89.1,0.255831,-0.272341,9.71562,-0.00681771,0.015217,0.0988547,0.244261,-0.266272,9.71283,-0.00855756,0.0139153,0.0998225,0.01,-0.005,0.002,0.0001,-0.0002,0.00015
89.2,0.245843,-0.26651,9.71502,-0.00900591,0.0118148,0.101509,0.238602,-0.262999,9.71292,-0.00844433,0.0137762,0.0997981,0.01,-0.005,0.002,0.0001,-0.0002,0.00015
89.3,0.242521,-0.278883,9.71535,-0.00754455,0.012879,0.100191,0.232137,-0.273271,9.71335,-0.0082119,0.0136245,0.0999617,0.01,-0.005,0.002,0.0001,-0.0002,0.00015
89.4,0.239873,-0.270211,9.72098,-0.00990219,0.0137289,0.0998993,0.228148,-0.266049,9.71816,-0.00810559,0.0133611,0.0999337,0.01,-0.005,0.002,0.0001,-0.0002,0.00015
89.5,0.230788,-0.268894,9.71706,-0.00699799,0.0134036,0.099864,0.221968,-0.263628,9.71568,-0.00805978,0.0130889,0.0999009,0.01,-0.005,0.002,0.0001,-0.0002,0.00015
89.6,0.231143,-0.276476,9.71494,-0.00628921,0.013662,0.10162,0.221251,-0.269842,9.7124,-0.00776695,0.0127329,0.0999084,0.01,-0.005,0.002,0.0001,-0.0002,0.00015
89.7,0.230527,-0.272428,9.71809,-0.00858245,0.0110442,0.0991441,0.221609,-0.266856,9.71611,-0.00802457,0.0125943,0.0998885,0.01,-0.005,0.002,0.0001,-0.0002,0.00015
89.8,0.223765,-0.272382,9.72301,-0.00756911,0.0112471,0.101841,0.215833,-0.266506,9.72115,-0.0078303,0.0124346,0.099999,0.01,-0.005,0.002,0.0001,-0.0002,0.00015
89.9,0.221965,-0.277656,9.70666,-0.00775569,0.0106598,0.101459,0.21159,-0.275207,9.70484,-0.00759171,0.0121099,0.0999945,0.01,-0.005,0.002,0.0001,-0.0002,0.00015
90,0.209657,-0.27573,9.71199,-0.00687866,0.0118364,0.101795,0.20064,-0.270566,9.71041,-0.00730745,0.011831,0.100026,0.01,-0.005,0.002,0.0001,-0.0002,0.00015
90.1,0.21814,-0.288611,9.7093,-0.00579604,0.0111773,0.0987338,0.208362,-0.284227,9.70864,-0.00740019,0.011697,0.0999222,0.01,-0.005,0.002,0.0001,-0.0002,0.00015
90.2,0.207222,-0.277986,9.71502,-0.0066402,0.0110796,0.0991227,0.197417,-0.270525,9.71362,-0.00727661,0.0114352,0.0998476,0.01,-0.005,0.002,0.0001,-0.0002,0.00015
90.3,0.212329,-0.283151,9.71528,-0.00788155,0.0120626,0.0998363,0.201592,-0.277027,9.71126,-0.00704646,0.0112129,0.100141,0.01,-0.005,0.002,0.0001,-0.0002,0.00015
90.4,0.189845,-0.284533,9.70851,-0.00531496,0.00977556,0.0995052,0.18074,-0.28046,9.70706,-0.00696137,0.0108985,0.100098,0.01,-0.005,0.002,0.0001,-0.0002,0.00015
90.5,0.187022,-0.277868,9.71472,-0.00642558,0.0103608,0.0998956,0.177578,-0.273424,9.71299,-0.00690663,0.0105616,0.100017,0.01,-0.005,0.002,0.0001,-0.0002,0.00015
90.6,0.192109,-0.282452,9.7183,-0.00707913,0.0111436,0.0990104,0.182944,-0.276564,9.71697,-0.00645748,0.0105219,0.100263,0.01,-0.005,0.002,0.0001,-0.0002,0.00015
90.7,0.174886,-0.29438,9.69801,-0.00902596,0.00880712,0.0998457,0.164091,-0.287765,9.695,-0.00662075,0.0102293,0.100077,0.01,-0.005,0.002,0.0001,-0.0002,0.00015
90.8,0.181531,-0.283816,9.70595,-0.00611217,0.00807335,0.100247,0.172903,-0.279922,9.70425,-0.00637498,0.00990633,0.100005,0.01,-0.005,0.002,0.0001,-0.0002,0.00015
90.9,0.172351,-0.283234,9.71628,-0.00533387,0.00950987,0.102167,0.162336,-0.279507,9.7149,-0.00631305,0.00954424,0.100044,0.01,-0.005,0.002,0.0001,-0.0002,0.00015
91,0.17702,-0.29412,9.71214,-0.00617194,0.00705917,0.100919,0.16772,-0.288582,9.7075,-0.00607636,0.00921707,0.0999934,0.01,-0.005,0.002,0.0001,-0.0002,0.00015
91.1,0.151642,-0.292956,9.71655,-0.00598476,0.00829519,0.101331,0.140749,-0.288174,9.7143,-0.00579722,0.00912249,0.10009,0.01,-0.005,0.002,0.0001,-0.0002,0.00015
91.2,0.164545,-0.294784,9.71262,-0.00562724,0.00823458,0.0987126,0.153262,-0.289013,9.70984,-0.00567824,0.00886167,0.100203,0.01,-0.005,0.002,0.0001,-0.0002,0.00015
91.3,0.156498,-0.287679,9.70852,-0.00560208,0.00845695,0.0994639,0.14644,-0.282539,9.70536,-0.00547151,0.0085516,0.100034,0.01,-0.005,0.002,0.0001,-0.0002,0.00015
91.4,0.150232,-0.295066,9.70659,-0.00778469,0.00803026,0.0999816,0.139998,-0.290227,9.70417,-0.00541503,0.0083201,0.0999736,0.01,-0.005,0.002,0.0001,-0.0002,0.00015
91.5,0.140334,-0.298172,9.71128,-0.00686143,0.00941637,0.0979772,0.129763,-0.29435,9.70966,-0.00518772,0.0081567,0.0999321,0.01,-0.005,0.002,0.0001,-0.0002,0.00015
91.6,0.140573,-0.298658,9.712,-0.00650222,0.00617463,0.0992896,0.131264,-0.294925,9.70985,-0.00511281,0.00768919,0.0999574,0.01,-0.005,0.002,0.0001,-0.0002,0.00015
91.7,0.132555,-0.30311,9.70803,-0.00584177,0.00862569,0.100382,0.123103,-0.297601,9.70719,-0.00485313,0.007376,0.100079,0.01,-0.005,0.002,0.0001,-0.0002,0.00015
91.8,0.125482,-0.30365,9.71755,-0.00438913,0.00643555,0.100805,0.115122,-0.297607,9.71541,-0.00474172,0.00719713,0.100052,0.01,-0.005,0.002,0.0001,-0.0002,0.00015
91.9,0.126153,-0.299544,9.71733,-0.00550802,0.00657144,0.0999504,0.116995,-0.295489,9.71569,-0.00464394,0.00688288,0.100105,0.01,-0.005,0.002,0.0001,-0.0002,0.00015
92,0.124363,-0.305717,9.70993,-0.00595989,0.00731248,0.0976954,0.113492,-0.299786,9.70737,-0.00430552,0.00670669,0.0998279,0.01,-0.005,0.002,0.0001,-0.0002,0.00015
92.1,0.115316,-0.299059,9.70356,-0.00404934,0.00492589,0.101521,0.105036,-0.293761,9.70411,-0.00415374,0.00635615,0.10004,0.01,-0.005,0.002,0.0001,-0.0002,0.00015
92.2,0.113807,-0.312917,9.70933,-0.00386813,0.00650541,0.100102,0.102843,-0.30745,9.7074,-0.00410181,0.00600898,0.0999481,0.01,-0.005,0.002,0.0001,-0.0002,0.00015
92.3,0.105512,-0.304298,9.70794,-0.00352883,0.00521227,0.0999549,0.0950946,-0.297898,9.70531,-0.00383239,0.00568365,0.0999846,0.01,-0.005,0.002,0.0001,-0.0002,0.00015
92.4,0.100327,-0.302512,9.70332,-0.00435703,0.00468629,0.100405,0.0913956,-0.298058,9.70051,-0.00361347,0.00537304,0.100102,0.01,-0.005,0.002,0.0001,-0.0002,0.00015
92.5,0.0895403,-0.304784,9.71148,-0.0014263,0.00581831,0.100132,0.0808292,-0.299286,9.70819,-0.00322129,0.00517995,0.0999427,0.01,-0.005,0.002,0.0001,-0.0002,0.00015
92.6,0.0886495,-0.311163,9.71241,-0.00405608,0.00630795,0.0998609,0.0784734,-0.306326,9.71145,-0.00311532,0.00486659,0.100128,0.01,-0.005,0.002,0.0001,-0.0002,0.00015
92.7,0.0858978,-0.297523,9.7106,-0.00102967,0.0045925,0.100862,0.0756032,-0.292291,9.70867,-0.00304165,0.00478217,0.100131,0.01,-0.005,0.002,0.0001,-0.0002,0.00015
92.8,0.087207,-0.309122,9.71528,-0.00197562,0.00467441,0.0986561,0.076956,-0.304128,9.7138,-0.00299409,0.00429277,0.100056,0.01,-0.005,0.002,0.0001,-0.0002,0.00015
92.9,0.0704746,-0.31619,9.7098,-0.00409527,0.00532135,0.100256,0.0623394,-0.311337,9.70853,-0.00267209,0.00389159,0.100068,0.01,-0.005,0.002,0.0001,-0.0002,0.00015
93,0.0689153,-0.308471,9.70793,-0.0039988,0.00405927,0.101055,0.0588825,-0.301999,9.70729,-0.00254589,0.00377055,0.0999019,0.01,-0.005,0.002,0.0001,-0.0002,0.00015
93.1,0.0683659,-0.306039,9.70512,-0.00344562,0.00352816,0.100699,0.0575708,-0.300742,9.70305,-0.00246503,0.00307484,0.100036,0.01,-0.005,0.002,0.0001,-0.0002,0.00015
93.2,0.0617943,-0.304067,9.71135,-0.00253777,0.00392363,0.102236,0.0519388,-0.300016,9.71022,-0.00207234,0.00318495,0.100192,0.01,-0.005,0.002,0.0001,-0.0002,0.00015
93.3,0.0620552,-0.298799,9.71105,-0.00292896,0.00217003,0.100211,0.0502769,-0.293299,9.7095,-0.00188759,0.00294646,0.100055,0.01,-0.005,0.002,0.0001,-0.0002,0.00015
93.4,0.053399,-0.316782,9.69957,-0.00108987,0.00295775,0.100327,0.0433746,-0.310289,9.6973,-0.0016429,0.00242438,0.0999294,0.01,-0.005,0.002,0.0001,-0.0002,0.00015
93.5,0.0434212,-0.297059,9.71628,-0.00147627,0.00282895,0.101079,0.0322072,-0.292841,9.71405,-0.00143299,0.00216427,0.100043,0.01,-0.005,0.002,0.0001,-0.0002,0.00015
93.6,0.0414065,-0.308909,9.7049,-0.000739042,0.000556665,0.0991261,0.0316023,-0.301526,9.70345,-0.00138358,0.00230548,0.0999828,0.01,-0.005,0.002,0.0001,-0.0002,0.00015
93.7,0.0343,-0.310011,9.70746,-0.000914466,0.00176233,0.0997961,0.0244427,-0.305187,9.70357,-0.0010808,0.001601,0.0999676,0.01,-0.005,0.002,0.0001,-0.0002,0.00015
93.8,0.0415722,-0.306801,9.71132,-0.00172435,0.00088833,0.101175,0.0300783,-0.301234,9.70985,-0.000748735,0.00138027,0.100043,0.01,-0.005,0.002,0.0001,-0.0002,0.00015
93.9,0.0298045,-0.308139,9.71117,-0.000879296,0.000507022,0.0994848,0.0206101,-0.304651,9.70987,-0.000751095,0.000888582,0.0999424,0.01,-0.005,0.002,0.0001,-0.0002,0.00015
94,0.0203347,-0.310544,9.71564,-0.000873483,0.00121031,0.0999718,0.00892398,-0.304945,9.71417,-0.000507113,0.000611055,0.100138,0.01,-0.005,0.002,0.0001,-0.0002,0.00015
94.1,0.0172646,-0.305941,9.71696,0.000586704,0.000973101,0.101131,0.00752421,-0.301289,9.71538,-0.000147761,0.000394431,0.0999863,0.01,-0.005,0.002,0.0001,-0.0002,0.00015
94.2,0.0124917,-0.312289,9.71613,0.00233113,0.000921344,0.100197,0.00301283,-0.308158,9.71495,4.86706e-05,0.000220665,0.0999387,0.01,-0.005,0.002,0.0001,-0.0002,0.00015
94.3,0.0131836,-0.306077,9.72198,-0.00111618,-0.000628735,0.0998212,0.00449652,-0.299415,9.72062,0.000234345,-0.000275343,0.10016,0.01,-0.005,0.002,0.0001,-0.0002,0.00015
94.4,0.00412693,-0.301737,9.71291,-0.000193635,-0.00130917,0.101151,-0.00442109,-0.296259,9.71066,0.000343789,-0.000379758,0.0998617,0.01,-0.005,0.002,0.0001,-0.0002,0.00015
94.5,-0.00779754,-0.310548,9.71208,-0.000366095,-0.0014212,0.0991208,-0.0167499,-0.304129,9.71058,0.000573485,-0.000785746,0.0998993,0.01,-0.005,0.002,0.0001,-0.0002,0.00015
94.6,-0.00734301,-0.303433,9.71579,0.00194138,0.000629559,0.100086,-0.0165176,-0.299707,9.71254,0.000695997,-0.000903112,0.0999413,0.01,-0.005,0.002,0.0001,-0.0002,0.00015
94.7,-0.0106455,-0.310625,9.71294,-7.34159e-06,0.000474984,0.100457,-0.022118,-0.305534,9.71326,0.00104374,-0.00144945,0.100145,0.01,-0.005,0.002,0.0001,-0.0002,0.00015
94.8,-0.0183539,-0.308842,9.71731,0.00152868,-0.000664581,0.0990799,-0.0288874,-0.304721,9.71429,0.0010881,-0.00166511,0.10004,0.01,-0.005,0.002,0.0001,-0.0002,0.00015
94.9,-0.0237683,-0.301693,9.70747,0.00109772,-0.00212741,0.100947,-0.0360293,-0.295804,9.7047,0.00107035,-0.00205343,0.0999058,0.01,-0.005,0.002,0.0001,-0.0002,0.00015
95,-0.0238729,-0.298188,9.71581,0.00176964,-0.0025954,0.101306,-0.03299,-0.293142,9.7143,0.00162502,-0.00218537,0.10011,0.01,-0.005,0.002,0.0001,-0.0002,0.00015
95.1,-0.0323988,-0.311644,9.72025,0.00225792,-0.00252347,0.10095,-0.0425328,-0.306789,9.71892,0.0018901,-0.00258032,0.1001,0.01,-0.005,0.002,0.0001,-0.0002,0.00015
95.2,-0.0336149,-0.301269,9.71152,0.00227698,-0.00308673,0.10207,-0.0439475,-0.29771,9.70965,0.00188793,-0.00285724,0.0999796,0.01,-0.005,0.002,0.0001,-0.0002,0.00015
95.3,-0.0437231,-0.299049,9.71256,0.000208472,-0.00301385,0.100657,-0.0545921,-0.292244,9.71085,0.00230676,-0.00324044,0.100071,0.01,-0.005,0.002,0.0001,-0.0002,0.00015
95.4,-0.0418033,-0.309024,9.70994,0.00288112,-0.00277839,0.100523,-0.0515636,-0.305532,9.7084,0.00229061,-0.00349802,0.100006,0.01,-0.005,0.002,0.0001,-0.0002,0.00015
95.5,-0.0539207,-0.306941,9.72386,0.00128625,-0.0031756,0.0998353,-0.0644764,-0.302168,9.72231,0.0025201,-0.00367156,0.100064,0.01,-0.005,0.002,0.0001,-0.0002,0.00015
95.6,-0.0492648,-0.302965,9.71934,0.00322131,-0.00475778,0.0978817,-0.0619201,-0.298142,9.71769,0.00261372,-0.00404558,0.100049,0.01,-0.005,0.002,0.0001,-0.0002,0.00015
95.7,-0.0660024,-0.300504,9.71462,0.00218214,-0.00405789,0.100886,-0.0766612,-0.296298,9.71262,0.0027742,-0.00448015,0.100048,0.01,-0.005,0.002,0.0001,-0.0002,0.00015
95.8,-0.0721755,-0.300707,9.71578,0.0020309,-0.00442921,0.100178,-0.0816918,-0.295906,9.71164,0.00307051,-0.00453647,0.099942,0.01,-0.005,0.002,0.0001,-0.0002,0.00015
95.9,-0.0628452,-0.29336,9.70898,0.0022031,-0.004594,0.101719,-0.0747626,-0.286882,9.70661,0.00322138,-0.00485776,0.0998965,0.01,-0.005,0.002,0.0001,-0.0002,0.00015
96,-0.0717658,-0.29688,9.71226,0.00437568,-0.00573815,0.100065,-0.0799673,-0.292221,9.71109,0.00361736,-0.00514695,0.0998105,0.01,-0.005,0.002,0.0001,-0.0002,0.00015
96.1,-0.0823423,-0.302117,9.71452,0.00535321,-0.0050348,0.101982,-0.0933142,-0.296492,9.71212,0.00362808,-0.00558156,0.100072,0.01,-0.005,0.002,0.0001,-0.0002,0.00015
96.2,-0.0950544,-0.298214,9.7086,0.00413757,-0.00483682,0.100205,-0.104501,-0.293735,9.70534,0.00373105,-0.00562657,0.0999967,0.01,-0.005,0.002,0.0001,-0.0002,0.00015
96.3,-0.0954412,-0.298616,9.71952,0.00514845,-0.00741236,0.100986,-0.106102,-0.293743,9.7185,0.00405865,-0.00602305,0.100057,0.01,-0.005,0.002,0.0001,-0.0002,0.00015
96.4,-0.102324,-0.304473,9.71125,0.00346329,-0.00837841,0.0986446,-0.113815,-0.297805,9.70972,0.00436242,-0.00640475,0.0999417,0.01,-0.005,0.002,0.0001,-0.0002,0.00015
96.5,-0.0998552,-0.293816,9.71251,0.00367348,-0.00880415,0.100828,-0.109608,-0.287942,9.71019,0.00430047,-0.00642817,0.100012,0.01,-0.005,0.002,0.0001,-0.0002,0.00015
96.6,-0.100333,-0.296089,9.71681,0.00382976,-0.0068247,0.100371,-0.109417,-0.291343,9.71568,0.00457805,-0.00699701,0.100013,0.01,-0.005,0.002,0.0001,-0.0002,0.00015
96.7,-0.114154,-0.29641,9.70799,0.00497023,-0.00541339,0.10056,-0.122823,-0.292612,9.70689,0.00471267,-0.007378,0.10008,0.01,-0.005,0.002,0.0001,-0.0002,0.00015
96.8,-0.116607,-0.290137,9.71431,0.0046119,-0.00915096,0.100167,-0.127392,-0.285831,9.71241,0.00488545,-0.00738517,0.100041,0.01,-0.005,0.002,0.0001,-0.0002,0.00015
96.9,-0.116439,-0.295115,9.71508,0.00485507,-0.00627051,0.101538,-0.126406,-0.289503,9.71268,0.0049788,-0.00798156,0.0999402,0.01,-0.005,0.002,0.0001,-0.0002,0.00015
97,-0.114644,-0.30002,9.72105,0.00509195,-0.00778967,0.10099,-0.126026,-0.295334,9.7191,0.00522609,-0.00815972,0.100052,0.01,-0.005,0.002,0.0001,-0.0002,0.00015
97.1,-0.127045,-0.292149,9.71521,0.00540875,-0.00762395,0.0985073,-0.136889,-0.28719,9.71202,0.005417,-0.00836791,0.099996,0.01,-0.005,0.002,0.0001,-0.0002,0.00015
97.2,-0.13688,-0.292709,9.71584,0.00549239,-0.00893462,0.100342,-0.146083,-0.28943,9.71383,0.00542501,-0.00861113,0.100161,0.01,-0.005,0.002,0.0001,-0.0002,0.00015
97.3,-0.140158,-0.301397,9.71251,0.00503427,-0.00839161,0.101722,-0.150577,-0.29587,9.71021,0.00572955,-0.00876993,0.100204,0.01,-0.005,0.002,0.0001,-0.0002,0.00015
97.4,-0.138359,-0.289395,9.70904,0.00442052,-0.0096636,0.101554,-0.147282,-0.284472,9.70776,0.00587834,-0.00919758,0.0999521,0.01,-0.005,0.002,0.0001,-0.0002,0.00015
97.5,-0.143244,-0.291987,9.71232,0.00597329,-0.0090637,0.0994725,-0.153414,-0.287261,9.71036,0.0061356,-0.00930576,0.100041,0.01,-0.005,0.002,0.0001,-0.0002,0.00015
97.6,-0.160186,-0.294147,9.71472,0.00658342,-0.00994696,0.101052,-0.168752,-0.289473,9.7123,0.00627486,-0.00969478,0.100204,0.01,-0.005,0.002,0.0001,-0.0002,0.00015
97.7,-0.158795,-0.28914,9.71002,0.00522196,-0.0108322,0.0995845,-0.169453,-0.283852,9.71044,0.00615381,-0.00998424,0.0999507,0.01,-0.005,0.002,0.0001,-0.0002,0.00015
97.8,-0.170016,-0.291182,9.70723,0.00691018,-0.00998468,0.0996608,-0.178877,-0.286013,9.70374,0.00643996,-0.0102177,0.100027,0.01,-0.005,0.002,0.0001,-0.0002,0.00015
97.9,-0.166717,-0.298154,9.70599,0.00618616,-0.0103986,0.0992774,-0.176348,-0.29228,9.7043,0.00665616,-0.0106201,0.0999213,0.01,-0.005,0.002,0.0001,-0.0002,0.00015
98,-0.169622,-0.286617,9.71286,0.00597929,-0.0113971,0.100209,-0.178622,-0.281803,9.71143,0.00677068,-0.0107334,0.100026,0.01,-0.005,0.002,0.0001,-0.0002,0.00015
98.1,-0.178046,-0.293134,9.70565,0.00640043,-0.00996401,0.100916,-0.189366,-0.289112,9.70602,0.00706137,-0.0108027,0.0999983,0.01,-0.005,0.002,0.0001,-0.0002,0.00015
98.2,-0.172268,-0.282823,9.71674,0.00629045,-0.0116639,0.099177,-0.184376,-0.277394,9.71458,0.00700979,-0.0110768,0.0999928,0.01,-0.005,0.002,0.0001,-0.0002,0.00015
98.3,-0.18676,-0.277572,9.71603,0.00869775,-0.0118469,0.0998592,-0.197451,-0.272172,9.7123,0.00735079,-0.0113076,0.10003,0.01,-0.005,0.002,0.0001,-0.0002,0.00015
98.4,-0.18987,-0.282362,9.70572,0.00818523,-0.0104948,0.099704,-0.198549,-0.278108,9.70477,0.00761207,-0.0117353,0.0998439,0.01,-0.005,0.002,0.0001,-0.0002,0.00015
98.5,-0.192158,-0.277334,9.7146,0.00914906,-0.0123461,0.100374,-0.201357,-0.27223,9.71202,0.00752069,-0.0119274,0.1,0.01,-0.005,0.002,0.0001,-0.0002,0.00015
98.6,-0.192236,-0.265656,9.71941,0.00918827,-0.013476,0.099723,-0.203277,-0.259642,9.71665,0.00754585,-0.0122464,0.099926,0.01,-0.005,0.002,0.0001,-0.0002,0.00015
98.7,-0.205682,-0.273745,9.70774,0.00700638,-0.0135954,0.100964,-0.215698,-0.268689,9.70627,0.0077173,-0.0123937,0.100052,0.01,-0.005,0.002,0.0001,-0.0002,0.00015
98.8,-0.209497,-0.273216,9.71914,0.00670185,-0.0115714,0.0986887,-0.221048,-0.269511,9.71498,0.0079276,-0.0126697,0.100032,0.01,-0.005,0.002,0.0001,-0.0002,0.00015
98.9,-0.217479,-0.280418,9.7234,0.00882007,-0.0130004,0.100293,-0.226796,-0.27533,9.72057,0.00796688,-0.0129993,0.0998811,0.01,-0.005,0.002,0.0001,-0.0002,0.00015
99,-0.219674,-0.275961,9.71034,0.00691429,-0.0142382,0.0998509,-0.229644,-0.272023,9.70771,0.0081469,-0.0130193,0.100162,0.01,-0.005,0.002,0.0001,-0.0002,0.00015
99.1,-0.21629,-0.270463,9.71213,0.00655373,-0.0113445,0.0998025,-0.228857,-0.265271,9.71228,0.0082911,-0.0133913,0.0997962,0.01,-0.005,0.002,0.0001,-0.0002,0.00015
99.2,-0.234965,-0.276182,9.71958,0.00963163,-0.013692,0.101642,-0.243766,-0.271781,9.71833,0.00822829,-0.013313,0.100088,0.01,-0.005,0.002,0.0001,-0.0002,0.00015
99.3,-0.240264,-0.263442,9.72008,0.00810735,-0.014014,0.10173,-0.249861,-0.260056,9.71909,0.00848754,-0.0136727,0.100056,0.01,-0.005,0.002,0.0001,-0.0002,0.00015
99.4,-0.229906,-0.270327,9.70857,0.00739268,-0.0157484,0.100532,-0.241449,-0.265555,9.70617,0.00863585,-0.0139842,0.0997891,0.01,-0.005,0.002,0.0001,-0.0002,0.00015
99.5,-0.245184,-0.263589,9.7172,0.00808681,-0.0142477,0.0992235,-0.254184,-0.258552,9.71628,0.00876669,-0.0142925,0.100246,0.01,-0.005,0.002,0.0001,-0.0002,0.00015
99.6,-0.24156,-0.260517,9.71571,0.00790309,-0.0132338,0.101813,-0.250996,-0.255603,9.71382,0.00889504,-0.0143546,0.100379,0.01,-0.005,0.002,0.0001,-0.0002,0.00015
99.7,-0.256104,-0.258836,9.71083,0.00951536,-0.0152373,0.101316,-0.264955,-0.253862,9.70985,0.00879703,-0.0148725,0.099906,0.01,-0.005,0.002,0.0001,-0.0002,0.00015
99.8,-0.256837,-0.262891,9.71059,0.00856668,-0.0145898,0.0993632,-0.266967,-0.257438,9.70753,0.00899153,-0.0147978,0.100007,0.01,-0.005,0.002,0.0001,-0.0002,0.00015
99.9,-0.258451,-0.265736,9.71537,0.00840682,-0.0155571,0.101823,-0.266926,-0.261162,9.71356,0.00899854,-0.0150378,0.100088,0.01,-0.005,0.002,0.0001,-0.0002,0.00015
100,-0.264538,-0.25849,9.7108,0.0108756,-0.0162041,0.100817,-0.274259,-0.252687,9.7081,0.00928397,-0.0153204,0.100046,0.01,-0.005,0.002,0.0001,-0.0002,0.00015
100.1,-0.266368,-0.247059,9.71745,0.0102731,-0.0150784,0.0999612,-0.276871,-0.24239,9.71559,0.00932416,-0.0155884,0.10013,0.01,-0.005,0.002,0.0001,-0.0002,0.00015
100.2,-0.266841,-0.256211,9.72293,0.0082262,-0.0147589,0.101018,-0.278917,-0.252477,9.72024,0.0092035,-0.0157132,0.100134,0.01,-0.005,0.002,0.0001,-0.0002,0.00015
100.3,-0.273586,-0.254431,9.70958,0.00833109,-0.0167875,0.100038,-0.28274,-0.24736,9.7075,0.0092846,-0.0157724,0.100126,0.01,-0.005,0.002,0.0001,-0.0002,0.00015
100.4,-0.28151,-0.253353,9.72093,0.00823659,-0.0144969,0.0985266,-0.292404,-0.247499,9.7185,0.00927903,-0.0159785,0.0999747,0.01,-0.005,0.002,0.0001,-0.0002,0.00015
100.5,-0.27746,-0.248262,9.71438,0.0108878,-0.017022,0.10024,-0.287047,-0.244501,9.71364,0.009461,-0.0160014,0.100149,0.01,-0.005,0.002,0.0001,-0.0002,0.00015
100.6,-0.2893,-0.24275,9.71703,0.00916279,-0.0167167,0.0979619,-0.297467,-0.236436,9.71633,0.00957132,-0.0162423,0.0999428,0.01,-0.005,0.002,0.0001,-0.0002,0.00015
100.7,-0.285857,-0.245373,9.71072,0.00719385,-0.0160679,0.100535,-0.298255,-0.241611,9.71006,0.00977997,-0.0166051,0.100091,0.01,-0.005,0.002,0.0001,-0.0002,0.00015
100.8,-0.286312,-0.243475,9.72042,0.00869015,-0.0180837,0.100818,-0.297089,-0.238623,9.71811,0.00952672,-0.0166792,0.0997738,0.01,-0.005,0.002,0.0001,-0.0002,0.00015
100.9,-0.289299,-0.246758,9.71531,0.00699986,-0.0169853,0.100429,-0.299123,-0.243377,9.71344,0.00955715,-0.0171009,0.0999673,0.01,-0.005,0.002,0.0001,-0.0002,0.00015
101,-0.297435,-0.24132,9.71632,0.0098474,-0.0157234,0.0999543,-0.307294,-0.234772,9.71389,0.00980063,-0.0167614,0.0999832,0.01,-0.005,0.002,0.0001,-0.0002,0.00015
101.1,-0.303543,-0.241281,9.71927,0.00979386,-0.0176996,0.100964,-0.31449,-0.235165,9.71584,0.00980463,-0.0172576,0.0999907,0.01,-0.005,0.002,0.0001,-0.0002,0.00015
101.2,-0.302966,-0.226821,9.72036,0.00991254,-0.0183203,0.100074,-0.31262,-0.221293,9.71707,0.00989002,-0.0173665,0.0999467,0.01,-0.005,0.002,0.0001,-0.0002,0.00015
101.3,-0.321927,-0.238135,9.72057,0.0100497,-0.0174569,0.100432,-0.331127,-0.232329,9.71999,0.00987294,-0.0173353,0.100099,0.01,-0.005,0.002,0.0001,-0.0002,0.00015
101.4,-0.318608,-0.236301,9.70755,0.0112375,-0.0189773,0.0999863,-0.329495,-0.230945,9.70627,0.00986053,-0.0175353,0.100084,0.01,-0.005,0.002,0.0001,-0.0002,0.00015
101.5,-0.32286,-0.232859,9.70876,0.00963187,-0.0174122,0.0988587,-0.33231,-0.22932,9.70662,0.010066,-0.0177859,0.10005,0.01,-0.005,0.002,0.0001,-0.0002,0.00015
101.6,-0.329257,-0.224977,9.71843,0.00968233,-0.0193224,0.100272,-0.338636,-0.221158,9.71806,0.00985732,-0.0177549,0.100194,0.01,-0.005,0.002,0.0001,-0.0002,0.00015
101.7,-0.329171,-0.237344,9.71745,0.00944909,-0.0190374,0.100613,-0.337882,-0.232741,9.71584,0.0100373,-0.0179474,0.100036,0.01,-0.005,0.002,0.0001,-0.0002,0.00015
101.8,-0.321213,-0.22643,9.7287,0.00788392,-0.0177947,0.0997079,-0.332549,-0.221126,9.72655,0.00995827,-0.0180828,0.0999721,0.01,-0.005,0.002,0.0001,-0.0002,0.00015
101.9,-0.337924,-0.22938,9.72399,0.011423,-0.0189176,0.100597,-0.349474,-0.224734,9.72208,0.00992147,-0.018235,0.100024,0.01,-0.005,0.002,0.0001,-0.0002,0.00015
102,-0.334339,-0.212055,9.721,0.00847079,-0.0188102,0.100166,-0.345243,-0.205021,9.71871,0.00993672,-0.0183817,0.100006,0.01,-0.005,0.002,0.0001,-0.0002,0.00015
102.1,-0.341546,-0.213417,9.71419,0.0095588,-0.0183373,0.0985426,-0.349789,-0.207408,9.7139,0.0101221,-0.0185539,0.099951,0.01,-0.005,0.002,0.0001,-0.0002,0.00015
102.2,-0.347668,-0.228593,9.7252,0.0102338,-0.0193733,0.0997102,-0.3571,-0.225128,9.72433,0.0100356,-0.0187355,0.100044,0.01,-0.005,0.002,0.0001,-0.0002,0.00015
102.3,-0.345112,-0.207882,9.71851,0.0105965,-0.0191007,0.100325,-0.355884,-0.202771,9.71704,0.0100128,-0.01858,0.100063,0.01,-0.005,0.002,0.0001,-0.0002,0.00015
102.4,-0.356715,-0.202436,9.72249,0.00968706,-0.0181554,0.0996539,-0.366893,-0.19544,9.72087,0.0101464,-0.0188294,0.0999561,0.01,-0.005,0.002,0.0001,-0.0002,0.00015
102.5,-0.358016,-0.215928,9.72229,0.0095715,-0.0210205,0.101577,-0.36741,-0.209967,9.71983,0.0100783,-0.0188251,0.100026,0.01,-0.005,0.002,0.0001,-0.0002,0.00015
102.6,-0.361057,-0.210409,9.72258,0.0109121,-0.0194821,0.100965,-0.371189,-0.204613,9.72016,0.00993765,-0.0188461,0.100076,0.01,-0.005,0.002,0.0001,-0.0002,0.00015
102.7,-0.360268,-0.208001,9.71851,0.0114406,-0.0197736,0.0992551,-0.370753,-0.202495,9.71587,0.00988551,-0.0191463,0.100086,0.01,-0.005,0.002,0.0001,-0.0002,0.00015
102.8,-0.357878,-0.200734,9.72472,0.0112388,-0.020026,0.10038,-0.36668,-0.19493,9.72273,0.00999454,-0.0191038,0.100032,0.01,-0.005,0.002,0.0001,-0.0002,0.00015
102.9,-0.374126,-0.193133,9.7202,0.00910955,-0.0214255,0.100325,-0.382665,-0.187955,9.71861,0.00976708,-0.0191414,0.0999781,0.01,-0.005,0.002,0.0001,-0.0002,0.00015
103,-0.379981,-0.194369,9.72477,0.0112568,-0.0190532,0.099413,-0.390524,-0.190393,9.72335,0.00991333,-0.0193619,0.0999458,0.01,-0.005,0.002,0.0001,-0.0002,0.00015
103.1,-0.370249,-0.19248,9.71075,0.00990005,-0.018299,0.100118,-0.379808,-0.18799,9.70899,0.00966686,-0.0193724,0.0999479,0.01,-0.005,0.002,0.0001,-0.0002,0.00015
103.2,-0.373965,-0.194361,9.71975,0.00978234,-0.019953,0.100158,-0.384565,-0.189838,9.71802,0.00965029,-0.0196218,0.100179,0.01,-0.005,0.002,0.0001,-0.0002,0.00015
103.3,-0.377845,-0.2056,9.72375,0.00912364,-0.0209053,0.101537,-0.38849,-0.200476,9.7232,0.00974858,-0.0195377,0.0999585,0.01,-0.005,0.002,0.0001,-0.0002,0.00015
103.4,-0.383972,-0.193691,9.72989,0.0102141,-0.0192307,0.100983,-0.395916,-0.189141,9.72704,0.00977038,-0.0195689,0.100049,0.01,-0.005,0.002,0.0001,-0.0002,0.00015
103.5,-0.382317,-0.182956,9.72875,0.00945965,-0.0195457,0.101091,-0.392801,-0.179067,9.72587,0.00959684,-0.0196924,0.100032,0.01,-0.005,0.002,0.0001,-0.0002,0.00015
103.6,-0.394174,-0.19354,9.71232,0.0111016,-0.0200045,0.100088,-0.403733,-0.186517,9.70965,0.00958899,-0.0198273,0.100016,0.01,-0.005,0.002,0.0001,-0.0002,0.00015
103.7,-0.394789,-0.178855,9.72828,0.00882941,-0.0201593,0.0990554,-0.402546,-0.172551,9.72684,0.009618,-0.0198618,0.100096,0.01,-0.005,0.002,0.0001,-0.0002,0.00015
103.8,-0.392307,-0.175989,9.72679,0.00947303,-0.0185858,0.100836,-0.401745,-0.17184,9.72547,0.00928123,-0.0197438,0.0998526,0.01,-0.005,0.002,0.0001,-0.0002,0.00015
103.9,-0.398628,-0.17568,9.72389,0.00940484,-0.0203133,0.100085,-0.408387,-0.172391,9.72041,0.00940364,-0.0199362,0.100002,0.01,-0.005,0.002,0.0001,-0.0002,0.00015
104,-0.400033,-0.170894,9.72379,0.011259,-0.0188285,0.0983006,-0.409867,-0.164888,9.72205,0.00947662,-0.0199309,0.0999279,0.01,-0.005,0.002,0.0001,-0.0002,0.00015
104.1,-0.404595,-0.177138,9.71785,0.0103693,-0.0209136,0.101038,-0.41549,-0.170501,9.71441,0.00915577,-0.0200291,0.100115,0.01,-0.005,0.002,0.0001,-0.0002,0.00015
104.2,-0.41208,-0.180666,9.73141,0.0077312,-0.0199249,0.0997859,-0.421693,-0.174028,9.72909,0.00917658,-0.0201056,0.0998724,0.01,-0.005,0.002,0.0001,-0.0002,0.00015
104.3,-0.416077,-0.168965,9.72906,0.0105513,-0.0208321,0.0999681,-0.427188,-0.164027,9.72684,0.0091084,-0.0199028,0.0998846,0.01,-0.005,0.002,0.0001,-0.0002,0.00015
104.4,-0.405182,-0.17271,9.73371,0.00994094,-0.0211132,0.100692,-0.413997,-0.170371,9.73177,0.00893097,-0.0200831,0.0999215,0.01,-0.005,0.002,0.0001,-0.0002,0.00015
104.5,-0.425956,-0.164097,9.72032,0.00747144,-0.0187252,0.099968,-0.434173,-0.159134,9.71675,0.0088694,-0.0199159,0.0999808,0.01,-0.005,0.002,0.0001,-0.0002,0.00015
104.6,-0.415398,-0.157605,9.73266,0.00957985,-0.0210646,0.100826,-0.424792,-0.15349,9.73076,0.00895234,-0.0198549,0.100079,0.01,-0.005,0.002,0.0001,-0.0002,0.00015
104.7,-0.415559,-0.15756,9.72828,0.0084736,-0.0201658,0.0997437,-0.426583,-0.152763,9.72541,0.00869411,-0.0199722,0.100134,0.01,-0.005,0.002,0.0001,-0.0002,0.00015
104.8,-0.431427,-0.149039,9.72716,0.00994336,-0.0208465,0.100919,-0.440691,-0.142942,9.72514,0.00865629,-0.0198579,0.0998759,0.01,-0.005,0.002,0.0001,-0.0002,0.00015
104.9,-0.429049,-0.156529,9.72376,0.00953094,-0.020888,0.0988629,-0.438263,-0.152472,9.72014,0.0083936,-0.0200785,0.100078,0.01,-0.005,0.002,0.0001,-0.0002,0.00015
105,-0.426362,-0.148467,9.72304,0.00787594,-0.0205676,0.0992959,-0.436521,-0.144797,9.7202,0.00829896,-0.0201566,0.0999642,0.01,-0.005,0.002,0.0001,-0.0002,0.00015
105.1,-0.435342,-0.149282,9.73358,0.00861684,-0.0198255,0.0999429,-0.443654,-0.143298,9.73198,0.00828079,-0.0200834,0.0999923,0.01,-0.005,0.002,0.0001,-0.0002,0.00015
105.2,-0.424812,-0.136506,9.72574,0.00896027,-0.0204547,0.100393,-0.435248,-0.132699,9.72285,0.00811308,-0.0198722,0.0999929,0.01,-0.005,0.002,0.0001,-0.0002,0.00015
105.3,-0.42871,-0.144406,9.72721,0.00891099,-0.0178135,0.0987688,-0.439847,-0.140355,9.72513,0.00801099,-0.0199456,0.0999035,0.01,-0.005,0.002,0.0001,-0.0002,0.00015
105.4,-0.43427,-0.143261,9.73547,0.00771126,-0.0215181,0.100368,-0.442141,-0.13846,9.73585,0.00816317,-0.0199071,0.0999294,0.01,-0.005,0.002,0.0001,-0.0002,0.00015
105.5,-0.444086,-0.135878,9.72735,0.00751126,-0.0201649,0.0997576,-0.453078,-0.130286,9.72414,0.0080251,-0.0199133,0.100008,0.01,-0.005,0.002,0.0001,-0.0002,0.00015
105.6,-0.446054,-0.125275,9.73153,0.00818339,-0.021769,0.102148,-0.454938,-0.120155,9.7292,0.00769709,-0.0197774,0.100004,0.01,-0.005,0.002,0.0001,-0.0002,0.00015
105.7,-0.446912,-0.130737,9.7275,0.00630721,-0.0205582,0.10024,-0.456163,-0.125264,9.72598,0.00766884,-0.0196803,0.100019,0.01,-0.005,0.002,0.0001,-0.0002,0.00015
105.8,-0.444946,-0.130088,9.73426,0.00777953,-0.019548,0.101708,-0.45375,-0.124912,9.73133,0.00745845,-0.0199053,0.100071,0.01,-0.005,0.002,0.0001,-0.0002,0.00015
105.9,-0.448366,-0.124777,9.72893,0.00862689,-0.0199279,0.101161,-0.458885,-0.120119,9.72794,0.00727127,-0.019785,0.10024,0.01,-0.005,0.002,0.0001,-0.0002,0.00015
106,-0.447403,-0.125016,9.72819,0.00654577,-0.0208607,0.0983319,-0.458007,-0.121084,9.72569,0.00690603,-0.0195626,0.100098,0.01,-0.005,0.002,0.0001,-0.0002,0.00015
106.1,-0.447989,-0.116051,9.73345,0.00794061,-0.0195243,0.0984118,-0.457723,-0.109374,9.73344,0.00691775,-0.0193593,0.100137,0.01,-0.005,0.002,0.0001,-0.0002,0.00015
106.2,-0.458549,-0.123519,9.72713,0.008306,-0.0197167,0.0989594,-0.467903,-0.117969,9.72553,0.00690652,-0.0195261,0.100004,0.01,-0.005,0.002,0.0001,-0.0002,0.00015
106.3,-0.454883,-0.114101,9.73498,0.00492567,-0.0189256,0.099584,-0.464564,-0.109949,9.73312,0.00674886,-0.0193958,0.0999733,0.01,-0.005,0.002,0.0001,-0.0002,0.00015
106.4,-0.466411,-0.106539,9.7352,0.007797,-0.0181296,0.100164,-0.476594,-0.102056,9.73189,0.00648701,-0.0193647,0.100176,0.01,-0.005,0.002,0.0001,-0.0002,0.00015
106.5,-0.466167,-0.113743,9.73049,0.00660468,-0.0188957,0.100824,-0.476379,-0.108498,9.72842,0.00640783,-0.0193709,0.0999667,0.01,-0.005,0.002,0.0001,-0.0002,0.00015
106.6,-0.456295,-0.108979,9.7269,0.00565104,-0.0198528,0.0998796,-0.466128,-0.105083,9.72432,0.00617611,-0.0193146,0.100134,0.01,-0.005,0.002,0.0001,-0.0002,0.00015
106.7,-0.456925,-0.10541,9.74501,0.00689677,-0.0185772,0.100135,-0.466573,-0.0992956,9.74254,0.00620235,-0.0190231,0.100015,0.01,-0.005,0.002,0.0001,-0.0002,0.00015
106.8,-0.471091,-0.0943754,9.73975,0.0060372,-0.0200997,0.101628,-0.481351,-0.0890145,9.73762,0.00594496,-0.0191277,0.100087,0.01,-0.005,0.002,0.0001,-0.0002,0.00015
106.9,-0.454694,-0.0974829,9.73005,0.00576888,-0.0194227,0.0997108,-0.466436,-0.0920426,9.72791,0.00558623,-0.0191666,0.0999989,0.01,-0.005,0.002,0.0001,-0.0002,0.00015
107,-0.470377,-0.100298,9.73586,0.00772208,-0.0177079,0.0999106,-0.480981,-0.0944333,9.73302,0.00551863,-0.0187868,0.0999175,0.01,-0.005,0.002,0.0001,-0.0002,0.00015
107.1,-0.472967,-0.0833634,9.73203,0.00494607,-0.0193343,0.0980546,-0.483003,-0.078231,9.73127,0.00537099,-0.0188021,0.0999258,0.01,-0.005,0.002,0.0001,-0.0002,0.00015
107.2,-0.462738,-0.0916464,9.73163,0.00560159,-0.0182982,0.0991706,-0.47328,-0.0859423,9.73095,0.00544693,-0.0186697,0.100095,0.01,-0.005,0.002,0.0001,-0.0002,0.00015
107.3,-0.475753,-0.0804328,9.73656,0.00483278,-0.0201991,0.0994387,-0.485912,-0.0746947,9.73526,0.00503348,-0.0185445,0.0999972,0.01,-0.005,0.002,0.0001,-0.0002,0.00015
107.4,-0.470031,-0.0872572,9.72652,0.00541642,-0.018917,0.0980047,-0.479274,-0.0822978,9.7252,0.00484964,-0.0185271,0.099969,0.01,-0.005,0.002,0.0001,-0.0002,0.00015
107.5,-0.481889,-0.0781726,9.7271,0.00518943,-0.0167573,0.0998139,-0.492585,-0.0734427,9.72354,0.00472315,-0.0184675,0.100046,0.01,-0.005,0.002,0.0001,-0.0002,0.00015
107.6,-0.476997,-0.0748363,9.73046,0.00397983,-0.0181464,0.101436,-0.485191,-0.069665,9.72902,0.00444132,-0.0181623,0.0998233,0.01,-0.005,0.002,0.0001,-0.0002,0.00015
107.7,-0.481202,-0.0742732,9.7306,0.00657011,-0.0182976,0.101775,-0.491817,-0.0694476,9.7274,0.00417161,-0.0181319,0.0999528,0.01,-0.005,0.002,0.0001,-0.0002,0.00015
107.8,-0.479093,-0.079057,9.72195,0.00512374,-0.0187003,0.100921,-0.488935,-0.0722536,9.71941,0.00425643,-0.0179254,0.0999606,0.01,-0.005,0.002,0.0001,-0.0002,0.00015
107.9,-0.48265,-0.0665784,9.73831,0.00437649,-0.017786,0.100899,-0.49398,-0.061953,9.73563,0.00400822,-0.0178175,0.100083,0.01,-0.005,0.002,0.0001,-0.0002,0.00015
108,-0.4846,-0.0587669,9.73014,0.0029102,-0.0170119,0.0996524,-0.494501,-0.0520943,9.72838,0.00393642,-0.0176892,0.099912,0.01,-0.005,0.002,0.0001,-0.0002,0.00015
108.1,-0.481381,-0.0687437,9.73317,0.00455261,-0.0173333,0.101108,-0.491515,-0.0651437,9.73211,0.00347107,-0.0173905,0.0999723,0.01,-0.005,0.002,0.0001,-0.0002,0.00015
108.2,-0.479198,-0.0640069,9.73459,0.00136708,-0.0179492,0.0990191,-0.489592,-0.0587801,9.73404,0.00332153,-0.0173592,0.0999584,0.01,-0.005,0.002,0.0001,-0.0002,0.00015
108.3,-0.483986,-0.0675365,9.74016,0.0027166,-0.0183481,0.101341,-0.494559,-0.0631912,9.73834,0.00307732,-0.0171563,0.100003,0.01,-0.005,0.002,0.0001,-0.0002,0.00015
108.4,-0.47888,-0.0482887,9.73817,0.00389613,-0.0163804,0.0987574,-0.489777,-0.0455189,9.73601,0.00318514,-0.0170899,0.100083,0.01,-0.005,0.002,0.0001,-0.0002,0.00015
108.5,-0.478015,-0.0619623,9.73471,0.00373254,-0.0152915,0.101107,-0.488459,-0.0564723,9.7326,0.00301645,-0.016598,0.0999881,0.01,-0.005,0.002,0.0001,-0.0002,0.00015
108.6,-0.484813,-0.0461147,9.73979,0.00185081,-0.0157676,0.100635,-0.494567,-0.0412015,9.73783,0.00288044,-0.0168416,0.100075,0.01,-0.005,0.002,0.0001,-0.0002,0.00015
108.7,-0.493038,-0.0413214,9.74519,0.0029107,-0.0177357,0.0988825,-0.502253,-0.0375699,9.74244,0.00223979,-0.0166869,0.0998471,0.01,-0.005,0.002,0.0001,-0.0002,0.00015
108.8,-0.483395,-0.0449575,9.73046,0.000389807,-0.0168283,0.0993889,-0.493253,-0.0408125,9.72887,0.00233227,-0.0163759,0.0999854,0.01,-0.005,0.002,0.0001,-0.0002,0.00015
108.9,-0.485322,-0.0393806,9.74377,0.00289114,-0.0153756,0.0995564,-0.494987,-0.0337752,9.74146,0.00221799,-0.0161616,0.100009,0.01,-0.005,0.002,0.0001,-0.0002,0.00015
109,-0.487255,-0.0400551,9.74504,0.00212286,-0.0153404,0.100738,-0.496876,-0.0353694,9.74267,0.00208761,-0.0161165,0.0998482,0.01,-0.005,0.002,0.0001,-0.0002,0.00015
109.1,-0.483866,-0.030218,9.73293,0.00260874,-0.0168719,0.10105,-0.494279,-0.0251009,9.73077,0.00179197,-0.0159038,0.0999454,0.01,-0.005,0.002,0.0001,-0.0002,0.00015
109.2,-0.484027,-0.0260358,9.7346,0.00273869,-0.0154548,0.10029,-0.493445,-0.0197435,9.73256,0.00156175,-0.0156041,0.0999912,0.01,-0.005,0.002,0.0001,-0.0002,0.00015
109.3,-0.49705,-0.0332792,9.74302,0.0013945,-0.0161192,0.10091,-0.50565,-0.0286761,9.74001,0.00114583,-0.0154218,0.0998782,0.01,-0.005,0.002,0.0001,-0.0002,0.00015
109.4,-0.495531,-0.0212638,9.74068,0.002453,-0.0151226,0.101284,-0.505278,-0.0160981,9.73814,0.00121893,-0.0152693,0.100158,0.01,-0.005,0.002,0.0001,-0.0002,0.00015
109.5,-0.481604,-0.0245057,9.74951,0.00106965,-0.0151292,0.0999636,-0.491787,-0.0197203,9.74731,0.00106255,-0.0151242,0.09998,0.01,-0.005,0.002,0.0001,-0.0002,0.00015
109.6,-0.490575,-0.010676,9.73864,0.000755678,-0.0125663,0.100776,-0.502794,-0.0053933,9.73722,0.000618212,-0.0150033,0.0999577,0.01,-0.005,0.002,0.0001,-0.0002,0.00015
109.7,-0.486597,-0.0136006,9.74155,-0.00141399,-0.0166001,0.100138,-0.496784,-0.00749431,9.74007,0.000518818,-0.0146184,0.0999125,0.01,-0.005,0.002,0.0001,-0.0002,0.00015
109.8,-0.48461,-0.0232128,9.74402,-0.000552124,-0.0154905,0.0999351,-0.492993,-0.0179665,9.74248,0.000212751,-0.014625,0.100067,0.01,-0.005,0.002,0.0001,-0.0002,0.00015
109.9,-0.49171,-0.00406585,9.74627,0.00136648,-0.0165409,0.0994484,-0.500468,0.00119191,9.7435,0.000246651,-0.0141975,0.0999758,0.01,-0.005,0.002,0.0001,-0.0002,0.00015
110,-0.495919,-0.0117629,9.73195,0.000799895,-0.0135094,0.0996535,-0.506178,-0.00702936,9.73034,-3.51863e-05,-0.0139905,0.100112,0.01,-0.005,0.002,0.0001,-0.0002,0.00015
110.1,-0.48714,0.00119466,9.74781,0.001986,-0.0130962,0.100144,-0.49748,0.00475326,9.74621,-0.000420073,-0.0138646,0.100157,0.01,-0.005,0.002,0.0001,-0.0002,0.00015
110.2,-0.49422,-0.00188314,9.73626,-0.000602139,-0.0141533,0.0995813,-0.505191,0.00266274,9.73515,-0.000387223,-0.0137444,0.100048,0.01,-0.005,0.002,0.0001,-0.0002,0.00015
110.3,-0.489573,0.0083318,9.74838,-0.000357435,-0.0155175,0.101651,-0.498905,0.012967,9.74541,-0.000614371,-0.0133768,0.100094,0.01,-0.005,0.002,0.0001,-0.0002,0.00015
110.4,-0.489845,0.00185895,9.74205,-0.000962997,-0.0128094,0.101021,-0.499132,0.00611125,9.74074,-0.000918131,-0.0131265,0.0999462,0.01,-0.005,0.002,0.0001,-0.0002,0.00015
110.5,-0.491119,0.00540471,9.73753,0.00204172,-0.0127923,0.100493,-0.501965,0.00873218,9.73448,-0.00109138,-0.0131789,0.100234,0.01,-0.005,0.002,0.0001,-0.0002,0.00015
110.6,-0.491169,0.0128821,9.74157,-0.000660144,-0.0121824,0.0984946,-0.501281,0.0161713,9.7385,-0.00112268,-0.0128668,0.100186,0.01,-0.005,0.002,0.0001,-0.0002,0.00015
110.7,-0.485695,0.0107658,9.74905,0.000278234,-0.0133085,0.0990394,-0.494674,0.0150888,9.74637,-0.0015932,-0.0124229,0.0999071,0.01,-0.005,0.002,0.0001,-0.0002,0.00015
110.8,-0.492429,0.022814,9.74942,-0.00310873,-0.0135876,0.0988613,-0.501113,0.0278317,9.7475,-0.00181649,-0.012161,0.0998557,0.01,-0.005,0.002,0.0001,-0.0002,0.00015
110.9,-0.480014,0.0230979,9.7423,-0.00284215,-0.0129025,0.0981052,-0.491049,0.0284839,9.74141,-0.0019553,-0.011875,0.0999056,0.01,-0.005,0.002,0.0001,-0.0002,0.00015
111,-0.482728,0.0231436,9.73885,-0.00272794,-0.0107466,0.0988988,-0.49172,0.0261374,9.73693,-0.00189213,-0.011798,0.0999734,0.01,-0.005,0.002,0.0001,-0.0002,0.00015
111.1,-0.488865,0.0315543,9.7503,-0.00254305,-0.0126847,0.100478,-0.498234,0.0366995,9.74919,-0.00247594,-0.0115965,0.100045,0.01,-0.005,0.002,0.0001,-0.0002,0.00015
111.2,-0.476889,0.0246846,9.74548,-0.00396928,-0.0108196,0.102037,-0.487408,0.0298534,9.74365,-0.00225108,-0.0111176,0.100106,0.01,-0.005,0.002,0.0001,-0.0002,0.00015
111.3,-0.483291,0.0289702,9.7429,-0.00131682,-0.012433,0.0982329,-0.49382,0.0337364,9.7419,-0.0024604,-0.0110818,0.0999635,0.01,-0.005,0.002,0.0001,-0.0002,0.00015
111.4,-0.484318,0.0440536,9.75248,-0.00382712,-0.0109604,0.0997374,-0.494597,0.0493685,9.75053,-0.00285043,-0.0108342,0.100095,0.01,-0.005,0.002,0.0001,-0.0002,0.00015
111.5,-0.473451,0.0459254,9.74092,-0.00405045,-0.0115843,0.0998623,-0.484736,0.0499307,9.73867,-0.0030633,-0.0105247,0.100068,0.01,-0.005,0.002,0.0001,-0.0002,0.00015
111.6,-0.481826,0.0341977,9.75028,-0.00523892,-0.0104018,0.100902,-0.492279,0.0388067,9.74899,-0.0032299,-0.0104024,0.0999699,0.01,-0.005,0.002,0.0001,-0.0002,0.00015
111.7,-0.483692,0.0482373,9.74492,-0.0026935,-0.0101412,0.100291,-0.493543,0.0530834,9.74346,-0.00342478,-0.00995484,0.0999618,0.01,-0.005,0.002,0.0001,-0.0002,0.00015
111.8,-0.478369,0.0483383,9.74227,-0.00611553,-0.00986027,0.100667,-0.487637,0.0531688,9.74038,-0.00363408,-0.00965976,0.100063,0.01,-0.005,0.002,0.0001,-0.0002,0.00015
111.9,-0.482119,0.0542082,9.7487,-0.00218603,-0.00924681,0.0992779,-0.491583,0.0585705,9.7452,-0.00379406,-0.00954646,0.0999047,0.01,-0.005,0.002,0.0001,-0.0002,0.00015
112,-0.479877,0.060206,9.74996,-0.00226427,-0.0100255,0.0990697,-0.489896,0.0643766,9.74766,-0.0038756,-0.00909783,0.100083,0.01,-0.005,0.002,0.0001,-0.0002,0.00015
112.1,-0.468324,0.0538383,9.75942,-0.00485286,-0.00825287,0.0985191,-0.478893,0.0595489,9.75666,-0.00417981,-0.00897518,0.0999845,0.01,-0.005,0.002,0.0001,-0.0002,0.00015
112.2,-0.471969,0.0625448,9.7467,-0.00433492,-0.00957981,0.101184,-0.482798,0.0677206,9.74442,-0.00435443,-0.00887415,0.0998656,0.01,-0.005,0.002,0.0001,-0.0002,0.00015
112.3,-0.477951,0.0673191,9.75443,-0.00394474,-0.00813579,0.0974447,-0.488302,0.0713277,9.75227,-0.00457558,-0.00840793,0.099952,0.01,-0.005,0.002,0.0001,-0.0002,0.00015
112.4,-0.475337,0.0661218,9.7513,-0.00448897,-0.00851735,0.099642,-0.482873,0.0718931,9.74979,-0.00473349,-0.00813003,0.100153,0.01,-0.005,0.002,0.0001,-0.0002,0.00015
112.5,-0.475139,0.0700654,9.74624,-0.00448523,-0.00957242,0.10055,-0.486896,0.0740709,9.74642,-0.00488093,-0.0077276,0.100073,0.01,-0.005,0.002,0.0001,-0.0002,0.00015
112.6,-0.468497,0.0834091,9.74719,-0.00440749,-0.00864927,0.0991269,-0.479187,0.0877554,9.74536,-0.00497511,-0.00762084,0.0999714,0.01,-0.005,0.002,0.0001,-0.0002,0.00015
112.7,-0.469185,0.0735936,9.75941,-0.00599647,-0.00699398,0.0991645,-0.479937,0.0782774,9.75765,-0.00516119,-0.00737206,0.100057,0.01,-0.005,0.002,0.0001,-0.0002,0.00015
112.8,-0.470642,0.082948,9.76147,-0.00353743,-0.00573108,0.0993921,-0.481043,0.0884868,9.75928,-0.00528628,-0.00714378,0.0999507,0.01,-0.005,0.002,0.0001,-0.0002,0.00015
112.9,-0.461173,0.0804289,9.75772,-0.00740006,-0.00690101,0.101408,-0.471766,0.0862583,9.75541,-0.0056169,-0.00673897,0.100342,0.01,-0.005,0.002,0.0001,-0.0002,0.00015
113,-0.466328,0.0749582,9.75363,-0.00367271,-0.0067034,0.099101,-0.47721,0.0791892,9.75072,-0.00573639,-0.0065637,0.100048,0.01,-0.005,0.002,0.0001,-0.0002,0.00015
113.1,-0.459972,0.0837461,9.75169,-0.00827748,-0.00587217,0.100592,-0.470683,0.0889395,9.75138,-0.00596582,-0.00609469,0.0999275,0.01,-0.005,0.002,0.0001,-0.0002,0.00015
113.2,-0.465448,0.0948261,9.76308,-0.00588713,-0.00658266,0.101524,-0.475534,0.0985709,9.76251,-0.00589895,-0.00578593,0.100122,0.01,-0.005,0.002,0.0001,-0.0002,0.00015
113.3,-0.461521,0.0875267,9.76052,-0.00594419,-0.00680649,0.0996745,-0.471042,0.0929195,9.75833,-0.00616057,-0.00562959,0.100099,0.01,-0.005,0.002,0.0001,-0.0002,0.00015
113.4,-0.454442,0.0943588,9.74528,-0.00643322,-0.00611345,0.100153,-0.464687,0.0997484,9.7448,-0.0064002,-0.00534897,0.099935,0.01,-0.005,0.002,0.0001,-0.0002,0.00015
113.5,-0.453123,0.109728,9.75189,-0.00686732,-0.00532507,0.0995865,-0.464116,0.11519,9.7485,-0.0064763,-0.00517128,0.100019,0.01,-0.005,0.002,0.0001,-0.0002,0.00015
113.6,-0.448588,0.0994756,9.75247,-0.00655096,-0.00675864,0.100959,-0.45939,0.103961,9.7511,-0.00668573,-0.00478137,0.100178,0.01,-0.005,0.002,0.0001,-0.0002,0.00015
113.7,-0.457405,0.107087,9.75926,-0.00713488,-0.00475873,0.0996139,-0.466118,0.111971,9.75791,-0.00678715,-0.00449039,0.100089,0.01,-0.005,0.002,0.0001,-0.0002,0.00015
113.8,-0.448239,0.106371,9.75832,-0.00668942,-0.00506558,0.100384,-0.458368,0.111169,9.75622,-0.00685151,-0.00412324,0.100157,0.01,-0.005,0.002,0.0001,-0.0002,0.00015
113.9,-0.449333,0.0960086,9.7706,-0.00730118,-0.00486294,0.100043,-0.459147,0.102316,9.77046,-0.0072133,-0.00394305,0.0999549,0.01,-0.005,0.002,0.0001,-0.0002,0.00015
114,-0.449528,0.102605,9.76375,-0.00550396,-0.00456484,0.0996616,-0.458016,0.107465,9.76217,-0.00724224,-0.00370684,0.0999449,0.01,-0.005,0.002,0.0001,-0.0002,0.00015
114.1,-0.453877,0.111358,9.75833,-0.00667891,-0.00332598,0.101121,-0.465365,0.11731,9.75707,-0.00757795,-0.00327818,0.0999195,0.01,-0.005,0.002,0.0001,-0.0002,0.00015
114.2,-0.446868,0.117774,9.75371,-0.00810971,-0.00375409,0.101519,-0.457368,0.12116,9.75086,-0.00755531,-0.00297973,0.0999625,0.01,-0.005,0.002,0.0001,-0.0002,0.00015
114.3,-0.43855,0.124048,9.7623,-0.00791977,-0.00108121,0.101145,-0.449544,0.126766,9.75915,-0.0075802,-0.0025183,0.0999309,0.01,-0.005,0.002,0.0001,-0.0002,0.00015
114.4,-0.435891,0.135687,9.76108,-0.00802401,-0.00310152,0.100451,-0.445821,0.141122,9.75918,-0.00769091,-0.0023463,0.0999789,0.01,-0.005,0.002,0.0001,-0.0002,0.00015
114.5,-0.435188,0.123496,9.75586,-0.00652663,-0.000418251,0.101706,-0.444452,0.129963,9.75551,-0.00780657,-0.00217697,0.100083,0.01,-0.005,0.002,0.0001,-0.0002,0.00015
114.6,-0.436569,0.121736,9.75209,-0.00890121,-0.00129813,0.100251,-0.446479,0.128762,9.75157,-0.00795241,-0.00176484,0.100232,0.01,-0.005,0.002,0.0001,-0.0002,0.00015
114.7,-0.42939,0.137192,9.75701,-0.0074024,-0.00353868,0.100046,-0.44076,0.141308,9.75309,-0.00813852,-0.00169773,0.0999311,0.01,-0.005,0.002,0.0001,-0.0002,0.00015
114.8,-0.421876,0.127651,9.76073,-0.00782444,-0.00213974,0.100252,-0.431993,0.130729,9.75868,-0.00809582,-0.00114386,0.100074,0.01,-0.005,0.002,0.0001,-0.0002,0.00015
114.9,-0.434006,0.129784,9.77631,-0.00877742,-0.000753829,0.10038,-0.444067,0.133975,9.77375,-0.00836443,-0.00111701,0.100029,0.01,-0.005,0.002,0.0001,-0.0002,0.00015
115,-0.421224,0.14243,9.75987,-0.00913393,-0.00132016,0.102076,-0.430503,0.146408,9.75753,-0.00862842,-0.000666823,0.100028,0.01,-0.005,0.002,0.0001,-0.0002,0.00015
115.1,-0.419459,0.140154,9.76584,-0.00987183,-0.0016695,0.100402,-0.429494,0.147231,9.76455,-0.00841731,-0.000487374,0.0999745,0.01,-0.005,0.002,0.0001,-0.0002,0.00015
115.2,-0.422112,0.141514,9.7719,-0.00815627,-0.000493621,0.101461,-0.432791,0.145769,9.77031,-0.00857827,6.31015e-06,0.100029,0.01,-0.005,0.002,0.0001,-0.0002,0.00015
115.3,-0.426095,0.144265,9.76958,-0.00838711,-0.00137562,0.0996165,-0.436299,0.149655,9.76808,-0.00891209,0.000384414,0.100037,0.01,-0.005,0.002,0.0001,-0.0002,0.00015
115.4,-0.418198,0.151653,9.76148,-0.00793394,0.000518746,0.0980028,-0.427663,0.157248,9.75891,-0.00887465,0.000666316,0.0998257,0.01,-0.005,0.002,0.0001,-0.0002,0.00015
115.5,-0.414868,0.148862,9.7718,-0.00942572,0.000178392,0.100896,-0.424087,0.154742,9.77121,-0.00887889,0.000839087,0.100139,0.01,-0.005,0.002,0.0001,-0.0002,0.00015
115.6,-0.405292,0.147159,9.76975,-0.00712772,0.000950057,0.100243,-0.41524,0.152127,9.76844,-0.00880325,0.00131525,0.0999783,0.01,-0.005,0.002,0.0001,-0.0002,0.00015
115.7,-0.408099,0.154958,9.76543,-0.00701402,0.000484408,0.100592,-0.418239,0.162244,9.76228,-0.00893412,0.0014639,0.0999651,0.01,-0.005,0.002,0.0001,-0.0002,0.00015
115.8,-0.400257,0.15966,9.7717,-0.00874276,0.00096434,0.0999344,-0.409672,0.164692,9.76905,-0.00907491,0.00180585,0.100133,0.01,-0.005,0.002,0.0001,-0.0002,0.00015
115.9,-0.413897,0.166338,9.76878,-0.0100316,0.000771198,0.100493,-0.422107,0.171612,9.76743,-0.00921021,0.00198712,0.100073,0.01,-0.005,0.002,0.0001,-0.0002,0.00015
116,-0.399882,0.159593,9.76978,-0.00925969,0.000716641,0.100176,-0.409064,0.163658,9.76549,-0.00920464,0.00254257,0.0999853,0.01,-0.005,0.002,0.0001,-0.0002,0.00015
116.1,-0.402925,0.168045,9.76569,-0.00902062,0.00210543,0.101412,-0.411492,0.172306,9.76281,-0.00936034,0.00278427,0.100118,0.01,-0.005,0.002,0.0001,-0.0002,0.00015
116.2,-0.399534,0.170963,9.76579,-0.00943198,0.00233327,0.0985159,-0.408072,0.176063,9.76352,-0.00948584,0.00289772,0.0999772,0.01,-0.005,0.002,0.0001,-0.0002,0.00015
116.3,-0.38798,0.170199,9.77129,-0.0105492,0.00427165,0.0992651,-0.396084,0.172702,9.77131,-0.00952591,0.00325035,0.100032,0.01,-0.005,0.002,0.0001,-0.0002,0.00015
116.4,-0.393963,0.177613,9.76033,-0.00851048,0.00254465,0.101572,-0.403001,0.182626,9.75905,-0.00968656,0.00374533,0.100054,0.01,-0.005,0.002,0.0001,-0.0002,0.00015
116.5,-0.387275,0.173734,9.76529,-0.0101068,0.00391951,0.0983749,-0.397729,0.178517,9.76365,-0.00980066,0.00396227,0.0999033,0.01,-0.005,0.002,0.0001,-0.0002,0.00015
116.6,-0.385256,0.179458,9.77887,-0.0088596,0.00333334,0.101176,-0.395084,0.181467,9.7771,-0.00968856,0.00406805,0.100047,0.01,-0.005,0.002,0.0001,-0.0002,0.00015
116.7,-0.377738,0.178484,9.76762,-0.0112361,0.00549427,0.101102,-0.388305,0.184581,9.76672,-0.00965058,0.00449721,0.100012,0.01,-0.005,0.002,0.0001,-0.0002,0.00015
116.8,-0.380003,0.195874,9.76638,-0.00918177,0.00307254,0.101175,-0.388608,0.2003,9.76543,-0.00968649,0.00478782,0.100082,0.01,-0.005,0.002,0.0001,-0.0002,0.00015
116.9,-0.376212,0.179084,9.77526,-0.0104717,0.00371289,0.098569,-0.386414,0.184755,9.77482,-0.00982436,0.00522769,0.09983,0.01,-0.005,0.002,0.0001,-0.0002,0.00015
117,-0.375923,0.1919,9.77299,-0.00892425,0.00490823,0.0989245,-0.386849,0.196372,9.7711,-0.00980834,0.00521318,0.100032,0.01,-0.005,0.002,0.0001,-0.0002,0.00015
117.1,-0.366336,0.192941,9.76413,-0.0103549,0.00698818,0.0995993,-0.375949,0.197785,9.76357,-0.0100066,0.0054733,0.100066,0.01,-0.005,0.002,0.0001,-0.0002,0.00015
117.2,-0.367073,0.197368,9.76429,-0.00768388,0.00780839,0.0990391,-0.377656,0.203019,9.76223,-0.00988065,0.0058445,0.100084,0.01,-0.005,0.002,0.0001,-0.0002,0.00015
117.3,-0.364092,0.188901,9.77041,-0.00884632,0.00670612,0.0992288,-0.373884,0.194271,9.76596,-0.0100358,0.00630634,0.0998399,0.01,-0.005,0.002,0.0001,-0.0002,0.00015
117.4,-0.354242,0.208765,9.76517,-0.0105612,0.00717833,0.0987365,-0.364033,0.212632,9.76249,-0.00993895,0.00670716,0.0999357,0.01,-0.005,0.002,0.0001,-0.0002,0.00015
117.5,-0.35064,0.19181,9.77065,-0.0106201,0.00453525,0.100979,-0.360924,0.194963,9.76983,-0.0100702,0.00656902,0.0999612,0.01,-0.005,0.002,0.0001,-0.0002,0.00015
117.6,-0.335878,0.202411,9.77263,-0.0105436,0.00719373,0.0983756,-0.345597,0.20689,9.77089,-0.0101109,0.00703653,0.0999936,0.01,-0.005,0.002,0.0001,-0.0002,0.00015
117.7,-0.34469,0.204288,9.77735,-0.0103041,0.00697369,0.0995332,-0.354669,0.21074,9.77626,-0.0100613,0.0074595,0.100015,0.01,-0.005,0.002,0.0001,-0.0002,0.00015
117.8,-0.338221,0.215841,9.77147,-0.00884748,0.00560391,0.0994093,-0.348554,0.220449,9.77111,-0.010117,0.0078051,0.0999829,0.01,-0.005,0.002,0.0001,-0.0002,0.00015
117.9,-0.32929,0.213391,9.76429,-0.0102541,0.00793927,0.0992946,-0.340207,0.220098,9.7622,-0.00988968,0.00790509,0.0999945,0.01,-0.005,0.002,0.0001,-0.0002,0.00015
118,-0.329715,0.206139,9.7824,-0.00895329,0.0103516,0.0997185,-0.340081,0.210476,9.78004,-0.00993844,0.00831092,0.100095,0.01,-0.005,0.002,0.0001,-0.0002,0.00015
118.1,-0.32735,0.211616,9.77353,-0.00743561,0.0069849,0.100454,-0.337608,0.216331,9.77218,-0.00978779,0.00828989,0.100018,0.01,-0.005,0.002,0.0001,-0.0002,0.00015
118.2,-0.328603,0.215224,9.78417,-0.0110662,0.00945451,0.100653,-0.340055,0.218534,9.78201,-0.0100195,0.00842656,0.100022,0.01,-0.005,0.002,0.0001,-0.0002,0.00015
118.3,-0.320718,0.211248,9.78471,-0.010749,0.0094397,0.100861,-0.330243,0.2154,9.78405,-0.0100194,0.00906385,0.0999938,0.01,-0.005,0.002,0.0001,-0.0002,0.00015
118.4,-0.323867,0.224587,9.77334,-0.00965517,0.00934199,0.100811,-0.333434,0.228552,9.77272,-0.00996273,0.00920257,0.100037,0.01,-0.005,0.002,0.0001,-0.0002,0.00015
118.5,-0.325312,0.22435,9.77759,-0.00974101,0.00859244,0.101477,-0.334763,0.230327,9.77494,-0.00986055,0.00943147,0.100057,0.01,-0.005,0.002,0.0001,-0.0002,0.00015
118.6,-0.30703,0.225258,9.77632,-0.0114849,0.0106299,0.0994647,-0.316791,0.231974,9.77449,-0.00973929,0.00982704,0.099998,0.01,-0.005,0.002,0.0001,-0.0002,0.00015
118.7,-0.312777,0.224709,9.77861,-0.010839,0.0108413,0.101356,-0.32152,0.229216,9.77626,-0.00984775,0.00996483,0.100082,0.01,-0.005,0.002,0.0001,-0.0002,0.00015
118.8,-0.303762,0.220947,9.78491,-0.0104807,0.0112182,0.100149,-0.314766,0.225597,9.7842,-0.00970499,0.0101878,0.100011,0.01,-0.005,0.002,0.0001,-0.0002,0.00015
118.9,-0.29967,0.217695,9.7758,-0.00925649,0.0105318,0.100503,-0.309732,0.223246,9.77509,-0.00982833,0.0106305,0.0998079,0.01,-0.005,0.002,0.0001,-0.0002,0.00015
119,-0.302238,0.226947,9.78464,-0.009357,0.00977719,0.10088,-0.312527,0.230858,9.78104,-0.00982837,0.0107176,0.0999996,0.01,-0.005,0.002,0.0001,-0.0002,0.00015
119.1,-0.301477,0.224164,9.78449,-0.0103099,0.0119516,0.0996832,-0.310769,0.230397,9.78174,-0.00958425,0.010959,0.0999685,0.01,-0.005,0.002,0.0001,-0.0002,0.00015
119.2,-0.288203,0.236286,9.79275,-0.0111818,0.0108333,0.101563,-0.296722,0.240866,9.78766,-0.00949552,0.0112324,0.0998036,0.01,-0.005,0.002,0.0001,-0.0002,0.00015
119.3,-0.293696,0.238273,9.76633,-0.00945329,0.0112968,0.100386,-0.302643,0.243651,9.76394,-0.00946182,0.0117454,0.100034,0.01,-0.005,0.002,0.0001,-0.0002,0.00015
119.4,-0.282781,0.236084,9.77437,-0.00728257,0.0111867,0.100721,-0.29297,0.240672,9.77239,-0.0094887,0.0118547,0.0999415,0.01,-0.005,0.002,0.0001,-0.0002,0.00015
119.5,-0.282958,0.237275,9.77885,-0.0074301,0.0114384,0.101777,-0.292274,0.241292,9.77771,-0.0094521,0.0119724,0.100213,0.01,-0.005,0.002,0.0001,-0.0002,0.00015
119.6,-0.263349,0.240264,9.78179,-0.00968527,0.0117096,0.100504,-0.274739,0.244172,9.78041,-0.00939409,0.0121068,0.100011,0.01,-0.005,0.002,0.0001,-0.0002,0.00015
119.7,-0.267366,0.240635,9.77198,-0.00831164,0.0115947,0.100198,-0.277871,0.246117,9.76996,-0.009341,0.0125775,0.099932,0.01,-0.005,0.002,0.0001,-0.0002,0.00015
119.8,-0.261148,0.237527,9.78623,-0.00819459,0.0124406,0.100193,-0.272208,0.242288,9.7866,-0.00915775,0.0127417,0.0998938,0.01,-0.005,0.002,0.0001,-0.0002,0.00015
119.9,-0.271461,0.24401,9.78243,-0.00958143,0.0120516,0.100153,-0.281023,0.249298,9.78238,-0.00914708,0.0129473,0.0999397,0.01,-0.005,0.002,0.0001,-0.0002,0.00015
