timestamp,est_pos_x,est_pos_y,est_pos_z,est_vel_x,est_vel_y,est_vel_z,est_q_w,est_q_x,est_q_y,est_q_z,true_pos_x,true_pos_y,true_pos_z,true_vel_x,true_vel_y,true_vel_z,true_q_w,true_q_x,true_q_y,true_q_z,pos_error,vel_error,att_error
0.09,4.31866e+06,606948,4.64542e+06,9.33924,-0.0631214,0.265232,0.999987,-0.000412838,0.000845106,0.00499547,4.31866e+06,606951,4.64542e+06,2.15304,34.8648,7.1597,1,0,0,0,3.29082,36.3199,0.0101665
0.19,4.31866e+06,606948,4.64542e+06,8.68846,-0.125324,0.540083,0.999948,-0.000393167,0.0018323,0.010005,4.31866e+06,606954,4.64542e+06,2.3334,34.8889,6.98809,1,0,0,0,6.90004,36.1657,0.0203584
0.29,4.31866e+06,606947,4.64542e+06,7.93237,-0.202695,0.698839,0.999883,-0.000368589,0.00281572,0.0150359,4.31866e+06,606958,4.64542e+06,2.51318,34.9121,6.81575,1,0,0,0,10.5501,36.0532,0.0306046
0.39,4.31866e+06,606947,4.64542e+06,7.40637,-0.248053,1.10361,0.999793,-0.000338523,0.00381939,0.0199919,4.31866e+06,606961,4.64542e+06,2.6924,34.9344,6.64269,1,0,0,0,14.1065,35.9264,0.0407153
0.49,4.31866e+06,606948,4.64542e+06,7.14808,-0.255488,1.79406,0.99968,-0.000302942,0.00480632,0.0248419,4.31866e+06,606965,4.64542e+06,2.87104,34.9557,6.46892,1,0,0,0,17.6282,35.7767,0.0506141
0.59,4.31866e+06,606947,4.64542e+06,6.57521,-0.307573,2.14322,0.999539,-0.000269821,0.00579939,0.0297984,4.31866e+06,606968,4.64543e+06,3.04911,34.9761,6.29444,1,0,0,0,21.1812,35.7016,0.0607267
0.69,4.31866e+06,606947,4.64542e+06,6.13422,-0.341511,2.6318,0.999375,-0.000200882,0.00679808,0.0347016,4.31866e+06,606972,4.64543e+06,3.22659,34.9955,6.11925,1,0,0,0,24.7136,35.6275,0.0707383
0.79,4.31866e+06,606947,4.64542e+06,5.55411,-0.395314,2.96846,0.999183,-0.000145859,0.00780942,0.0396495,4.31866e+06,606975,4.64543e+06,3.40349,35.014,5.94336,1,0,0,0,28.2487,35.5991,0.080845
0.89,4.31866e+06,606947,4.64542e+06,5.16061,-0.423014,3.50323,0.998974,-2.85593e-05,0.00879693,0.0444326,4.31866e+06,606979,4.64543e+06,3.5798,35.0315,5.76678,1,0,0,0,31.761,35.5619,0.0906212
0.99,4.31866e+06,606947,4.64542e+06,4.53835,-0.482908,3.79043,0.99873,4.91083e-05,0.00978292,0.0494302,4.31866e+06,606982,4.64543e+06,3.75551,35.0481,5.58951,1,0,0,0,35.2848,35.5852,0.100821
1.09,4.31866e+06,606947,4.64543e+06,4.2928,-0.479939,4.46576,0.998385,-0.00042772,0.0114322,0.0556473,4.31866e+06,606986,4.64543e+06,3.93063,35.0638,5.41155,1,0,0,0,38.7713,35.5581,0.113683
1.19,4.31867e+06,606947,4.64543e+06,3.80492,-0.520738,4.89102,0.998095,-0.000317929,0.0124119,0.0604404,4.31866e+06,606989,4.64543e+06,4.10514,35.0785,5.23291,1,0,0,0,42.2739,35.6021,0.123484
1.29,4.31867e+06,606947,4.64543e+06,3.58068,-0.524919,5.59723,0.997809,-0.000201489,0.0133761,0.0647974,4.31866e+06,606993,4.64543e+06,4.27905,35.0922,5.05359,1,0,0,0,45.7568,35.6281,0.132424
1.39,4.31867e+06,606947,4.64543e+06,3.23593,-0.546115,6.17138,0.997495,-5.593e-05,0.0143339,0.0692738,4.31866e+06,606996,4.64543e+06,4.45235,35.105,4.87361,1,0,0,0,49.2471,35.6955,0.141601
1.49,4.31867e+06,606947,4.64543e+06,2.90629,-0.565595,6.75959,0.997169,0.000103158,0.015274,0.0736293,4.31866e+06,607000,4.64543e+06,4.62503,35.1169,4.69295,1,0,0,0,52.7395,35.7836,0.150536
1.59,4.31867e+06,606947,4.64543e+06,2.50573,-0.595525,7.26941,0.996815,0.000272708,0.0162377,0.0780781,4.31866e+06,607003,4.64543e+06,4.79711,35.1278,4.51165,1,0,0,0,56.2396,35.9028,0.159668
1.69,4.31867e+06,606947,4.64543e+06,2.0295,-0.636136,7.69549,0.996432,0.00044768,0.0172207,0.0826224,4.31866e+06,607007,4.64543e+06,4.96855,35.1377,4.32968,1,0,0,0,59.7483,36.0519,0.168999
1.79,4.31867e+06,606947,4.64543e+06,1.68739,-0.658793,8.26275,0.996071,0.000672276,0.0182044,0.0866616,4.31866e+06,607010,4.64543e+06,5.13938,35.1467,4.14707,1,0,0,0,63.2561,36.2062,0.177343
1.89,4.31867e+06,606947,4.64543e+06,1.31817,-0.68539,8.79855,0.995694,0.000869193,0.019175,0.090697,4.31866e+06,607014,4.64543e+06,5.30958,35.1548,3.96381,1,0,0,0,66.7754,36.3844,0.185678
1.99,4.31867e+06,606947,4.64543e+06,0.896656,-0.720008,9.27535,0.995292,0.00108544,0.0201327,0.0948057,4.31866e+06,607017,4.64543e+06,5.47915,35.1619,3.77991,1,0,0,0,70.3065,36.5884,0.194157
2.09,4.31867e+06,606947,4.64544e+06,0.395769,-0.78984,9.66233,0.994136,0.00194807,0.0213044,0.106001,4.31866e+06,607021,4.64543e+06,5.64809,35.1681,3.59539,1,0,0,0,73.8786,36.8425,0.2167
2.19,4.31867e+06,606947,4.64544e+06,-0.168442,-0.845524,9.98227,0.993602,0.00217864,0.0222762,0.110696,4.31866e+06,607024,4.64543e+06,5.81638,35.1733,3.41023,1,0,0,0,77.4416,37.0994,0.226355
2.29,4.31867e+06,606947,4.64544e+06,-0.690511,-0.895718,10.3445,0.993082,0.00242982,0.0232236,0.115075,4.31866e+06,607028,4.64543e+06,5.98405,35.1776,3.22446,1,0,0,0,81.0174,37.3701,0.235384
2.39,4.31867e+06,606947,4.64544e+06,-1.22771,-0.947837,10.688,0.992536,0.0027005,0.0241879,0.119496,4.31867e+06,607031,4.64543e+06,6.15106,35.1809,3.03807,1,0,0,0,84.6116,37.6597,0.244507
2.49,4.31867e+06,606947,4.64544e+06,-1.7597,-1.00024,11.0348,0.991981,0.00297087,0.0251383,0.123828,4.31867e+06,607035,4.64543e+06,6.31743,35.1833,2.85107,1,0,0,0,88.2238,37.9665,0.253456
2.59,4.31867e+06,606947,4.64544e+06,-2.33518,-1.05861,11.3329,0.991361,0.00322904,0.026067,0.128505,4.31867e+06,607038,4.64543e+06,6.48315,35.1847,2.66346,1,0,0,0,91.8562,38.2949,0.263081
2.69,4.31867e+06,606947,4.64544e+06,-2.82251,-1.1065,11.7219,0.990854,0.00349821,0.0269705,0.13217,4.31867e+06,607042,4.64543e+06,6.64823,35.1852,2.47527,1,0,0,0,95.5082,38.63,0.270704
2.79,4.31867e+06,606947,4.64544e+06,-3.32259,-1.15654,12.094,0.990327,0.00379634,0.0278793,0.13587,4.31867e+06,607045,4.64544e+06,6.81264,35.1847,2.28647,1,0,0,0,99.1831,38.982,0.278403
2.89,4.31867e+06,606946,4.64545e+06,-3.92126,-1.21827,12.3608,0.989611,0.00409607,0.0287836,0.140797,4.31867e+06,607049,4.64544e+06,6.9764,35.1833,2.0971,1,0,0,0,102.883,39.3595,0.288535
2.99,4.31867e+06,606946,4.64545e+06,-4.39912,-1.26713,12.751,0.989135,0.00442117,0.0296652,0.143916,4.31867e+06,607052,4.64544e+06,7.1395,35.1809,1.90715,1,0,0,0,106.606,39.739,0.295086
3.09,4.31867e+06,606946,4.64545e+06,-4.9186,-1.31193,13.1029,0.98886,0.00458953,0.0303913,0.145639,4.31867e+06,607056,4.64544e+06,7.30193,35.1776,1.71662,1,0,0,0,110.343,40.1307,0.298804
3.19,4.31867e+06,606946,4.64545e+06,-5.41438,-1.36463,13.4697,0.988371,0.00496439,0.0312774,0.148729,4.31867e+06,607059,4.64544e+06,7.4637,35.1733,1.52553,1,0,0,0,114.125,40.5405,0.305312
3.29,4.31867e+06,606946,4.64545e+06,-5.88658,-1.4164,13.8571,0.987968,0.00535898,0.0321623,0.151182,4.31867e+06,607063,4.64544e+06,7.62481,35.1681,1.33388,1,0,0,0,117.935,40.9611,0.310563
3.39,4.31867e+06,606946,4.64545e+06,-6.38182,-1.47162,14.2181,0.987507,0.00576887,0.0330438,0.153964,4.31867e+06,607066,4.64544e+06,7.78524,35.162,1.14168,1,0,0,0,121.779,41.3971,0.316471
3.49,4.31867e+06,606946,4.64545e+06,-6.89271,-1.52919,14.5608,0.987002,0.00621152,0.033914,0.156969,4.31867e+06,607070,4.64544e+06,7.945,35.1549,0.948932,1,0,0,0,125.655,41.8469,0.322821
3.59,4.31867e+06,606946,4.64546e+06,-7.43904,-1.5899,14.8649,0.986348,0.00662669,0.0347688,0.160823,4.31867e+06,607073,4.64544e+06,8.10409,35.1468,0.755645,1,0,0,0,129.566,42.3113,0.33085
3.69,4.31867e+06,606946,4.64546e+06,-7.97085,-1.65076,15.181,0.985762,0.00702881,0.0356139,0.16418,4.31867e+06,607077,4.64544e+06,8.2625,35.1378,0.561826,1,0,0,0,133.514,42.786,0.337895
3.79,4.31867e+06,606945,4.64546e+06,-8.45148,-1.71124,15.5451,0.985455,0.00753738,0.0364308,0.165812,4.31868e+06,607081,4.64544e+06,8.42023,35.1279,0.367478,1,0,0,0,137.499,43.2682,0.341527
3.89,4.31867e+06,606945,4.64546e+06,-8.98558,-1.77441,15.8537,0.984853,0.00799925,0.0372946,0.169143,4.31868e+06,607084,4.64544e+06,8.57728,35.117,0.172616,1,0,0,0,141.522,43.7644,0.348543
3.99,4.31866e+06,606945,4.64546e+06,-9.46575,-1.83895,16.2117,0.984611,0.00853083,0.0381023,0.170341,4.31868e+06,607088,4.64544e+06,8.73365,35.1052,-0.0227606,1,0,0,0,145.59,44.2679,0.351322
4.09,4.31866e+06,606945,4.64547e+06,-9.99097,-1.90555,16.5172,0.983973,0.00906519,0.0390086,0.173764,4.31868e+06,607091,4.64544e+06,8.88933,35.0924,-0.218642,1,0,0,0,149.692,44.7817,0.358557
4.19,4.31866e+06,606945,4.64547e+06,-10.4657,-1.97477,16.8739,0.983835,0.00968356,0.0397802,0.174333,4.31868e+06,607095,4.64544e+06,9.04432,35.0787,-0.415024,1,0,0,0,153.846,45.3046,0.360094
4.29,4.31866e+06,606944,4.64547e+06,-10.9561,-2.04607,17.2128,0.983606,0.010261,0.0405564,0.17541,4.31868e+06,607098,4.64544e+06,9.19863,35.0641,-0.611893,1,0,0,0,158.042,45.8377,0.362642
4.39,4.31866e+06,606944,4.64547e+06,-11.4514,-2.11924,17.544,0.983353,0.0108412,0.0413385,0.176607,4.31868e+06,607102,4.64544e+06,9.35224,35.0485,-0.809249,1,0,0,0,162.284,46.3796,0.365438
4.49,4.31866e+06,606944,4.64547e+06,-12.018,-2.18628,17.8081,0.982416,0.0113016,0.0421244,0.181538,4.31868e+06,607105,4.64544e+06,9.50517,35.0319,-1.00708,1,0,0,0,166.557,46.9303,0.37561
4.59,4.31866e+06,606944,4.64547e+06,-12.4894,-2.2668,18.1548,0.982457,0.0119902,0.0428437,0.181105,4.31868e+06,607109,4.64544e+06,9.6574,35.0145,-1.20538,1,0,0,0,170.898,47.4888,0.375175
4.69,4.31866e+06,606944,4.64548e+06,-13.0016,-2.34372,18.4626,0.982068,0.0126072,0.0435574,0.182995,4.31868e+06,607112,4.64544e+06,9.80893,34.9961,-1.40414,1,0,0,0,175.277,48.0548,0.379329
4.79,4.31866e+06,606943,4.64548e+06,-13.5622,-2.41254,18.7261,0.9811,0.0130545,0.0443055,0.187906,4.31869e+06,607116,4.64544e+06,9.95977,34.9767,-1.60335,1,0,0,0,179.693,48.6264,0.389455
4.89,4.31866e+06,606943,4.64548e+06,-14.121,-2.48181,18.9893,0.980109,0.0135341,0.0450499,0.192804,4.31869e+06,607119,4.64544e+06,10.1099,34.9564,-1.80302,1,0,0,0,184.157,49.2045,0.399572
4.99,4.31865e+06,606943,4.64548e+06,-14.6784,-2.55056,19.2525,0.979093,0.0140434,0.0457946,0.197692,4.31869e+06,607123,4.64544e+06,10.2593,34.9352,-2.00312,1,0,0,0,188.67,49.7883,0.409682
5.09,4.31865e+06,606943,4.64548e+06,-15.2262,-2.61822,19.5129,0.978039,0.0145578,0.0466274,0.202619,4.31869e+06,607126,4.64544e+06,10.4081,34.913,-2.20365,1,0,0,0,193.224,50.3718,0.419927
5.19,4.31865e+06,606942,4.64549e+06,-15.7795,-2.6869,19.7757,0.976964,0.0150888,0.047339,0.20754,4.31869e+06,607130,4.64543e+06,10.5561,34.8899,-2.40461,1,0,0,0,197.841,50.9662,0.430117
5.29,4.31865e+06,606942,4.64549e+06,-16.3314,-2.75558,20.0384,0.97587,0.0156354,0.048057,0.212423,4.31869e+06,607133,4.64543e+06,10.7034,34.8659,-2.60598,1,0,0,0,202.51,51.5657,0.44025
5.39,4.31865e+06,606942,4.64549e+06,-16.8815,-2.82468,20.301,0.97476,0.0161411,0.0487226,0.217273,4.31869e+06,607137,4.64543e+06,10.8501,34.841,-2.80776,1,0,0,0,207.231,52.1705,0.450302
5.49,4.31865e+06,606942,4.64549e+06,-17.4297,-2.89379,20.5637,0.973623,0.0167013,0.0494039,0.222124,4.31869e+06,607140,4.64543e+06,10.996,34.8151,-3.00995,1,0,0,0,212.006,52.7797,0.460383
5.59,4.31864e+06,606941,4.64549e+06,-17.9763,-2.96308,20.8264,0.972457,0.0172179,0.0500607,0.226991,4.31869e+06,607143,4.64543e+06,11.1412,34.7883,-3.21252,1,0,0,0,216.836,53.3935,0.470492
5.69,4.31864e+06,606941,4.6455e+06,-18.5216,-3.03211,21.0887,0.971265,0.0177437,0.050698,0.231858,4.31869e+06,607147,4.64543e+06,11.2857,34.7605,-3.41548,1,0,0,0,221.719,54.0112,0.48061
5.79,4.31864e+06,606941,4.6455e+06,-19.0652,-3.10105,21.3506,0.970052,0.0183173,0.0513514,0.236698,4.3187e+06,607150,4.64543e+06,11.4295,34.7318,-3.61882,1,0,0,0,226.657,54.6326,0.4907
5.89,4.31864e+06,606940,4.6455e+06,-19.6071,-3.16998,21.6125,0.968815,0.0188593,0.0520065,0.24153,4.3187e+06,607154,4.64543e+06,11.5726,34.7022,-3.82253,1,0,0,0,231.656,55.2577,0.500786
5.99,4.31864e+06,606940,4.6455e+06,-20.1473,-3.23894,21.874,0.96755,0.0194207,0.0526382,0.246373,4.3187e+06,607157,4.64543e+06,11.715,34.6717,-4.0266,1,0,0,0,236.71,55.8861,0.510899
6.09,4.31863e+06,606940,4.64551e+06,-20.6959,-3.30704,22.1389,0.965573,0.0200226,0.053217,0.253841,4.3187e+06,607161,4.64543e+06,11.8566,34.6402,-4.23101,1,0,0,0,241.851,56.5246,0.526316
6.19,4.31863e+06,606939,4.64551e+06,-21.233,-3.37579,22.4007,0.964248,0.0205999,0.0538067,0.258662,4.3187e+06,607164,4.64543e+06,11.9976,34.6078,-4.43578,1,0,0,0,247.022,57.1596,0.53641
6.29,4.31863e+06,606939,4.64551e+06,-21.7685,-3.44486,22.6621,0.962901,0.0211577,0.0543518,0.263476,4.3187e+06,607168,4.64543e+06,12.1378,34.5745,-4.64088,1,0,0,0,252.252,57.7976,0.546484
6.39,4.31863e+06,606939,4.64551e+06,-22.3029,-3.51388,22.9234,0.961536,0.0217444,0.0548945,0.268258,4.3187e+06,607171,4.64543e+06,12.2774,34.5403,-4.84631,1,0,0,0,257.545,58.4386,0.556511
6.49,4.31863e+06,606938,4.64551e+06,-22.8357,-3.58287,23.1847,0.960139,0.0223346,0.0554449,0.273056,4.3187e+06,607175,4.64543e+06,12.4162,34.5052,-5.05205,1,0,0,0,262.896,59.0822,0.566593
6.59,4.31862e+06,606938,4.64552e+06,-23.3669,-3.65206,23.4456,0.958718,0.0229362,0.0559975,0.277845,4.31871e+06,607178,4.64543e+06,12.5543,34.4691,-5.25811,1,0,0,0,268.305,59.7282,0.576673
6.69,4.31862e+06,606938,4.64552e+06,-23.8964,-3.72114,23.7066,0.957273,0.0235636,0.0565276,0.282627,4.31871e+06,607182,4.64543e+06,12.6917,34.4321,-5.46447,1,0,0,0,273.783,60.3764,0.586753
6.79,4.31862e+06,606937,4.64552e+06,-24.4249,-3.79045,23.9674,0.955807,0.0241884,0.0570627,0.287388,4.31871e+06,607185,4.64543e+06,12.8283,34.3942,-5.67112,1,0,0,0,279.315,61.0272,0.596807
6.89,4.31862e+06,606937,4.64552e+06,-24.9517,-3.86002,24.2278,0.954312,0.0247806,0.0575709,0.292166,4.31871e+06,607188,4.64543e+06,12.9643,34.3554,-5.87806,1,0,0,0,284.907,61.6798,0.606897
6.99,4.31861e+06,606936,4.64553e+06,-25.4771,-3.92952,24.4881,0.952798,0.0253883,0.058049,0.29692,4.31871e+06,607192,4.64543e+06,13.0995,34.3157,-6.08528,1,0,0,0,290.564,62.3344,0.616947
7.09,4.31861e+06,606936,4.64553e+06,-26.0024,-3.99843,24.7483,0.951133,0.026003,0.0585229,0.302068,4.31871e+06,607195,4.64543e+06,13.2341,34.275,-6.29276,1,0,0,0,296.289,62.9912,0.627824
7.19,4.31861e+06,606936,4.64553e+06,-26.5251,-4.06803,25.0087,0.94956,0.0266573,0.0590216,0.306826,4.31871e+06,607199,4.64543e+06,13.3679,34.2335,-6.50051,1,0,0,0,302.072,63.6497,0.637935
7.29,4.31861e+06,606935,4.64553e+06,-27.0465,-4.13768,25.2688,0.947965,0.0272942,0.059474,0.311578,4.31871e+06,607202,4.64543e+06,13.501,34.191,-6.7085,1,0,0,0,307.92,64.3096,0.648031
7.39,4.3186e+06,606935,4.64554e+06,-27.5665,-4.20704,25.5284,0.946348,0.0279131,0.0598731,0.316326,4.31872e+06,607206,4.64542e+06,13.6333,34.1476,-6.91673,1,0,0,0,313.832,64.9707,0.658112
7.49,4.3186e+06,606934,4.64554e+06,-28.0854,-4.27656,25.7882,0.944703,0.028565,0.0603007,0.321066,4.31872e+06,607209,4.64542e+06,13.765,34.1033,-7.1252,1,0,0,0,319.809,65.6335,0.668215
7.59,4.3186e+06,606934,4.64554e+06,-28.6029,-4.34607,26.0479,0.943044,0.0292194,0.06073,0.32577,4.31872e+06,607212,4.64542e+06,13.896,34.0582,-7.33389,1,0,0,0,325.847,66.2977,0.678262
7.69,4.31859e+06,606933,4.64554e+06,-29.1192,-4.41593,26.3075,0.941357,0.0298672,0.0611198,0.330484,4.31872e+06,607216,4.64542e+06,14.0262,34.0121,-7.5428,1,0,0,0,331.949,66.9633,0.688335
7.79,4.31859e+06,606933,4.64555e+06,-29.634,-4.48554,26.5667,0.939657,0.0305163,0.0615198,0.335154,4.31872e+06,607219,4.64542e+06,14.1557,33.9651,-7.75191,1,0,0,0,338.117,67.6296,0.698338
7.89,4.31859e+06,606933,4.64555e+06,-30.1477,-4.55513,26.8262,0.937935,0.0311836,0.0618769,0.33982,4.31872e+06,607223,4.64542e+06,14.2845,33.9172,-7.96122,1,0,0,0,344.354,68.2972,0.70834
7.99,4.31859e+06,606932,4.64555e+06,-30.66,-4.625,27.0855,0.936181,0.0318662,0.0622299,0.344495,4.31872e+06,607226,4.64542e+06,14.4126,33.8684,-8.17071,1,0,0,0,350.655,68.9658,0.718384
8.09,4.31858e+06,606932,4.64555e+06,-31.1404,-4.70958,27.3373,0.934706,0.0326708,0.0626952,0.348319,4.31873e+06,607229,4.64542e+06,14.54,33.8187,-8.38039,1,0,0,0,356.999,69.6195,0.726729
8.19,4.31858e+06,606931,4.64556e+06,-31.65,-4.78013,27.5961,0.932912,0.0333467,0.0630019,0.352978,4.31873e+06,607233,4.64542e+06,14.6666,33.7682,-8.59023,1,0,0,0,363.432,70.2898,0.736759
8.29,4.31858e+06,606931,4.64556e+06,-32.1588,-4.85076,27.8543,0.931102,0.0340266,0.0633185,0.357607,4.31873e+06,607236,4.64542e+06,14.7926,33.7167,-8.80023,1,0,0,0,369.932,70.9609,0.746749
8.39,4.31857e+06,606930,4.64556e+06,-32.6668,-4.92148,28.1127,0.929269,0.0347137,0.0636072,0.362228,4.31873e+06,607239,4.64542e+06,14.9178,33.6643,-9.01039,1,0,0,0,376.493,71.633,0.756736
8.49,4.31857e+06,606930,4.64557e+06,-33.1735,-4.99222,28.3712,0.927408,0.0354033,0.0639023,0.366847,4.31873e+06,607243,4.64542e+06,15.0424,33.6111,-9.22068,1,0,0,0,383.129,72.3059,0.766746
8.59,4.31857e+06,606929,4.64557e+06,-33.6788,-5.06302,28.6296,0.925526,0.0360944,0.064146,0.371462,4.31873e+06,607246,4.64541e+06,15.1662,33.557,-9.43111,1,0,0,0,389.83,72.9791,0.776748
8.69,4.31856e+06,606929,4.64557e+06,-34.1829,-5.13377,28.8877,0.923623,0.0367865,0.0644299,0.376053,4.31873e+06,607250,4.64541e+06,15.2893,33.502,-9.64166,1,0,0,0,396.593,73.6528,0.786737
8.79,4.31856e+06,606928,4.64557e+06,-34.6862,-5.20498,29.1458,0.921699,0.0374912,0.0646682,0.380635,4.31874e+06,607253,4.64541e+06,15.4117,33.446,-9.85233,1,0,0,0,403.425,74.3273,0.796716
8.89,4.31856e+06,606928,4.64558e+06,-35.1881,-5.27611,29.4039,0.919742,0.0381964,0.0648826,0.385236,4.31874e+06,607256,4.64541e+06,15.5334,33.3893,-10.0631,1,0,0,0,410.323,75.0022,0.806749
8.99,4.31855e+06,606927,4.64558e+06,-35.6895,-5.34764,29.6617,0.917763,0.0388926,0.0650868,0.389822,4.31874e+06,607260,4.64541e+06,15.6544,33.3316,-10.274,1,0,0,0,417.291,75.6778,0.81677
9.09,4.31855e+06,606927,4.64558e+06,-36.1874,-5.39612,29.9184,0.91457,0.0395759,0.0654192,0.397134,4.31874e+06,607263,4.64541e+06,15.7746,33.2731,-10.4849,1,0,0,0,424.29,76.3399,0.832704
9.19,4.31854e+06,606926,4.64559e+06,-36.6865,-5.46736,30.1762,0.912542,0.0402974,0.0655803,0.401674,4.31874e+06,607266,4.64541e+06,15.8942,33.2136,-10.6959,1,0,0,0,431.386,77.0161,0.842677
9.29,4.31854e+06,606925,4.64559e+06,-37.1848,-5.53828,30.4335,0.910493,0.0410067,0.0657227,0.406203,4.31874e+06,607270,4.64541e+06,16.0131,33.1534,-10.907,1,0,0,0,438.554,77.6923,0.852642
9.39,4.31854e+06,606925,4.64559e+06,-37.6823,-5.60979,30.6907,0.908417,0.0417107,0.0658294,0.410737,4.31875e+06,607273,4.64541e+06,16.1312,33.0922,-11.1181,1,0,0,0,445.789,78.3691,0.862627
9.49,4.31853e+06,606924,4.6456e+06,-38.1785,-5.68093,30.9479,0.906326,0.0424113,0.0659639,0.41524,4.31875e+06,607276,4.64541e+06,16.2487,33.0302,-11.3293,1,0,0,0,453.089,79.0458,0.872581
9.59,4.31853e+06,606924,4.6456e+06,-38.6743,-5.75249,31.205,0.9042,0.0431166,0.0660689,0.41976,4.31875e+06,607279,4.6454e+06,16.3655,32.9673,-11.5406,1,0,0,0,460.453,79.7231,0.882587
9.69,4.31853e+06,606923,4.6456e+06,-39.1692,-5.82487,31.4622,0.902065,0.0438176,0.0661532,0.424244,4.31875e+06,607283,4.6454e+06,16.4815,32.9035,-11.7518,1,0,0,0,467.899,80.4011,0.892534
9.79,4.31852e+06,606923,4.6456e+06,-39.6637,-5.89715,31.7193,0.899909,0.0445016,0.0662448,0.428713,4.31875e+06,607286,4.6454e+06,16.5969,32.8389,-11.9631,1,0,0,0,475.408,81.0795,0.90247
9.89,4.31852e+06,606922,4.64561e+06,-40.1572,-5.96964,31.9763,0.89772,0.0452088,0.0663399,0.43319,4.31875e+06,607289,4.6454e+06,16.7115,32.7734,-12.1744,1,0,0,0,482.986,81.7579,0.912458
9.99,4.31851e+06,606921,4.64561e+06,-40.6498,-6.04251,32.2332,0.895511,0.0458993,0.0663766,0.437662,4.31876e+06,607293,4.6454e+06,16.8255,32.7071,-12.3856,1,0,0,0,490.63,82.4365,0.922438
10.09,4.31853e+06,606948,4.64559e+06,-40.0332,-4.49276,31.214,0.885868,0.045502,0.067113,0.456797,4.31876e+06,607296,4.6454e+06,16.9388,32.6399,-12.5969,1,0,0,0,455.133,80.8952,0.964869
10.19,4.31853e+06,606948,4.64559e+06,-40.5253,-4.56036,31.4706,0.88354,0.0462321,0.0671224,0.46121,4.31876e+06,607299,4.6454e+06,17.0514,32.5718,-12.8081,1,0,0,0,462.633,81.575,0.974858
10.29,4.31853e+06,606947,4.64559e+06,-41.0166,-4.62828,31.7273,0.881186,0.0469899,0.0671092,0.465617,4.31876e+06,607302,4.6454e+06,17.1632,32.5029,-13.0193,1,0,0,0,470.206,82.255,0.984861
10.39,4.31852e+06,606947,4.6456e+06,-41.5075,-4.69606,31.984,0.878817,0.0477153,0.067091,0.470003,4.31876e+06,607306,4.64539e+06,17.2744,32.4331,-13.2305,1,0,0,0,477.849,82.9352,0.994838
10.49,4.31852e+06,606946,4.6456e+06,-41.9973,-4.76473,32.2405,0.876426,0.0484322,0.06705,0.474381,4.31876e+06,607309,4.64539e+06,17.3849,32.3625,-13.4416,1,0,0,0,485.565,83.6154,1.00482
10.59,4.31851e+06,606946,4.6456e+06,-42.4868,-4.83337,32.497,0.87402,0.0491522,0.0670047,0.478731,4.31877e+06,607312,4.64539e+06,17.4948,32.2911,-13.6527,1,0,0,0,493.349,84.2959,1.01476
10.69,4.31851e+06,606945,4.64561e+06,-42.9757,-4.90241,32.7538,0.871586,0.0498903,0.0668897,0.483088,4.31877e+06,607315,4.64539e+06,17.6039,32.2188,-13.8636,1,0,0,0,501.205,84.9768,1.02474
10.79,4.3185e+06,606945,4.64561e+06,-43.4643,-4.97174,33.0102,0.869128,0.0506272,0.0667915,0.487434,4.31877e+06,607319,4.64539e+06,17.7124,32.1457,-14.0745,1,0,0,0,509.132,85.6578,1.03472
10.89,4.3185e+06,606944,4.64561e+06,-43.9522,-5.0414,33.2667,0.86664,0.0513568,0.0667071,0.491781,4.31877e+06,607322,4.64539e+06,17.8201,32.0717,-14.2853,1,0,0,0,517.124,86.3389,1.04474
10.99,4.3185e+06,606944,4.64562e+06,-44.4395,-5.11157,33.5232,0.864155,0.052091,0.0665997,0.496072,4.31877e+06,607325,4.64539e+06,17.9272,31.9969,-14.496,1,0,0,0,525.19,87.02,1.05465
11.09,4.31849e+06,606943,4.64562e+06,-44.925,-5.17352,33.779,0.861231,0.0528562,0.0665065,0.501063,4.31877e+06,607328,4.64538e+06,18.0336,31.9213,-14.7066,1,0,0,0,533.317,87.6964,1.06622
11.19,4.31849e+06,606943,4.64562e+06,-45.411,-5.24398,34.0353,0.858699,0.0536041,0.0663384,0.505334,4.31878e+06,607331,4.64538e+06,18.1394,31.8448,-14.9171,1,0,0,0,541.528,88.3774,1.07614
11.29,4.31848e+06,606942,4.64563e+06,-45.8968,-5.31478,34.2915,0.856139,0.0543496,0.0661662,0.509602,4.31878e+06,607335,4.64538e+06,18.2444,31.7675,-15.1274,1,0,0,0,549.809,89.0585,1.08609
11.39,4.31848e+06,606942,4.64563e+06,-46.382,-5.38649,34.5479,0.853557,0.0550893,0.0659642,0.513862,4.31878e+06,607338,4.64538e+06,18.3488,31.6894,-15.3376,1,0,0,0,558.162,89.74,1.09604
11.49,4.31847e+06,606941,4.64563e+06,-46.8669,-5.45841,34.8041,0.850948,0.0558313,0.065761,0.518118,4.31878e+06,607341,4.64538e+06,18.4525,31.6105,-15.5476,1,0,0,0,566.587,90.4214,1.10602
11.59,4.31847e+06,606941,4.64564e+06,-47.3514,-5.53084,35.0604,0.848331,0.0565563,0.0655259,0.522343,4.31878e+06,607344,4.64538e+06,18.5556,31.5307,-15.7575,1,0,0,0,575.078,91.103,1.11594
11.69,4.31846e+06,606940,4.64564e+06,-47.8357,-5.60362,35.3171,0.845691,0.0572986,0.065276,0.526557,4.31879e+06,607347,4.64538e+06,18.6579,31.4502,-15.9672,1,0,0,0,583.645,91.7848,1.12587
11.79,4.31846e+06,606939,4.64565e+06,-48.3194,-5.67676,35.573,0.843046,0.0580059,0.0650058,0.530738,4.31879e+06,607350,4.64537e+06,18.7597,31.3688,-16.1767,1,0,0,0,592.275,92.4662,1.13575
11.89,4.31845e+06,606939,4.64565e+06,-48.8032,-5.75048,35.8292,0.840355,0.0587592,0.0647343,0.534939,4.31879e+06,607353,4.64537e+06,18.8607,31.2866,-16.386,1,0,0,0,600.979,93.1481,1.14572
11.99,4.31845e+06,606938,4.64565e+06,-49.2863,-5.82487,36.0856,0.837665,0.0594995,0.0644121,0.5391,4.31879e+06,607357,4.64537e+06,18.9611,31.2036,-16.5951,1,0,0,0,609.755,93.83,1.1556
12.09,4.31844e+06,606938,4.64566e+06,-49.792,-5.83037,36.3446,0.83291,0.0601389,0.0642302,0.546369,4.31879e+06,607360,4.64537e+06,19.0608,31.1198,-16.804,1,0,0,0,618.518,94.5029,1.1729
12.19,4.31844e+06,606937,4.64566e+06,-50.2748,-5.90458,36.6008,0.830162,0.0608793,0.0638706,0.550496,4.3188e+06,607363,4.64537e+06,19.1599,31.0351,-17.0127,1,0,0,0,627.435,95.1847,1.1828
12.29,4.31843e+06,606937,4.64566e+06,-50.7574,-5.97967,36.857,0.82739,0.0616241,0.0635036,0.554614,4.3188e+06,607366,4.64537e+06,19.2583,30.9497,-17.2211,1,0,0,0,636.418,95.8667,1.19271
12.39,4.31843e+06,606936,4.64567e+06,-51.2399,-6.05545,37.1134,0.824606,0.0623813,0.063106,0.558705,4.3188e+06,607369,4.64536e+06,19.3561,30.8635,-17.4293,1,0,0,0,645.475,96.549,1.20258
12.49,4.31842e+06,606936,4.64567e+06,-51.722,-6.13187,37.3696,0.821786,0.063099,0.0627027,0.56281,4.3188e+06,607372,4.64536e+06,19.4532,30.7765,-17.6372,1,0,0,0,654.598,97.2311,1.21252
12.59,4.31842e+06,606935,4.64567e+06,-52.2042,-6.20902,37.626,0.81895,0.0638191,0.0623251,0.56689,4.3188e+06,607375,4.64536e+06,19.5497,30.6887,-17.8449,1,0,0,0,663.793,97.9137,1.22244
12.69,4.31841e+06,606934,4.64568e+06,-52.6861,-6.28632,37.8824,0.816102,0.064547,0.0619099,0.570946,4.3188e+06,607378,4.64536e+06,19.6455,30.6001,-18.0522,1,0,0,0,673.059,98.5959,1.23233
12.79,4.31841e+06,606934,4.64568e+06,-53.1678,-6.36472,38.1387,0.813233,0.0653007,0.0614669,0.574987,4.31881e+06,607381,4.64536e+06,19.7407,30.5107,-18.2593,1,0,0,0,682.403,99.2784,1.24222
12.89,4.3184e+06,606933,4.64569e+06,-53.6495,-6.44367,38.395,0.810345,0.0660478,0.0610181,0.579013,4.31881e+06,607384,4.64535e+06,19.8353,30.4206,-18.4661,1,0,0,0,691.815,99.9608,1.25211
12.99,4.3184e+06,606932,4.64569e+06,-54.1307,-6.52336,38.6515,0.807429,0.0667436,0.0605638,0.583041,4.31881e+06,607387,4.64535e+06,19.9292,30.3296,-18.6726,1,0,0,0,701.292,100.643,1.26203
13.09,4.31839e+06,606932,4.64569e+06,-54.6074,-6.64621,38.9079,0.806045,0.0674642,0.0599518,0.584932,4.31881e+06,607390,4.64535e+06,20.0225,30.2379,-18.8788,1,0,0,0,710.91,101.338,1.26671
13.19,4.31839e+06,606931,4.6457e+06,-55.0888,-6.72799,39.1646,0.803095,0.0682025,0.059421,0.588944,4.31881e+06,607393,4.64535e+06,20.1151,30.1454,-19.0846,1,0,0,0,720.533,102.021,1.27665
13.29,4.31838e+06,606930,4.6457e+06,-55.5704,-6.81036,39.4214,0.80015,0.0689225,0.0588818,0.592911,4.31882e+06,607396,4.64535e+06,20.2072,30.0522,-19.2901,1,0,0,0,730.23,102.704,1.2865
13.39,4.31837e+06,606930,4.64571e+06,-56.0514,-6.89359,39.6782,0.797175,0.0696793,0.0583313,0.59687,4.31882e+06,607399,4.64535e+06,20.2985,29.9581,-19.4953,1,0,0,0,740.004,103.387,1.29639
13.49,4.31837e+06,606929,4.64571e+06,-56.5326,-6.97789,39.9348,0.794203,0.0704076,0.0577581,0.60079,4.31882e+06,607402,4.64534e+06,20.3893,29.8633,-19.7,1,0,0,0,749.835,104.07,1.3062
13.59,4.31836e+06,606928,4.64571e+06,-57.0139,-7.06288,40.1917,0.791191,0.0711383,0.0571654,0.604721,4.31882e+06,607405,4.64534e+06,20.4795,29.7678,-19.9045,1,0,0,0,759.747,104.753,1.31608
13.69,4.31836e+06,606927,4.64572e+06,-57.4953,-7.14873,40.4484,0.788164,0.0718746,0.056565,0.608632,4.31882e+06,607408,4.64534e+06,20.569,29.6715,-20.1085,1,0,0,0,769.724,105.437,1.32595
13.79,4.31835e+06,606927,4.64572e+06,-57.9765,-7.23561,40.7051,0.785097,0.0726016,0.0559749,0.612551,4.31883e+06,607411,4.64534e+06,20.6579,29.5744,-20.3121,1,0,0,0,779.776,106.12,1.33589
13.89,4.31835e+06,606926,4.64573e+06,-58.4579,-7.32347,40.9619,0.782037,0.0733261,0.0553654,0.616422,4.31883e+06,607414,4.64534e+06,20.7462,29.4766,-20.5154,1,0,0,0,789.901,106.803,1.34574
13.99,4.31834e+06,606925,4.64573e+06,-58.9391,-7.41217,41.2186,0.778959,0.0740582,0.0547425,0.620275,4.31883e+06,607417,4.64533e+06,20.8339,29.378,-20.7182,1,0,0,0,800.094,107.487,1.35558
14.09,4.31833e+06,606925,4.64573e+06,-59.4705,-7.40251,41.483,0.7737,0.074543,0.0541903,0.626813,4.31883e+06,607420,4.64533e+06,20.921,29.2787,-20.9206,1,0,0,0,810.294,108.178,1.37227
14.19,4.31833e+06,606924,4.64574e+06,-59.9521,-7.492,41.7402,0.770569,0.0752766,0.0535046,0.63063,4.31884e+06,607423,4.64533e+06,21.0075,29.1786,-21.1225,1,0,0,0,820.618,108.862,1.38213
14.29,4.31832e+06,606923,4.64574e+06,-60.4339,-7.58248,41.9974,0.767412,0.0759913,0.052805,0.634441,4.31884e+06,607426,4.64533e+06,21.0933,29.0778,-21.3241,1,0,0,0,831.022,109.546,1.392
14.39,4.31832e+06,606923,4.64575e+06,-60.9159,-7.67393,42.2546,0.764239,0.07673,0.0520874,0.638231,4.31884e+06,607429,4.64532e+06,21.1786,28.9763,-21.5251,1,0,0,0,841.494,110.23,1.40187
14.49,4.31831e+06,606922,4.64575e+06,-61.3978,-7.76616,42.5117,0.761048,0.0774706,0.0513363,0.642004,4.31884e+06,607432,4.64532e+06,21.2633,28.874,-21.7257,1,0,0,0,852.038,110.914,1.41174
14.59,4.3183e+06,606921,4.64576e+06,-61.8798,-7.86003,42.7691,0.757842,0.0781888,0.0506122,0.645756,4.31884e+06,607435,4.64532e+06,21.3474,28.771,-21.9258,1,0,0,0,862.652,111.598,1.4216
14.69,4.3183e+06,606920,4.64576e+06,-62.3621,-7.95455,43.0268,0.754614,0.0789067,0.0498521,0.649497,4.31885e+06,607438,4.64532e+06,21.4309,28.6672,-22.1255,1,0,0,0,873.337,112.282,1.43146
14.79,4.31829e+06,606920,4.64576e+06,-62.8444,-8.05037,43.2843,0.751379,0.0796288,0.0490739,0.653208,4.31885e+06,607440,4.64532e+06,21.5138,28.5628,-22.3246,1,0,0,0,884.097,112.966,1.4413
14.89,4.31828e+06,606919,4.64577e+06,-63.3271,-8.14754,43.5417,0.748116,0.0803731,0.0482512,0.656913,4.31885e+06,607443,4.64531e+06,21.5961,28.4576,-22.5232,1,0,0,0,894.922,113.651,1.45116
14.99,4.31828e+06,606918,4.64577e+06,-63.8099,-8.24585,43.7992,0.744826,0.0811302,0.047445,0.660607,4.31885e+06,607446,4.64531e+06,21.6779,28.3517,-22.7213,1,0,0,0,905.819,114.335,1.46105
15.09,4.31827e+06,606917,4.64578e+06,-64.2526,-8.42883,44.051,0.743197,0.0820071,0.0464856,0.662398,4.31885e+06,607449,4.64531e+06,21.759,28.2451,-22.9189,1,0,0,0,916.84,115.013,1.46592
15.19,4.31827e+06,606916,4.64578e+06,-64.7356,-8.53043,44.3086,0.739897,0.0827393,0.0456285,0.666052,4.31886e+06,607452,4.64531e+06,21.8396,28.1378,-23.116,1,0,0,0,927.881,115.697,1.47576
15.29,4.31826e+06,606915,4.64579e+06,-65.2189,-8.63309,44.5665,0.736592,0.0834199,0.0447489,0.669679,4.31886e+06,607455,4.6453e+06,21.9197,28.0297,-23.3125,1,0,0,0,938.991,116.382,1.48556
15.39,4.31825e+06,606914,4.64579e+06,-65.7022,-8.73704,44.8243,0.733253,0.0841326,0.0438637,0.673304,4.31886e+06,607457,4.6453e+06,21.9991,27.921,-23.5084,1,0,0,0,950.167,117.067,1.49541
15.49,4.31825e+06,606913,4.64579e+06,-66.1859,-8.84248,45.0825,0.729894,0.0848696,0.0429627,0.67691,4.31886e+06,607460,4.6453e+06,22.078,27.8116,-23.7037,1,0,0,0,961.416,117.752,1.50526
15.59,4.31824e+06,606912,4.6458e+06,-66.6696,-8.94931,45.3405,0.726525,0.0855842,0.0420387,0.680492,4.31887e+06,607463,4.6453e+06,22.1563,27.7014,-23.8985,1,0,0,0,972.739,118.437,1.51509
15.69,4.31823e+06,606911,4.6458e+06,-67.1537,-9.05751,45.5985,0.723124,0.0863014,0.0411316,0.68407,4.31887e+06,607466,4.6453e+06,22.2341,27.5906,-24.0927,1,0,0,0,984.131,119.122,1.52496
15.79,4.31823e+06,606911,4.64581e+06,-67.638,-9.16702,45.8565,0.71971,0.0869963,0.0401907,0.687629,4.31887e+06,607468,4.64529e+06,22.3113,27.4791,-24.2863,1,0,0,0,995.593,119.807,1.53482
15.89,4.31822e+06,606910,4.64581e+06,-68.1224,-9.27806,46.1145,0.716292,0.0877051,0.0392581,0.691153,4.31887e+06,607471,4.64529e+06,22.3879,27.3669,-24.4793,1,0,0,0,1007.13,120.492,1.54464
15.99,4.31821e+06,606909,4.64582e+06,-68.607,-9.39051,46.3724,0.712841,0.0884241,0.0382706,0.694676,4.31887e+06,607474,4.64529e+06,22.464,27.254,-24.6716,1,0,0,0,1018.73,121.178,1.55451
16.09,4.31821e+06,606908,4.64582e+06,-69.0958,-9.50891,46.6313,0.709651,0.089086,0.0372671,0.697905,4.31888e+06,607477,4.64529e+06,22.5396,27.1404,-24.8634,1,0,0,0,1030.43,121.868,1.56359
16.19,4.3182e+06,606907,4.64583e+06,-69.5813,-9.6243,46.8897,0.706174,0.0897766,0.0362404,0.701388,4.31888e+06,607479,4.64528e+06,22.6146,27.0262,-25.0545,1,0,0,0,1042.18,122.553,1.57343
16.29,4.31819e+06,606906,4.64583e+06,-70.0667,-9.74105,47.1481,0.702681,0.0904593,0.0352205,0.704852,4.31888e+06,607482,4.64528e+06,22.689,26.9113,-25.2449,1,0,0,0,1054,123.239,1.58328
16.39,4.31818e+06,606905,4.64584e+06,-70.5526,-9.85942,47.4064,0.699169,0.0911462,0.0341675,0.708299,4.31888e+06,607485,4.64528e+06,22.763,26.7957,-25.4346,1,0,0,0,1065.89,123.924,1.59312
16.49,4.31818e+06,606904,4.64584e+06,-71.0387,-9.97919,47.6647,0.695644,0.0918003,0.033102,0.711728,4.31889e+06,607487,4.64528e+06,22.8364,26.6795,-25.6237,1,0,0,0,1077.85,124.61,1.60296
16.59,4.31817e+06,606903,4.64585e+06,-71.5253,-10.1004,47.9231,0.692094,0.0924775,0.0320402,0.715142,4.31889e+06,607490,4.64527e+06,22.9092,26.5626,-25.8121,1,0,0,0,1089.88,125.295,1.61282
16.69,4.31816e+06,606902,4.64585e+06,-72.0122,-10.2237,48.1816,0.68852,0.0931706,0.0309274,0.718542,4.31889e+06,607493,4.64527e+06,22.9816,26.445,-25.9999,1,0,0,0,1101.98,125.981,1.6227
16.79,4.31816e+06,606901,4.64586e+06,-72.499,-10.3485,48.4401,0.684944,0.0938422,0.0298025,0.721913,4.31889e+06,607495,4.64527e+06,23.0534,26.3268,-26.1869,1,0,0,0,1114.15,126.667,1.63254
16.89,4.31815e+06,606900,4.64586e+06,-72.9868,-10.4751,48.6985,0.68135,0.0945247,0.0286792,0.725262,4.3189e+06,607498,4.64526e+06,23.1247,26.2079,-26.3732,1,0,0,0,1126.4,127.353,1.64238
16.99,4.31814e+06,606899,4.64587e+06,-73.4747,-10.6035,48.9572,0.677737,0.0951908,0.0275573,0.728596,4.3189e+06,607501,4.64526e+06,23.1954,26.0884,-26.5588,1,0,0,0,1138.72,128.039,1.65223
17.09,4.31813e+06,606897,4.64587e+06,-73.9061,-10.8371,49.2064,0.675895,0.096021,0.0262845,0.730243,4.3189e+06,607503,4.64526e+06,23.2657,25.9682,-26.7436,1,0,0,0,1151.1,128.707,1.65724
17.19,4.31813e+06,606896,4.64587e+06,-74.3943,-10.9694,49.4648,0.672253,0.0966625,0.0251241,0.733554,4.3189e+06,607506,4.64526e+06,23.3354,25.8474,-26.9277,1,0,0,0,1163.56,129.392,1.6671
17.29,4.31812e+06,606895,4.64588e+06,-74.883,-11.1032,49.7231,0.668605,0.0972917,0.0239453,0.736837,4.3189e+06,607508,4.64525e+06,23.4047,25.726,-27.111,1,0,0,0,1176.09,130.078,1.67693
17.39,4.31811e+06,606894,4.64588e+06,-75.372,-11.2387,49.9818,0.664942,0.0979442,0.0227601,0.740096,4.31891e+06,607511,4.64525e+06,23.4734,25.6039,-27.2936,1,0,0,0,1188.69,130.764,1.68676
17.49,4.3181e+06,606893,4.64589e+06,-75.8613,-11.3767,50.2407,0.661247,0.0985872,0.0215667,0.743349,4.31891e+06,607513,4.64525e+06,23.5416,25.4812,-27.4754,1,0,0,0,1201.36,131.451,1.69663
17.59,4.3181e+06,606891,4.64589e+06,-76.3513,-11.5159,50.4994,0.65755,0.0992405,0.0203821,0.746568,4.31891e+06,607516,4.64525e+06,23.6093,25.3579,-27.6564,1,0,0,0,1214.1,132.137,1.70647
17.69,4.31809e+06,606890,4.6459e+06,-76.8412,-11.657,50.758,0.653832,0.0998716,0.0191723,0.749774,4.31891e+06,607519,4.64524e+06,23.6766,25.234,-27.8367,1,0,0,0,1226.91,132.823,1.71632
17.79,4.31808e+06,606889,4.64591e+06,-77.3316,-11.8,51.0167,0.650095,0.100533,0.0179413,0.75296,4.31892e+06,607521,4.64524e+06,23.7433,25.1094,-28.0161,1,0,0,0,1239.79,133.509,1.72617
17.89,4.31807e+06,606888,4.64591e+06,-77.8221,-11.9449,51.2751,0.646371,0.101166,0.0167056,0.756103,4.31892e+06,607524,4.64524e+06,23.8096,24.9842,-28.1947,1,0,0,0,1252.74,134.195,1.73596
17.99,4.31807e+06,606887,4.64592e+06,-78.3131,-12.0915,51.5337,0.642613,0.101818,0.0154348,0.759239,4.31892e+06,607526,4.64523e+06,23.8753,24.8585,-28.3725,1,0,0,0,1265.77,134.881,1.74579
18.09,4.31815e+06,606899,4.64602e+06,-78.8045,-12.2388,51.7923,0.638907,0.101924,0.0147605,0.762359,4.31892e+06,607529,4.64523e+06,23.9406,24.7321,-28.5494,1,0,0,0,1270.58,135.566,1.75544
18.19,4.31815e+06,606898,4.64603e+06,-79.4652,-12.4121,51.8695,0.63513,0.102596,0.0134701,0.765443,4.31893e+06,607531,4.64523e+06,24.0054,24.6051,-28.7255,1,0,0,0,1283.68,136.279,1.76524
18.29,4.31814e+06,606896,4.64603e+06,-78.9987,-12.4284,53.1593,0.631301,0.103239,0.0122181,0.768539,4.31893e+06,607533,4.64523e+06,24.0697,24.4775,-28.9008,1,0,0,0,1296.84,136.817,1.77513
18.39,4.31813e+06,606895,4.64604e+06,-76.2907,-12.1316,56.8611,0.627388,0.103871,0.0109222,0.77167,4.31893e+06,607536,4.64522e+06,24.1336,24.3493,-29.0752,1,0,0,0,1310.08,137.116,1.7852
18.49,4.31813e+06,606894,4.64605e+06,-74.4115,-11.9531,59.6712,0.623448,0.104496,0.00962586,0.77479,4.31893e+06,607538,4.64522e+06,24.197,24.2205,-29.2487,1,0,0,0,1323.38,137.619,1.7953
18.59,4.31812e+06,606893,4.64605e+06,-73.4433,-11.9047,61.5013,0.619485,0.105084,0.00832711,0.777899,4.31894e+06,607541,4.64522e+06,24.2599,24.0912,-29.4214,1,0,0,0,1336.75,138.234,1.80542
18.69,4.31811e+06,606892,4.64606e+06,-72.3253,-11.8366,63.4925,0.615407,0.105703,0.00705248,0.781058,4.31894e+06,607543,4.64521e+06,24.3224,23.9612,-29.5931,1,0,0,0,1350.19,138.878,1.81579
18.79,4.3181e+06,606891,4.64607e+06,-72.443,-11.9446,64.1547,0.611458,0.10632,0.0057315,0.78408,4.31894e+06,607546,4.64521e+06,24.3843,23.8307,-29.764,1,0,0,0,1363.7,139.557,1.82579
18.89,4.3181e+06,606890,4.64607e+06,-73.5128,-12.1896,63.793,0.607743,0.106918,0.00436439,0.786891,4.31894e+06,607548,4.64521e+06,24.4459,23.6996,-29.9339,1,0,0,0,1377.28,140.245,1.83516
18.99,4.31809e+06,606888,4.64608e+06,-73.7448,-12.3172,64.3327,0.603719,0.107524,0.0030254,0.789907,4.31895e+06,607550,4.64521e+06,24.507,23.568,-30.1029,1,0,0,0,1390.94,140.923,1.84528
19.09,4.31808e+06,606887,4.64609e+06,-74.2395,-12.4855,64.5908,0.599738,0.107991,0.000944442,0.792875,4.31895e+06,607553,4.6452e+06,24.5676,23.4358,-30.271,1,0,0,0,1404.65,141.605,1.85525
19.19,4.31808e+06,606886,4.64609e+06,-73.1618,-12.4346,66.5411,0.59579,0.108562,-0.000435586,0.795769,4.31895e+06,607555,4.6452e+06,24.6278,23.303,-30.4381,1,0,0,0,1418.44,142.285,1.8651
19.29,4.31807e+06,606885,4.6461e+06,-76.6576,-13.0291,63.5707,0.591908,0.109163,-0.00180434,0.798577,4.31895e+06,607557,4.6452e+06,24.6876,23.1696,-30.6043,1,0,0,0,1432.31,143.004,1.87474
19.39,4.31806e+06,606883,4.64611e+06,-76.163,-13.0644,64.8943,0.587894,0.109738,-0.00317259,0.801454,4.31895e+06,607560,4.64519e+06,24.7469,23.0357,-30.7696,1,0,0,0,1446.24,143.658,1.88469
19.49,4.31805e+06,606882,4.64611e+06,-78.1599,-13.4522,63.5369,0.58401,0.110327,-0.00460584,0.804201,4.31896e+06,607562,4.64519e+06,24.8057,22.9013,-30.9339,1,0,0,0,1460.25,144.389,1.89427
19.59,4.31804e+06,606881,4.64612e+06,-78.234,-13.5718,64.2486,0.579951,0.110895,-0.00597272,0.807046,4.31896e+06,607564,4.64519e+06,24.8642,22.7663,-31.0972,1,0,0,0,1474.32,145.053,1.90426
19.69,4.31804e+06,606879,4.64613e+06,-78.6638,-13.7438,64.5768,0.575925,0.111456,-0.00737145,0.809836,4.31896e+06,607566,4.64518e+06,24.9222,22.6307,-31.2595,1,0,0,0,1488.48,145.732,1.91412
19.79,4.31803e+06,606878,4.64613e+06,-78.0242,-13.7665,66.0559,0.571601,0.112045,-0.00875132,0.812799,4.31896e+06,607569,4.64518e+06,24.9798,22.4946,-31.4208,1,0,0,0,1502.7,146.378,1.92468
19.89,4.31802e+06,606877,4.64614e+06,-78.9296,-14.0098,65.8736,0.567715,0.112585,-0.0102042,0.815427,4.31897e+06,607571,4.64518e+06,25.0369,22.358,-31.5811,1,0,0,0,1516.99,147.068,1.93414
19.99,4.31801e+06,606875,4.64615e+06,-79.0772,-14.1477,66.5057,0.563446,0.113113,-0.0116289,0.81829,4.31897e+06,607573,4.64517e+06,25.0937,22.2209,-31.7404,1,0,0,0,1531.34,147.738,1.94449
20.09,4.31801e+06,606874,4.64615e+06,-79.575,-14.3392,66.7624,0.559245,0.113805,-0.0141624,0.821031,4.31897e+06,607575,4.64517e+06,25.15,22.0832,-31.8987,1,0,0,0,1545.77,148.418,1.95464
20.19,4.318e+06,606873,4.64616e+06,-78.6542,-14.334,68.5455,0.555113,0.114345,-0.0155973,0.82373,4.31897e+06,607578,4.64517e+06,25.2059,21.945,-32.056,1,0,0,0,1560.27,149.076,1.96459
20.29,4.31799e+06,606871,4.64617e+06,-79.5996,-14.5927,68.3201,0.550993,0.114866,-0.017036,0.826391,4.31898e+06,607580,4.64517e+06,25.2614,21.8063,-32.2122,1,0,0,0,1574.85,149.758,1.97449
20.39,4.31798e+06,606870,4.64617e+06,-78.788,-14.607,69.9855,0.546804,0.115408,-0.0184896,0.829062,4.31898e+06,607582,4.64516e+06,25.3165,21.6671,-32.3674,1,0,0,0,1589.48,150.432,1.98451
20.49,4.31798e+06,606868,4.64618e+06,-79.1894,-14.7939,70.3455,0.542672,0.115944,-0.0199245,0.831665,4.31898e+06,607584,4.64516e+06,25.3712,21.5273,-32.5215,1,0,0,0,1604.19,151.108,1.99436
20.59,4.31797e+06,606867,4.64619e+06,-79.0111,-14.9017,71.3285,0.538412,0.116478,-0.0213816,0.834319,4.31899e+06,607586,4.64516e+06,25.4255,21.3871,-32.6745,1,0,0,0,1618.97,151.791,2.00449
20.69,4.31796e+06,606865,4.6462e+06,-79.1457,-15.0556,71.9749,0.534182,0.116962,-0.0228495,0.836928,4.31899e+06,607588,4.64515e+06,25.4794,21.2463,-32.8265,1,0,0,0,1633.83,152.472,2.01451
20.79,4.31795e+06,606864,4.6462e+06,-81.114,-15.4713,70.649,0.530492,0.117458,-0.0243925,0.839158,4.31899e+06,607590,4.64515e+06,25.5328,21.1051,-32.9774,1,0,0,0,1648.74,153.133,2.02323
20.89,4.31794e+06,606862,4.64621e+06,-81.6409,-15.6852,70.8735,0.526309,0.117944,-0.0258606,0.841676,4.31899e+06,607593,4.64515e+06,25.5859,20.9634,-33.1272,1,0,0,0,1663.74,153.808,2.03309
20.99,4.31793e+06,606860,4.64622e+06,-82.5655,-15.9586,70.6701,0.522439,0.118429,-0.0273829,0.843968,4.319e+06,607595,4.64514e+06,25.6387,20.8211,-33.2759,1,0,0,0,1678.8,154.485,2.04218
21.09,4.31793e+06,606859,4.64622e+06,-83.0632,-16.1735,70.924,0.518232,0.119438,-0.0286964,0.846372,4.319e+06,607597,4.64514e+06,25.691,20.6784,-33.4235,1,0,0,0,1693.94,155.158,2.05203
21.19,4.31792e+06,606857,4.64623e+06,-82.9459,-16.304,71.8397,0.514008,0.1199,-0.0301943,0.848828,4.319e+06,607599,4.64514e+06,25.7429,20.5353,-33.5699,1,0,0,0,1709.14,155.825,2.06189
21.29,4.31791e+06,606856,4.64624e+06,-82.2644,-16.3577,73.3615,0.509729,0.120383,-0.031659,0.851282,4.319e+06,607601,4.64513e+06,25.7945,20.3916,-33.7153,1,0,0,0,1724.41,156.501,2.07185
21.39,4.3179e+06,606854,4.64625e+06,-81.9886,-16.4709,74.4469,0.505449,0.120846,-0.0331607,0.853708,4.31901e+06,607603,4.64513e+06,25.8457,20.2474,-33.8595,1,0,0,0,1739.75,157.184,2.08179
21.49,4.31789e+06,606852,4.64625e+06,-82.1874,-16.653,75.0211,0.501146,0.121324,-0.0346557,0.856114,4.31901e+06,607605,4.64513e+06,25.8965,20.1028,-34.0026,1,0,0,0,1755.16,157.858,2.09175
21.59,4.31788e+06,606851,4.64626e+06,-83.9055,-17.0513,73.9601,0.497076,0.121752,-0.036169,0.858361,4.31901e+06,607607,4.64512e+06,25.9469,19.9578,-34.1445,1,0,0,0,1770.64,158.505,2.10114
21.69,4.31788e+06,606849,4.64627e+06,-84.1412,-17.243,74.4939,0.492723,0.12222,-0.0376641,0.860737,4.31901e+06,607609,4.64512e+06,25.997,19.8122,-34.2853,1,0,0,0,1786.19,159.174,2.11116
21.79,4.31787e+06,606847,4.64628e+06,-84.1216,-17.4009,75.3014,0.488204,0.122674,-0.0391208,0.863179,4.31902e+06,607611,4.64512e+06,26.0467,19.6663,-34.4249,1,0,0,0,1801.81,159.846,2.12153
21.89,4.31786e+06,606845,4.64628e+06,-85.0246,-17.6923,75.1169,0.484132,0.123089,-0.0407076,0.865337,4.31902e+06,607613,4.64511e+06,26.0961,19.5198,-34.5633,1,0,0,0,1817.5,160.506,2.13085
21.99,4.31785e+06,606844,4.64629e+06,-86.1452,-18.0178,74.699,0.480363,0.123523,-0.0422907,0.867298,4.31902e+06,607615,4.64511e+06,26.145,19.3729,-34.7005,1,0,0,0,1833.25,161.169,2.13946
22.09,4.31784e+06,606842,4.6463e+06,-86.646,-18.2539,74.9506,0.476088,0.121503,-0.0437421,0.869864,4.31902e+06,607617,4.6451e+06,26.1937,19.2256,-34.8366,1,0,0,0,1849.09,161.836,2.14919
22.19,4.31783e+06,606840,4.6463e+06,-86.7024,-18.4295,75.6805,0.471754,0.121923,-0.0452043,0.872089,4.31903e+06,607619,4.6451e+06,26.242,19.0779,-34.9715,1,0,0,0,1864.98,162.503,2.15903
22.29,4.31782e+06,606838,4.64631e+06,-87.4085,-18.6989,75.7111,0.467387,0.122324,-0.0466923,0.874303,4.31903e+06,607621,4.6451e+06,26.2899,18.9297,-35.1051,1,0,0,0,1880.95,163.167,2.16893
22.39,4.31782e+06,606836,4.64632e+06,-86.0481,-18.6802,77.9646,0.46287,0.122756,-0.0481646,0.876563,4.31903e+06,607622,4.64509e+06,26.3375,18.781,-35.2375,1,0,0,0,1896.99,163.855,2.17913
22.49,4.31781e+06,606834,4.64633e+06,-87.6297,-19.0775,77.0513,0.458615,0.123149,-0.0496737,0.878658,4.31903e+06,607624,4.64509e+06,26.3847,18.632,-35.3688,1,0,0,0,1913.09,164.498,2.18872
22.59,4.3178e+06,606832,4.64634e+06,-87.736,-19.2691,77.7249,0.454127,0.123562,-0.0511379,0.880844,4.31904e+06,607626,4.64509e+06,26.4316,18.4825,-35.4988,1,0,0,0,1929.27,165.164,2.19881
22.69,4.31779e+06,606830,4.64634e+06,-89.8736,-19.7501,76.2132,0.450209,0.123911,-0.0526965,0.882712,4.31904e+06,607628,4.64508e+06,26.4781,18.3326,-35.6275,1,0,0,0,1945.51,165.82,2.20759
22.79,4.31778e+06,606828,4.64635e+06,-89.8556,-19.9285,77.0185,0.445562,0.124282,-0.0541203,0.884929,4.31904e+06,607630,4.64508e+06,26.5244,18.1823,-35.755,1,0,0,0,1961.82,166.477,2.21799
22.89,4.31777e+06,606826,4.64636e+06,-91.1691,-20.2989,76.393,0.441696,0.124599,-0.0557002,0.886723,4.31904e+06,607632,4.64508e+06,26.5703,18.0316,-35.8813,1,0,0,0,1978.19,167.145,2.22662
22.99,4.31776e+06,606824,4.64637e+06,-91.1073,-20.474,77.2435,0.436629,0.125024,-0.0570856,0.889081,4.31905e+06,607633,4.64507e+06,26.6158,17.8805,-36.0063,1,0,0,0,1994.64,167.795,2.2379
23.09,4.31775e+06,606822,4.64637e+06,-91.6053,-20.7327,77.4912,0.432197,0.125737,-0.0584128,0.891058,4.31905e+06,607635,4.64507e+06,26.661,17.729,-36.13,1,0,0,0,2011.15,168.452,2.24774
23.19,4.31774e+06,606820,4.64638e+06,-93.7114,-21.2197,76.0078,0.427761,0.126055,-0.059891,0.893053,4.31905e+06,607637,4.64507e+06,26.7059,17.577,-36.2525,1,0,0,0,2027.74,169.139,2.25756
23.29,4.31773e+06,606818,4.64639e+06,-94.0981,-21.4675,76.3735,0.423279,0.126411,-0.0613521,0.895037,4.31906e+06,607639,4.64506e+06,26.7505,17.4247,-36.3737,1,0,0,0,2044.39,169.791,2.26747
23.39,4.31772e+06,606816,4.6464e+06,-93.9377,-21.6405,77.3277,0.418735,0.126744,-0.0628215,0.897023,4.31906e+06,607640,4.64506e+06,26.7948,17.2721,-36.4936,1,0,0,0,2061.11,170.428,2.27749
23.49,4.31771e+06,606814,4.6464e+06,-95.6235,-22.0757,76.2937,0.414408,0.127052,-0.0643129,0.898881,4.31906e+06,607642,4.64505e+06,26.8387,17.119,-36.6122,1,0,0,0,2077.9,171.117,2.28701
23.59,4.31771e+06,606811,4.64641e+06,-95.3302,-22.2343,77.3885,0.409742,0.127372,-0.0657539,0.900869,4.31906e+06,607644,4.64505e+06,26.8823,16.9655,-36.7295,1,0,0,0,2094.76,171.742,2.29725
23.69,4.3177e+06,606809,4.64642e+06,-96.0124,-22.5323,77.4327,0.405267,0.127661,-0.0672133,0.902742,4.31907e+06,607646,4.64505e+06,26.9256,16.8117,-36.8455,1,0,0,0,2111.69,172.398,2.30705
23.79,4.31769e+06,606807,4.64643e+06,-95.7313,-22.6961,78.5113,0.400301,0.127992,-0.0686157,0.904803,4.31907e+06,607647,4.64504e+06,26.9686,16.6575,-36.9602,1,0,0,0,2128.68,173.025,2.3179
23.89,4.31768e+06,606805,4.64644e+06,-95.4477,-22.8607,79.5905,0.395131,0.128354,-0.0699881,0.906917,4.31907e+06,607649,4.64504e+06,27.0113,16.5029,-37.0735,1,0,0,0,2145.74,173.655,2.32917
23.99,4.31767e+06,606803,4.64644e+06,-95.5215,-23.0779,80.2841,0.390064,0.128676,-0.0713588,0.908956,4.31907e+06,607651,4.64504e+06,27.0537,16.348,-37.1856,1,0,0,0,2162.87,174.293,2.34019
24.09,4.31766e+06,606800,4.64645e+06,-96.0169,-23.3551,80.5281,0.385621,0.127146,-0.0717167,0.911036,4.31908e+06,607652,4.64503e+06,27.0958,16.1927,-37.2963,1,0,0,0,2180.07,174.938,2.34983
24.19,4.31765e+06,606798,4.64646e+06,-95.4785,-23.4884,81.8842,0.381029,0.127433,-0.0731446,0.912813,4.31908e+06,607654,4.64503e+06,27.1376,16.0371,-37.4056,1,0,0,0,2197.33,175.576,2.35977
24.29,4.31764e+06,606796,4.64647e+06,-91.9831,-23.2082,86.4203,0.376262,0.127716,-0.0745369,0.914636,4.31908e+06,607655,4.64502e+06,27.1791,15.8811,-37.5136,1,0,0,0,2214.67,176.316,2.37007
24.39,4.31763e+06,606793,4.64648e+06,-92.3413,-23.4718,86.8093,0.371637,0.127963,-0.07596,0.916374,4.31909e+06,607657,4.64502e+06,27.2202,15.7248,-37.6203,1,0,0,0,2232.06,176.958,2.38005
24.49,4.31762e+06,606791,4.64649e+06,-95.6933,-24.159,83.976,0.367449,0.128171,-0.077417,0.917911,4.31909e+06,607659,4.64502e+06,27.2611,15.5682,-37.7256,1,0,0,0,2249.52,177.503,2.38906
24.59,4.31761e+06,606788,4.64649e+06,-96.6727,-24.5145,83.6946,0.362939,0.128371,-0.078858,0.919553,4.31909e+06,607660,4.64501e+06,27.3017,15.4112,-37.8295,1,0,0,0,2267.04,178.134,2.39875
24.69,4.3176e+06,606786,4.6465e+06,-97.7336,-24.8838,83.3249,0.358554,0.128584,-0.0802796,0.921119,4.31909e+06,607662,4.64501e+06,27.3421,15.2538,-37.9321,1,0,0,0,2284.63,178.769,2.40816
24.79,4.31759e+06,606783,4.64651e+06,-97.9359,-25.1339,83.8766,0.353739,0.128814,-0.0816549,0.922826,4.3191e+06,607663,4.64501e+06,27.3821,15.0962,-38.0333,1,0,0,0,2302.29,179.402,2.41846
24.89,4.31758e+06,606781,4.64652e+06,-98.7141,-25.4682,83.8088,0.349366,0.129025,-0.0830608,0.924336,4.3191e+06,607665,4.645e+06,27.4218,14.9382,-38.1331,1,0,0,0,2320.01,180.035,2.4278
24.99,4.31757e+06,606778,4.64653e+06,-99.79,-25.8481,83.4222,0.345512,0.12912,-0.0845646,0.925634,4.3191e+06,607666,4.645e+06,27.4613,14.7799,-38.2315,1,0,0,0,2337.81,180.674,2.43602
25.09,4.31756e+06,606776,4.64654e+06,-100.281,-26.1449,83.6613,0.340869,0.129043,-0.0858503,0.927247,4.3191e+06,607668,4.64499e+06,27.5004,14.6213,-38.3285,1,0,0,0,2355.66,181.305,2.44591
25.19,4.31755e+06,606773,4.64654e+06,-101.537,-26.5519,83.075,0.336247,0.129237,-0.0871929,0.928781,4.31911e+06,607669,4.64499e+06,27.5393,14.4624,-38.4242,1,0,0,0,2373.59,181.948,2.45573
25.29,4.31754e+06,606770,4.64655e+06,-102.641,-26.939,82.6527,0.331602,0.129396,-0.0885402,0.9303,4.31911e+06,607670,4.64499e+06,27.578,14.3032,-38.5184,1,0,0,0,2391.58,182.593,2.46559
25.39,4.31753e+06,606768,4.64656e+06,-102.839,-27.2003,83.2029,0.326901,0.12955,-0.0898617,0.931814,4.31911e+06,607672,4.64498e+06,27.6163,14.1437,-38.6112,1,0,0,0,2409.63,183.212,2.47555
25.49,4.31752e+06,606765,4.64657e+06,-102.546,-27.3946,84.2804,0.322092,0.129704,-0.0911254,0.933344,4.31912e+06,607673,4.64498e+06,27.6544,13.9839,-38.7026,1,0,0,0,2427.75,183.818,2.48572
25.59,4.31751e+06,606762,4.64658e+06,-102.469,-27.6208,85.1247,0.317265,0.129869,-0.0924293,0.934844,4.31912e+06,607675,4.64498e+06,27.6922,13.8238,-38.7925,1,0,0,0,2445.93,184.432,2.4959
25.69,4.3175e+06,606759,4.64659e+06,-102.719,-27.8949,85.6152,0.31249,0.12998,-0.0937282,0.936307,4.31912e+06,607676,4.64497e+06,27.7297,13.6634,-38.8811,1,0,0,0,2464.17,185.049,2.50597
25.79,4.31749e+06,606757,4.64659e+06,-102.895,-28.1605,86.1829,0.307561,0.130106,-0.0950361,0.937788,4.31912e+06,607677,4.64497e+06,27.767,13.5027,-38.9682,1,0,0,0,2482.49,185.664,2.51634
25.89,4.31748e+06,606754,4.6466e+06,-104.095,-28.5743,85.6515,0.303547,0.130121,-0.0964387,0.93895,4.31913e+06,607679,4.64496e+06,27.804,13.3418,-39.0539,1,0,0,0,2500.87,186.295,2.52477
25.99,4.31747e+06,606751,4.64661e+06,-104.626,-28.8941,85.837,0.298874,0.130208,-0.0977425,0.940301,4.31913e+06,607680,4.64496e+06,27.8407,13.1805,-39.1381,1,0,0,0,2519.32,186.913,2.53457
26.09,4.31746e+06,606748,4.64662e+06,-105.111,-29.2108,86.0706,0.29397,0.130122,-0.0999944,0.941622,4.31913e+06,607681,4.64496e+06,27.8772,13.0191,-39.2209,1,0,0,0,2537.82,187.529,2.54484
26.19,4.31745e+06,606745,4.64663e+06,-105.278,-29.4842,86.645,0.289219,0.130156,-0.101273,0.94295,4.31913e+06,607683,4.64495e+06,27.9134,12.8573,-39.3022,1,0,0,0,2556.39,188.136,2.55477
26.29,4.31744e+06,606742,4.64664e+06,-106.54,-29.9132,86.0403,0.284509,0.130167,-0.102553,0.944243,4.31914e+06,607684,4.64495e+06,27.9493,12.6953,-39.382,1,0,0,0,2575.02,188.768,2.5646
26.39,4.31743e+06,606739,4.64665e+06,-103.393,-29.7242,90.1781,0.279395,0.13022,-0.103768,0.945629,4.31914e+06,607685,4.64494e+06,27.985,12.533,-39.4604,1,0,0,0,2593.72,189.346,2.57527
26.49,4.31742e+06,606736,4.64666e+06,-104.624,-30.1523,89.6041,0.274754,0.130226,-0.105014,0.946849,4.31914e+06,607686,4.64494e+06,28.0205,12.3705,-39.5374,1,0,0,0,2612.48,189.948,2.58492
26.59,4.31741e+06,606733,4.64667e+06,-105.372,-30.5144,89.548,0.270087,0.130215,-0.10623,0.948057,4.31915e+06,607688,4.64494e+06,28.0556,12.2077,-39.6128,1,0,0,0,2631.29,190.553,2.59463
26.69,4.3174e+06,606730,4.64667e+06,-107.011,-31.0045,88.5331,0.265864,0.13012,-0.107538,0.949116,4.31915e+06,607689,4.64493e+06,28.0906,12.0447,-39.6868,1,0,0,0,2650.17,191.17,2.60339
26.79,4.31739e+06,606727,4.64668e+06,-107.802,-31.3762,88.4297,0.261311,0.130062,-0.108814,0.950242,4.31915e+06,607690,4.64493e+06,28.1252,11.8815,-39.7593,1,0,0,0,2669.13,191.781,2.61283
26.89,4.31738e+06,606724,4.64669e+06,-107.629,-31.6115,89.3578,0.255821,0.130121,-0.109855,0.951607,4.31915e+06,607691,4.64492e+06,28.1597,11.718,-39.8304,1,0,0,0,2688.14,192.369,2.6242
26.99,4.31737e+06,606721,4.6467e+06,-107.383,-31.8362,90.3606,0.249869,0.130198,-0.110892,0.953057,4.31916e+06,607692,4.64492e+06,28.1939,11.5543,-39.8999,1,0,0,0,2707.21,192.955,2.6365
27.09,4.31735e+06,606717,4.64671e+06,-107.859,-32.169,90.5884,0.245008,0.130982,-0.112868,0.953979,4.31916e+06,607694,4.64492e+06,28.2278,11.3903,-39.9679,1,0,0,0,2726.35,193.551,2.64654
27.19,4.31734e+06,606714,4.64672e+06,-107.268,-32.3532,91.9634,0.240197,0.130905,-0.114024,0.955075,4.31916e+06,607695,4.64491e+06,28.2615,11.2262,-40.0345,1,0,0,0,2745.55,194.141,2.65646
27.29,4.31733e+06,606711,4.64673e+06,-107.632,-32.6735,92.3086,0.235396,0.130816,-0.115171,0.956144,4.31917e+06,607696,4.64491e+06,28.2949,11.0618,-40.0995,1,0,0,0,2764.81,194.733,2.66634
27.39,4.31732e+06,606708,4.64674e+06,-108.697,-33.0935,91.8992,0.230661,0.13069,-0.116282,0.95718,4.31917e+06,607697,4.6449e+06,28.3281,10.8972,-40.163,1,0,0,0,2784.13,195.324,2.67608
27.49,4.31731e+06,606704,4.64675e+06,-107.607,-33.2115,93.806,0.225545,0.13058,-0.117385,0.958279,4.31917e+06,607698,4.6449e+06,28.3611,10.7324,-40.2251,1,0,0,0,2803.51,195.915,2.68659
27.59,4.3173e+06,606701,4.64676e+06,-109.268,-33.7186,92.754,0.221091,0.130389,-0.118529,0.959202,4.31917e+06,607699,4.6449e+06,28.3938,10.5675,-40.2856,1,0,0,0,2822.95,196.498,2.69573
27.69,4.31729e+06,606698,4.64677e+06,-109.871,-34.0778,92.8376,0.21634,0.130237,-0.11965,0.960166,4.31918e+06,607700,4.64489e+06,28.4263,10.4023,-40.3446,1,0,0,0,2842.45,197.084,2.70546
27.79,4.31728e+06,606694,4.64677e+06,-110.453,-34.4356,92.9431,0.211594,0.130085,-0.120775,0.961103,4.31918e+06,607701,4.64489e+06,28.4585,10.2369,-40.4021,1,0,0,0,2862.01,197.669,2.71518
27.89,4.31727e+06,606691,4.64678e+06,-111.086,-34.8022,92.9919,0.206934,0.129873,-0.121846,0.962011,4.31918e+06,607702,4.64488e+06,28.4905,10.0713,-40.458,1,0,0,0,2881.64,198.253,2.72471
27.99,4.31726e+06,606687,4.64679e+06,-111.07,-35.0752,93.7333,0.201242,0.129759,-0.122803,0.963111,4.31919e+06,607703,4.64488e+06,28.5223,9.90555,-40.5125,1,0,0,0,2901.32,198.825,2.73634
28.09,4.31724e+06,606684,4.6468e+06,-111.538,-35.4227,93.9553,0.196193,0.130021,-0.125367,0.963787,4.31919e+06,607704,4.64488e+06,28.5538,9.7396,-40.5654,1,0,0,0,2921.06,199.402,2.74664
28.19,4.31723e+06,606680,4.64681e+06,-110.587,-35.5723,95.7038,0.191302,0.129794,-0.126372,0.96467,4.31919e+06,607705,4.64487e+06,28.5851,9.57349,-40.6167,1,0,0,0,2940.87,199.976,2.75662
28.29,4.31722e+06,606677,4.64682e+06,-112.13,-36.073,94.7673,0.186556,0.129535,-0.127406,0.965497,4.31919e+06,607706,4.64487e+06,28.6162,9.4072,-40.6666,1,0,0,0,2960.73,200.55,2.76628
28.39,4.31721e+06,606673,4.64683e+06,-113.233,-36.5135,94.3019,0.181767,0.129274,-0.128433,0.966309,4.3192e+06,607707,4.64486e+06,28.647,9.24074,-40.7149,1,0,0,0,2980.64,201.129,2.77603
28.49,4.3172e+06,606669,4.64684e+06,-112.836,-36.7437,95.4498,0.176743,0.129012,-0.129393,0.967148,4.3192e+06,607708,4.64486e+06,28.6776,9.07412,-40.7616,1,0,0,0,3000.62,201.69,2.78624
28.59,4.31719e+06,606666,4.64685e+06,-113.72,-37.1553,95.219,0.172009,0.128714,-0.130414,0.967904,4.3192e+06,607709,4.64486e+06,28.7079,8.90734,-40.8068,1,0,0,0,3020.66,202.263,2.79586
28.69,4.31718e+06,606662,4.64686e+06,-113.25,-37.3759,96.4417,0.166649,0.12846,-0.131303,0.968755,4.31921e+06,607710,4.64485e+06,28.7381,8.74041,-40.8505,1,0,0,0,3040.77,202.821,2.80673
28.79,4.31717e+06,606658,4.64687e+06,-114.072,-37.7814,96.2757,0.162072,0.128133,-0.132309,0.969437,4.31921e+06,607711,4.64485e+06,28.768,8.57332,-40.8926,1,0,0,0,3060.93,203.389,2.81601
28.89,4.31715e+06,606654,4.64688e+06,-115.094,-38.2174,95.8953,0.157894,0.12774,-0.133323,0.97004,4.31921e+06,607711,4.64484e+06,28.7976,8.40609,-40.9332,1,0,0,0,3081.14,203.963,2.82448
28.99,4.31714e+06,606651,4.64689e+06,-115.215,-38.5231,96.4779,0.1524,0.127483,-0.134146,0.970838,4.31921e+06,607712,4.64484e+06,28.8271,8.23872,-40.9722,1,0,0,0,3101.42,204.517,2.8356
29.09,4.31713e+06,606647,4.6469e+06,-115.678,-38.8797,96.6966,0.147315,0.125787,-0.135349,0.971677,4.31922e+06,607713,4.64484e+06,28.8563,8.07121,-41.0096,1,0,0,0,3121.75,205.079,2.84589
29.19,4.31712e+06,606643,4.64691e+06,-115.306,-39.1195,97.8134,0.142388,0.125422,-0.136244,0.972333,4.31922e+06,607714,4.64483e+06,28.8853,7.90357,-41.0455,1,0,0,0,3142.15,205.631,2.85585
29.29,4.31711e+06,606639,4.64692e+06,-115.113,-39.3851,98.7374,0.137457,0.125023,-0.137139,0.972969,4.31922e+06,607715,4.64483e+06,28.914,7.7358,-41.0798,1,0,0,0,3162.59,206.187,2.8658
29.39,4.3171e+06,606635,4.64693e+06,-116.215,-39.8338,98.2661,0.13262,0.124596,-0.13799,0.973574,4.31923e+06,607715,4.64482e+06,28.9425,7.56791,-41.1126,1,0,0,0,3183.1,206.746,2.87557
29.49,4.31709e+06,606631,4.64694e+06,-115.2,-39.9852,100.071,0.127411,0.124231,-0.138811,0.974199,4.31923e+06,607716,4.64482e+06,28.9708,7.39989,-41.1438,1,0,0,0,3203.66,207.297,2.88608
29.59,4.31707e+06,606627,4.64695e+06,-117.473,-40.6006,98.3384,0.123141,0.123683,-0.139697,0.974692,4.31923e+06,607717,4.64481e+06,28.9989,7.23176,-41.1734,1,0,0,0,3224.28,207.86,2.89468
29.69,4.31706e+06,606623,4.64696e+06,-119.722,-41.2148,96.6336,0.119251,0.123104,-0.140657,0.97511,4.31923e+06,607718,4.64481e+06,29.0268,7.06352,-41.2015,1,0,0,0,3244.96,208.46,2.90252
29.79,4.31705e+06,606619,4.64697e+06,-118.454,-41.3288,98.7036,0.112831,0.122853,-0.141271,0.975817,4.31924e+06,607718,4.64481e+06,29.0544,6.89518,-41.228,1,0,0,0,3265.7,208.962,2.91545
29.89,4.31704e+06,606615,4.64698e+06,-118.866,-41.683,98.969,0.107844,0.122388,-0.142068,0.976323,4.31924e+06,607719,4.6448e+06,29.0818,6.72673,-41.2529,1,0,0,0,3286.49,209.51,2.92548
29.99,4.31703e+06,606610,4.64699e+06,-119.057,-42.0049,99.4697,0.102414,0.121945,-0.142794,0.976858,4.31924e+06,607720,4.6448e+06,29.1089,6.55818,-41.2763,1,0,0,0,3307.34,210.05,2.93641
30.09,4.31702e+06,606606,4.647e+06,-119.514,-42.3662,99.6859,0.0974769,0.121011,-0.143244,0.977413,4.31925e+06,607720,4.64479e+06,29.1359,6.38954,-41.2981,1,0,0,0,3328.24,210.596,2.94633
30.19,4.317e+06,606602,4.64701e+06,-120.474,-42.7982,99.3612,0.0925567,0.120459,-0.143971,0.977852,4.31925e+06,607721,4.64479e+06,29.1626,6.22081,-41.3183,1,0,0,0,3349.2,211.151,2.95621
30.29,4.31699e+06,606598,4.64702e+06,-120.351,-43.078,100.202,0.0876094,0.119915,-0.144702,0.978267,4.31925e+06,607722,4.64479e+06,29.1891,6.05199,-41.3369,1,0,0,0,3370.22,211.682,2.96615
30.39,4.31698e+06,606593,4.64703e+06,-121.042,-43.473,100.165,0.0827144,0.119381,-0.145437,0.978649,4.31925e+06,607722,4.64478e+06,29.2153,5.88309,-41.3539,1,0,0,0,3391.29,212.228,2.97597
30.49,4.31697e+06,606589,4.64704e+06,-122.348,-43.9548,99.4644,0.0779749,0.11879,-0.146159,0.979003,4.31926e+06,607723,4.64478e+06,29.2414,5.71412,-41.3694,1,0,0,0,3412.42,212.792,2.98548
30.59,4.31696e+06,606585,4.64705e+06,-122.095,-44.2171,100.441,0.0728281,0.118231,-0.146825,0.979367,4.31926e+06,607723,4.64477e+06,29.2672,5.54508,-41.3833,1,0,0,0,3433.6,213.31,2.99581
30.69,4.31694e+06,606580,4.64706e+06,-121.644,-44.4511,101.63,0.0673847,0.117689,-0.147419,0.979733,4.31926e+06,607724,4.64477e+06,29.2928,5.37596,-41.3956,1,0,0,0,3454.84,213.824,3.00672
30.79,4.31693e+06,606576,4.64707e+06,-122.174,-44.8247,101.764,0.0625295,0.117048,-0.148072,0.980033,4.31927e+06,607724,4.64477e+06,29.3181,5.20679,-41.4063,1,0,0,0,3476.14,214.361,3.01645
30.89,4.31692e+06,606571,4.64708e+06,-122.785,-45.2103,101.81,0.0577712,0.116376,-0.148736,0.980304,4.31927e+06,607725,4.64476e+06,29.3432,5.03755,-41.4154,1,0,0,0,3497.49,214.898,3.02599
30.99,4.31691e+06,606567,4.64709e+06,-123.342,-45.5889,101.913,0.0530418,0.115698,-0.149373,0.980555,4.31927e+06,607725,4.64476e+06,29.3681,4.86826,-41.423,1,0,0,0,3518.89,215.434,3.03546
31.09,4.3169e+06,606562,4.6471e+06,-123.795,-45.953,102.127,0.0481889,0.115806,-0.150493,0.980622,4.31928e+06,607726,4.64475e+06,29.3928,4.69892,-41.429,1,0,0,0,3540.34,215.964,3.04518
31.19,4.31688e+06,606558,4.64711e+06,-124.532,-46.3575,102.034,0.0432751,0.115121,-0.151098,0.980838,4.31928e+06,607726,4.64475e+06,29.4172,4.52953,-41.4334,1,0,0,0,3561.85,216.501,3.05502
31.29,4.31687e+06,606553,4.64712e+06,-124.979,-46.7213,102.252,0.0383684,0.114399,-0.151694,0.981035,4.31928e+06,607727,4.64474e+06,29.4415,4.3601,-41.4362,1,0,0,0,3583.42,217.028,3.06484
31.39,4.31686e+06,606549,4.64713e+06,-122.966,-46.7388,105.117,0.0331096,0.113692,-0.152219,0.981227,4.31928e+06,607727,4.64474e+06,29.4654,4.19063,-41.4374,1,0,0,0,3605.04,217.503,3.07536
31.49,4.31685e+06,606544,4.64714e+06,-123.337,-47.0917,105.417,0.0282061,0.112947,-0.152819,0.981373,4.31929e+06,607728,4.64474e+06,29.4892,4.02112,-41.437,1,0,0,0,3626.72,218.024,3.08517
31.59,4.31683e+06,606539,4.64715e+06,-123.811,-47.4593,105.605,0.0233229,0.112153,-0.153379,0.981505,4.31929e+06,607728,4.64473e+06,29.5127,3.85159,-41.4351,1,0,0,0,3648.46,218.545,3.09494
31.69,4.31682e+06,606534,4.64716e+06,-125.009,-47.9299,105.016,0.0188306,0.111311,-0.153971,0.981605,4.31929e+06,607728,4.64473e+06,29.536,3.68203,-41.4315,1,0,0,0,3670.24,219.077,3.10393
31.79,4.31681e+06,606530,4.64718e+06,-124.856,-48.2081,105.877,0.0133913,0.110592,-0.154406,0.981707,4.3193e+06,607729,4.64472e+06,29.5591,3.51245,-41.4264,1,0,0,0,3692.07,219.584,3.11481
31.89,4.3168e+06,606525,4.64719e+06,-125.239,-48.5626,106.162,0.00839034,0.109777,-0.154914,0.981774,4.3193e+06,607729,4.64472e+06,29.5819,3.34286,-41.4197,1,0,0,0,3713.96,220.1,3.12481
31.99,4.31678e+06,606520,4.6472e+06,-125.794,-48.9418,106.263,0.00372269,0.108941,-0.155475,0.981807,4.3193e+06,607729,4.64472e+06,29.6045,3.17325,-41.4114,1,0,0,0,3735.9,220.619,3.13415
32.09,4.31677e+06,606515,4.64721e+06,-126.246,-49.3074,106.476,-0.00146851,0.106959,-0.156854,0.981812,4.3193e+06,607730,4.64471e+06,29.6269,3.00363,-41.4016,1,0,0,0,3757.9,221.135,3.13866
32.19,4.31676e+06,606510,4.64722e+06,-126.042,-49.5808,107.395,-0.00641711,0.106115,-0.157327,0.981808,4.31931e+06,607730,4.64471e+06,29.649,2.83401,-41.3901,1,0,0,0,3779.95,221.64,3.12876
32.29,4.31675e+06,606505,4.64723e+06,-126.695,-49.9745,107.393,-0.0113401,0.105189,-0.157753,0.981795,4.31931e+06,607730,4.6447e+06,29.6709,2.66439,-41.3771,1,0,0,0,3802.04,222.157,3.11891
32.39,4.31673e+06,606500,4.64724e+06,-126.205,-50.2072,108.62,-0.0163881,0.104305,-0.158181,0.981749,4.31931e+06,607731,4.6447e+06,29.6925,2.49477,-41.3625,1,0,0,0,3824.19,222.658,3.10881
32.49,4.31672e+06,606495,4.64725e+06,-126.474,-50.5462,109.032,-0.0213321,0.103365,-0.158591,0.981687,4.31932e+06,607731,4.64469e+06,29.7139,2.32516,-41.3463,1,0,0,0,3846.4,223.167,3.09893
32.59,4.31671e+06,606490,4.64726e+06,-128.668,-51.157,107.372,-0.0256363,0.102317,-0.159052,0.981619,4.31932e+06,607731,4.64469e+06,29.7351,2.15556,-41.3285,1,0,0,0,3868.65,223.709,3.09031
32.69,4.3167e+06,606485,4.64727e+06,-128.59,-51.4464,108.156,-0.0308354,0.101371,-0.159389,0.981513,4.31932e+06,607731,4.64469e+06,29.756,1.98598,-41.3092,1,0,0,0,3890.95,224.206,3.07991
32.79,4.31668e+06,606480,4.64728e+06,-128.776,-51.7725,108.656,-0.0359989,0.100411,-0.159748,0.981378,4.31933e+06,607731,4.64468e+06,29.7767,1.81642,-41.2883,1,0,0,0,3913.31,224.709,3.06958
32.89,4.31667e+06,606474,4.64729e+06,-128.447,-52.0231,109.706,-0.0419399,0.0995828,-0.159987,0.981187,4.31933e+06,607732,4.64468e+06,29.7972,1.64689,-41.2658,1,0,0,0,3935.72,225.198,3.05769
32.99,4.31666e+06,606469,4.64731e+06,-128.1,-52.2685,110.771,-0.0483836,0.0988222,-0.160174,0.980937,4.31933e+06,607732,4.64467e+06,29.8174,1.47738,-41.2417,1,0,0,0,3958.18,225.687,3.04479
33.09,4.31664e+06,606464,4.64732e+06,-128.55,-52.6336,110.984,-0.0532901,0.0986446,-0.162373,0.980339,4.31933e+06,607732,4.64467e+06,29.8374,1.30791,-41.216,1,0,0,0,3980.7,226.189,3.03496
33.19,4.31663e+06,606459,4.64733e+06,-128.089,-52.8708,112.179,-0.0582169,0.09759,-0.162702,0.98011,4.31934e+06,607732,4.64467e+06,29.8571,1.13848,-41.1888,1,0,0,0,4003.26,226.684,3.02509
33.29,4.31662e+06,606453,4.64734e+06,-128.652,-53.2516,112.272,-0.0630828,0.096499,-0.163019,0.979864,4.31934e+06,607732,4.64466e+06,29.8765,0.969081,-41.16,1,0,0,0,4025.88,227.184,3.01534
33.39,4.31661e+06,606448,4.64735e+06,-128.349,-53.51,113.296,-0.0680739,0.0954223,-0.163312,0.979587,4.31934e+06,607732,4.64466e+06,29.8958,0.799732,-41.1297,1,0,0,0,4048.55,227.681,3.00534
33.49,4.31659e+06,606443,4.64736e+06,-128.984,-53.9,113.313,-0.0729002,0.0942848,-0.163617,0.979298,4.31935e+06,607732,4.64465e+06,29.9147,0.630433,-41.0978,1,0,0,0,4071.26,228.177,2.99566
33.59,4.31658e+06,606437,4.64737e+06,-129.238,-54.2361,113.739,-0.0778397,0.0931714,-0.163919,0.978974,4.31935e+06,607732,4.64465e+06,29.9334,0.461187,-41.0643,1,0,0,0,4094.03,228.673,2.98576
33.69,4.31657e+06,606432,4.64738e+06,-130.272,-54.6824,113.328,-0.0824019,0.0919506,-0.164229,0.978664,4.31935e+06,607732,4.64465e+06,29.9519,0.292,-41.0292,1,0,0,0,4116.84,229.172,2.9766
33.79,4.31655e+06,606426,4.6474e+06,-130.65,-55.0353,113.622,-0.0873342,0.0907699,-0.164478,0.978305,4.31936e+06,607732,4.64464e+06,29.9701,0.122873,-40.9926,1,0,0,0,4139.71,229.667,2.9667
33.89,4.31654e+06,606421,4.64741e+06,-130.952,-55.3762,113.999,-0.092388,0.0896321,-0.16471,0.977907,4.31936e+06,607732,4.64464e+06,29.9881,-0.0461866,-40.9545,1,0,0,0,4162.63,230.16,2.95655
33.99,4.31653e+06,606415,4.64742e+06,-131.992,-55.8252,113.589,-0.096132,0.0882518,-0.165054,0.977613,4.31936e+06,607732,4.64463e+06,30.0057,-0.215177,-40.9147,1,0,0,0,4185.6,230.667,2.94903
34.09,4.31652e+06,606410,4.64743e+06,-132.444,-56.188,113.804,-0.1007,0.0889405,-0.165851,0.976956,4.31936e+06,607732,4.64463e+06,30.0232,-0.384093,-40.8735,1,0,0,0,4208.61,231.16,2.93985
34.19,4.3165e+06,606404,4.64744e+06,-135.87,-56.9685,110.817,-0.105486,0.0876654,-0.166098,0.976524,4.31937e+06,607732,4.64462e+06,30.0403,-0.552931,-40.8306,1,0,0,0,4231.67,231.745,2.93023
34.29,4.31649e+06,606398,4.64745e+06,-136.484,-57.3536,110.858,-0.110336,0.0864064,-0.166313,0.976063,4.31937e+06,607732,4.64462e+06,30.0573,-0.721687,-40.7863,1,0,0,0,4254.8,232.248,2.92047
34.39,4.31647e+06,606393,4.64746e+06,-136.388,-57.6385,111.663,-0.115249,0.0851498,-0.166489,0.975576,4.31937e+06,607732,4.64462e+06,30.0739,-0.890357,-40.7403,1,0,0,0,4277.96,232.716,2.91058
34.49,4.31646e+06,606387,4.64748e+06,-134.316,-57.6444,114.597,-0.120671,0.0839339,-0.166637,0.975,4.31938e+06,607732,4.64461e+06,30.0903,-1.05894,-40.6929,1,0,0,0,4301.19,233.123,2.89966
34.59,4.31645e+06,606381,4.64749e+06,-134.04,-57.9021,115.599,-0.125775,0.082672,-0.16679,0.974437,4.31938e+06,607732,4.64461e+06,30.1064,-1.22742,-40.6439,1,0,0,0,4324.46,233.597,2.88937
34.69,4.31644e+06,606375,4.6475e+06,-134.354,-58.2424,115.966,-0.130704,0.0813569,-0.166947,0.973872,4.31938e+06,607732,4.6446e+06,30.1222,-1.39581,-40.5933,1,0,0,0,4347.78,234.083,2.87943
34.79,4.31642e+06,606370,4.64751e+06,-133.866,-58.4673,117.195,-0.136357,0.0801846,-0.167009,0.973183,4.31939e+06,607732,4.6446e+06,30.1378,-1.5641,-40.5413,1,0,0,0,4371.15,234.555,2.86803
34.89,4.31641e+06,606364,4.64752e+06,-134.631,-58.8712,117.081,-0.140771,0.0787666,-0.167185,0.97264,4.31939e+06,607731,4.6446e+06,30.153,-1.73228,-40.4877,1,0,0,0,4394.58,235.046,2.85911
34.99,4.3164e+06,606358,4.64753e+06,-134.694,-59.1719,117.719,-0.146329,0.0775256,-0.167259,0.971906,4.31939e+06,607731,4.64459e+06,30.1681,-1.90035,-40.4325,1,0,0,0,4418.04,235.523,2.84788
35.09,4.31638e+06,606352,4.64755e+06,-135.151,-59.5336,117.934,-0.151153,0.0766027,-0.169461,0.970859,4.31939e+06,607731,4.64459e+06,30.1828,-2.0683,-40.3759,1,0,0,0,4441.57,236.008,2.83812
35.19,4.31637e+06,606346,4.64756e+06,-135.398,-59.8654,118.377,-0.155904,0.075178,-0.169574,0.970199,4.3194e+06,607731,4.64458e+06,30.1972,-2.23614,-40.3177,1,0,0,0,4465.14,236.489,2.82851
35.29,4.31636e+06,606340,4.64757e+06,-134.841,-60.084,119.687,-0.16077,0.0737655,-0.16971,0.96949,4.3194e+06,607731,4.64458e+06,30.2114,-2.40386,-40.258,1,0,0,0,4488.76,236.963,2.81865
35.39,4.31634e+06,606334,4.64758e+06,-134.824,-60.3778,120.417,-0.165601,0.0723448,-0.169792,0.968769,4.3194e+06,607730,4.64458e+06,30.2253,-2.57145,-40.1968,1,0,0,0,4512.42,237.444,2.80886
35.49,4.31633e+06,606328,4.64759e+06,-136.532,-60.9136,119.292,-0.170123,0.0708503,-0.169926,0.968072,4.31941e+06,607730,4.64457e+06,30.2389,-2.73891,-40.1341,1,0,0,0,4536.14,237.936,2.79968
35.59,4.31632e+06,606322,4.64761e+06,-136.073,-61.1434,120.501,-0.175224,0.0694237,-0.170009,0.967251,4.31941e+06,607730,4.64457e+06,30.2521,-2.90623,-40.0699,1,0,0,0,4559.91,238.408,2.78933
35.69,4.3163e+06,606316,4.64762e+06,-136.061,-61.4361,121.229,-0.180271,0.0679969,-0.170062,0.966415,4.31941e+06,607730,4.64456e+06,30.2652,-3.07342,-40.0041,1,0,0,0,4583.72,238.886,2.77907
35.79,4.31629e+06,606310,4.64763e+06,-136.724,-61.8234,121.234,-0.184844,0.0664761,-0.170122,0.965646,4.31942e+06,607729,4.64456e+06,30.2779,-3.24047,-39.9369,1,0,0,0,4607.58,239.369,2.76977
35.89,4.31627e+06,606303,4.64764e+06,-136.697,-62.1111,121.979,-0.190253,0.0650728,-0.170112,0.964692,4.31942e+06,607729,4.64456e+06,30.2903,-3.40738,-39.8682,1,0,0,0,4631.48,239.845,2.75875
35.99,4.31626e+06,606297,4.64766e+06,-137.169,-62.4699,122.193,-0.195017,0.0635739,-0.170155,0.963833,4.31942e+06,607729,4.64455e+06,30.3024,-3.57413,-39.798,1,0,0,0,4655.44,240.325,2.74904
36.09,4.31625e+06,606291,4.64767e+06,-137.633,-62.8276,122.411,-0.199392,0.0639381,-0.170635,0.962828,4.31942e+06,607728,4.64455e+06,30.3142,-3.74073,-39.7263,1,0,0,0,4679.45,240.803,2.74012
36.19,4.31623e+06,606285,4.64768e+06,-138.442,-63.2336,122.259,-0.204102,0.0624062,-0.170678,0.961934,4.31943e+06,607728,4.64454e+06,30.3257,-3.90717,-39.6531,1,0,0,0,4703.5,241.284,2.7305
36.29,4.31622e+06,606278,4.64769e+06,-137.991,-63.4616,123.467,-0.208904,0.0608669,-0.170698,0.960998,4.31943e+06,607727,4.64454e+06,30.3369,-4.07346,-39.5784,1,0,0,0,4727.61,241.754,2.72068
36.39,4.31621e+06,606272,4.6477e+06,-141.483,-64.2431,120.432,-0.213222,0.0592067,-0.170764,0.960141,4.31943e+06,607727,4.64454e+06,30.3478,-4.23958,-39.5023,1,0,0,0,4751.76,242.291,2.71185
36.49,4.31619e+06,606265,4.64772e+06,-142.704,-64.7054,119.843,-0.217785,0.0575696,-0.170799,0.95921,4.31944e+06,607727,4.64453e+06,30.3583,-4.40553,-39.4247,1,0,0,0,4775.96,242.802,2.7025
36.59,4.31618e+06,606259,4.64773e+06,-141.852,-64.8751,121.485,-0.222925,0.056038,-0.170775,0.958123,4.31944e+06,607726,4.64453e+06,30.3686,-4.5713,-39.3456,1,0,0,0,4800.22,243.235,2.69197
36.69,4.31616e+06,606253,4.64774e+06,-142.037,-65.19,122.015,-0.227773,0.0544419,-0.170768,0.957076,4.31944e+06,607726,4.64452e+06,30.3785,-4.73691,-39.2651,1,0,0,0,4824.51,243.707,2.68201
36.79,4.31615e+06,606246,4.64775e+06,-142.02,-65.4756,122.762,-0.232873,0.0528649,-0.170773,0.955935,4.31945e+06,607725,4.64452e+06,30.3881,-4.90233,-39.1831,1,0,0,0,4848.86,244.172,2.67153
36.89,4.31614e+06,606240,4.64777e+06,-141.813,-65.7323,123.714,-0.238424,0.0513806,-0.17072,0.954656,4.31945e+06,607725,4.64452e+06,30.3974,-5.06757,-39.0996,1,0,0,0,4873.25,244.632,2.66011
36.99,4.31612e+06,606233,4.64778e+06,-141.781,-66.0123,124.478,-0.244057,0.0498682,-0.170649,0.953325,4.31945e+06,607724,4.64451e+06,30.4064,-5.23262,-39.0148,1,0,0,0,4897.69,245.097,2.6485
37.09,4.31611e+06,606227,4.64779e+06,-142.255,-66.3647,124.699,-0.248364,0.0502341,-0.170345,0.952247,4.31946e+06,607724,4.64451e+06,30.415,-5.39748,-38.9284,1,0,0,0,4922.17,245.573,2.63961
37.19,4.31609e+06,606220,4.6478e+06,-143.837,-66.8724,123.73,-0.252951,0.0485662,-0.170336,0.951127,4.31946e+06,607723,4.6445e+06,30.4233,-5.56215,-38.8407,1,0,0,0,4946.71,246.079,2.63013
37.29,4.31608e+06,606213,4.64782e+06,-144.138,-67.1998,124.142,-0.257605,0.0468826,-0.170319,0.949965,4.31946e+06,607723,4.6445e+06,30.4313,-5.72662,-38.7515,1,0,0,0,4971.3,246.551,2.62051
37.39,4.31607e+06,606206,4.64783e+06,-143.537,-67.4001,125.526,-0.262394,0.0452249,-0.170313,0.948735,4.31946e+06,607722,4.6445e+06,30.4389,-5.89088,-38.6609,1,0,0,0,4995.94,246.999,2.61059
37.49,4.31605e+06,606200,4.64784e+06,-144.71,-67.8497,125.004,-0.266898,0.0434961,-0.170282,0.947564,4.31947e+06,607721,4.64449e+06,30.4462,-6.05494,-38.5688,1,0,0,0,5020.62,247.496,2.60125
37.59,4.31604e+06,606193,4.64786e+06,-142.927,-67.8818,127.664,-0.27227,0.0418975,-0.170226,0.946117,4.31947e+06,607721,4.64449e+06,30.4531,-6.21879,-38.4754,1,0,0,0,5045.35,247.922,2.59009
37.69,4.31602e+06,606186,4.64787e+06,-142.902,-68.1611,128.434,-0.27717,0.0402183,-0.170181,0.944774,4.31947e+06,607720,4.64449e+06,30.4597,-6.38243,-38.3805,1,0,0,0,5070.13,248.39,2.5799
37.79,4.31601e+06,606179,4.64788e+06,-143.165,-68.4806,128.896,-0.281942,0.0385055,-0.170141,0.943439,4.31948e+06,607719,4.64448e+06,30.4659,-6.54585,-38.2843,1,0,0,0,5094.96,248.863,2.56996
37.89,4.31599e+06,606173,4.6479e+06,-143.331,-68.7856,129.463,-0.286935,0.0368272,-0.170089,0.942009,4.31948e+06,607719,4.64448e+06,30.4718,-6.70905,-38.1866,1,0,0,0,5119.83,249.334,2.55954
37.99,4.31598e+06,606166,4.64791e+06,-143.352,-69.0682,130.187,-0.292365,0.0352358,-0.170033,0.94041,4.31948e+06,607718,4.64447e+06,30.4774,-6.87202,-38.0875,1,0,0,0,5144.75,249.802,2.5482
38.09,4.31597e+06,606159,4.64792e+06,-143.842,-69.416,130.412,-0.296996,0.0334104,-0.168347,0.939328,4.31949e+06,607717,4.64447e+06,30.4825,-7.03477,-37.9871,1,0,0,0,5169.71,250.278,2.5385
38.19,4.31595e+06,606152,4.64794e+06,-144.396,-69.7721,130.573,-0.301566,0.0316225,-0.168303,0.93794,4.31949e+06,607717,4.64447e+06,30.4873,-7.19728,-37.8853,1,0,0,0,5194.73,250.754,2.52892
38.29,4.31594e+06,606145,4.64795e+06,-146.619,-70.3627,128.937,-0.306011,0.0298307,-0.16825,0.936568,4.31949e+06,607716,4.64446e+06,30.4918,-7.35956,-37.7821,1,0,0,0,5219.79,251.263,2.51959
38.39,4.31592e+06,606138,4.64796e+06,-149.475,-71.0423,126.623,-0.310314,0.0279742,-0.168181,0.935221,4.31949e+06,607715,4.64446e+06,30.4958,-7.52161,-37.6775,1,0,0,0,5244.89,251.832,2.51055
38.49,4.31591e+06,606131,4.64797e+06,-149.526,-71.3273,127.332,-0.314938,0.0261839,-0.168139,0.933733,4.3195e+06,607714,4.64446e+06,30.4995,-7.6834,-37.5716,1,0,0,0,5270.05,252.296,2.50081
38.59,4.31589e+06,606124,4.64799e+06,-149.223,-71.5621,128.424,-0.319736,0.0244327,-0.168038,0.932167,4.3195e+06,607714,4.64445e+06,30.5028,-7.84496,-37.4643,1,0,0,0,5295.26,252.745,2.49069
38.69,4.31588e+06,606117,4.648e+06,-148.287,-71.7069,130.197,-0.325002,0.0227535,-0.167951,0.930402,4.3195e+06,607713,4.64445e+06,30.5057,-8.00626,-37.3557,1,0,0,0,5320.53,253.177,2.47957
38.79,4.31586e+06,606109,4.64801e+06,-148.502,-72.0138,130.734,-0.329748,0.02095,-0.167904,0.928782,4.31951e+06,607712,4.64444e+06,30.5083,-8.16731,-37.2457,1,0,0,0,5345.83,253.65,2.46952
38.89,4.31585e+06,606102,4.64803e+06,-148.604,-72.3041,131.393,-0.334728,0.0192179,-0.167832,0.927049,4.31951e+06,607711,4.64444e+06,30.5105,-8.32811,-37.1344,1,0,0,0,5371.18,254.119,2.45896
38.99,4.31584e+06,606095,4.64804e+06,-148.294,-72.5334,132.493,-0.340662,0.0176233,-0.167727,0.924936,4.31951e+06,607710,4.64444e+06,30.5122,-8.48864,-37.0218,1,0,0,0,5396.58,254.576,2.44635
39.09,4.31582e+06,606088,4.64805e+06,-148.798,-72.8816,132.722,-0.344815,0.0175697,-0.168543,0.923248,4.31952e+06,607710,4.64443e+06,30.5136,-8.64891,-36.9078,1,0,0,0,5422.03,255.054,2.43751
39.19,4.31581e+06,606080,4.64807e+06,-147.339,-72.9546,135.066,-0.349338,0.0157392,-0.1685,0.921587,4.31952e+06,607709,4.64443e+06,30.5146,-8.80891,-36.7925,1,0,0,0,5447.53,255.504,2.42786
39.29,4.31579e+06,606073,4.64808e+06,-146.952,-73.1779,136.259,-0.353866,0.0138734,-0.168425,0.919902,4.31952e+06,607708,4.64443e+06,30.5151,-8.96864,-36.6759,1,0,0,0,5473.07,255.976,2.41819
39.39,4.31578e+06,606066,4.6481e+06,-146.817,-73.4363,137.182,-0.358382,0.0120402,-0.16838,0.918186,4.31953e+06,607707,4.64442e+06,30.5153,-9.1281,-36.558,1,0,0,0,5498.66,256.452,2.40852
39.49,4.31576e+06,606058,4.64811e+06,-148.135,-73.8993,136.542,-0.362648,0.010132,-0.16828,0.916551,4.31953e+06,607706,4.64442e+06,30.5151,-9.28728,-36.4388,1,0,0,0,5524.3,256.93,2.39938
39.59,4.31575e+06,606051,4.64812e+06,-149.442,-74.3607,135.918,-0.366838,0.00824099,-0.168216,0.914913,4.31953e+06,607705,4.64441e+06,30.5144,-9.44618,-36.3183,1,0,0,0,5549.98,257.417,2.39038
39.69,4.31573e+06,606044,4.64814e+06,-150.2,-74.7454,135.887,-0.371154,0.00630991,-0.168129,0.913202,4.31953e+06,607704,4.64441e+06,30.5134,-9.60479,-36.1966,1,0,0,0,5575.71,257.902,2.38109
39.79,4.31572e+06,606036,4.64815e+06,-150.133,-75.0133,136.745,-0.375975,0.00448622,-0.168049,0.911253,4.31954e+06,607703,4.64441e+06,30.5119,-9.76312,-36.0735,1,0,0,0,5601.5,258.372,2.3707
39.89,4.3157e+06,606029,4.64816e+06,-150.036,-75.2764,137.634,-0.381051,0.00274718,-0.167958,0.909166,4.31954e+06,607702,4.6444e+06,30.51,-9.92115,-35.9492,1,0,0,0,5627.33,258.843,2.35973
39.99,4.31569e+06,606021,4.64818e+06,-150.922,-75.6804,137.475,-0.384828,0.000734739,-0.167875,0.907593,4.31954e+06,607701,4.6444e+06,30.5076,-10.0789,-35.8236,1,0,0,0,5653.21,259.331,2.35155
40.09,4.31567e+06,606014,4.64819e+06,-151.444,-76.0337,137.704,-0.389003,-0.000366565,-0.168982,0.905606,4.31955e+06,607700,4.6444e+06,30.5048,-10.2363,-35.6968,1,0,0,0,5679.14,259.812,2.34249
40.19,4.31566e+06,606006,4.64821e+06,-150.646,-76.2023,139.357,-0.393419,-0.00227729,-0.168882,0.903712,4.31955e+06,607699,4.64439e+06,30.5016,-10.3935,-35.5687,1,0,0,0,5705.12,260.277,2.3329
40.29,4.31564e+06,605998,4.64822e+06,-152.217,-76.7038,138.46,-0.397695,-0.00419106,-0.168795,0.901848,4.31955e+06,607698,4.64439e+06,30.498,-10.5503,-35.4394,1,0,0,0,5731.14,260.772,2.32359
40.39,4.31563e+06,605991,4.64823e+06,-153.648,-77.1858,137.717,-0.401933,-0.00611732,-0.168715,0.899971,4.31956e+06,607697,4.64439e+06,30.4939,-10.7068,-35.3089,1,0,0,0,5757.21,261.277,2.31434
40.49,4.31561e+06,605983,4.64825e+06,-155.089,-77.6699,136.964,-0.406107,-0.00806991,-0.168609,0.8981,4.31956e+06,607696,4.64438e+06,30.4894,-10.863,-35.1771,1,0,0,0,5783.33,261.792,2.30521
40.59,4.3156e+06,605975,4.64826e+06,-154.12,-77.8151,138.809,-0.410896,-0.00989246,-0.168523,0.895916,4.31956e+06,607695,4.64438e+06,30.4844,-11.0189,-35.0441,1,0,0,0,5809.5,262.232,2.29472
40.69,4.31558e+06,605967,4.64828e+06,-153.321,-77.9839,140.472,-0.415858,-0.0116923,-0.168444,0.893618,4.31957e+06,607694,4.64438e+06,30.479,-11.1745,-34.9099,1,0,0,0,5835.72,262.687,2.28382
40.79,4.31557e+06,605960,4.64829e+06,-154.012,-78.3631,140.535,-0.420045,-0.0136231,-0.168356,0.891646,4.31957e+06,607693,4.64437e+06,30.4731,-11.3298,-34.7745,1,0,0,0,5861.99,263.176,2.2746
40.89,4.31555e+06,605952,4.6483e+06,-154.178,-78.6684,141.162,-0.424763,-0.0154512,-0.168284,0.889392,4.31957e+06,607691,4.64437e+06,30.4667,-11.4847,-34.6379,1,0,0,0,5888.3,263.653,2.26419
40.99,4.31554e+06,605944,4.64832e+06,-154.027,-78.9278,142.129,-0.430201,-0.0171687,-0.168206,0.886758,4.31957e+06,607690,4.64436e+06,30.4599,-11.6393,-34.5001,1,0,0,0,5914.66,264.123,2.25216
41.09,4.31552e+06,605936,4.64833e+06,-154.568,-79.2887,142.358,-0.434475,-0.0197112,-0.168844,0.884497,4.31958e+06,607689,4.64436e+06,30.4526,-11.7936,-34.3611,1,0,0,0,5941.08,264.609,2.24268
41.19,4.31551e+06,605928,4.64835e+06,-153.742,-79.4582,144.062,-0.438751,-0.0216243,-0.168735,0.88236,4.31958e+06,607688,4.64436e+06,30.4448,-11.9475,-34.221,1,0,0,0,5967.54,265.08,2.23318
41.29,4.31549e+06,605920,4.64836e+06,-153.751,-79.7458,144.869,-0.443034,-0.0235484,-0.168664,0.880181,4.31958e+06,607687,4.64435e+06,30.4366,-12.1011,-34.0797,1,0,0,0,5994.05,265.562,2.22363
41.39,4.31548e+06,605912,4.64838e+06,-155.116,-80.2239,144.218,-0.447157,-0.0254926,-0.168568,0.878058,4.31959e+06,607685,4.64435e+06,30.4279,-12.2544,-33.9373,1,0,0,0,6020.61,266.055,2.21442
41.49,4.31546e+06,605904,4.64839e+06,-156.846,-80.7541,143.176,-0.451154,-0.0274563,-0.168479,0.875969,4.31959e+06,607684,4.64435e+06,30.4187,-12.4073,-33.7937,1,0,0,0,6047.22,266.566,2.20548
41.59,4.31544e+06,605896,4.6484e+06,-158.212,-81.2345,142.527,-0.455109,-0.029417,-0.168402,0.873871,4.31959e+06,607683,4.64434e+06,30.409,-12.5599,-33.6489,1,0,0,0,6073.87,267.081,2.1966
41.69,4.31543e+06,605888,4.64842e+06,-159.049,-81.6408,142.451,-0.459167,-0.0313481,-0.16834,0.871691,4.3196e+06,607682,4.64434e+06,30.3988,-12.7121,-33.5031,1,0,0,0,6100.58,267.584,2.18748
41.79,4.31541e+06,605880,4.64843e+06,-157.724,-81.742,144.698,-0.464769,-0.0329887,-0.168317,0.868661,4.3196e+06,607680,4.64434e+06,30.3881,-12.8639,-33.3561,1,0,0,0,6127.34,268.018,2.17485
41.89,4.3154e+06,605872,4.64845e+06,-158.014,-82.0723,145.211,-0.469263,-0.0348195,-0.168248,0.866183,4.3196e+06,607679,4.64433e+06,30.3769,-13.0154,-33.208,1,0,0,0,6154.14,268.502,2.16468
41.99,4.31538e+06,605863,4.64846e+06,-157.888,-82.343,146.169,-0.47455,-0.0364838,-0.168172,0.863244,4.3196e+06,607678,4.64433e+06,30.3652,-13.1666,-33.0588,1,0,0,0,6181,268.975,2.15269
42.09,4.31537e+06,605855,4.64848e+06,-158.446,-82.7147,146.397,-0.478554,-0.0386854,-0.169437,0.860686,4.31961e+06,607677,4.64433e+06,30.353,-13.3174,-32.9085,1,0,0,0,6207.89,269.465,2.14358
42.19,4.31535e+06,605847,4.64849e+06,-157.909,-82.9338,147.806,-0.482681,-0.0405634,-0.169383,0.858302,4.31961e+06,607675,4.64432e+06,30.3403,-13.4678,-32.7571,1,0,0,0,6234.84,269.938,2.13417
42.29,4.31533e+06,605839,4.64851e+06,-157.795,-83.2129,148.762,-0.486815,-0.0424756,-0.169295,0.855889,4.31961e+06,607674,4.64432e+06,30.327,-13.6178,-32.6047,1,0,0,0,6261.85,270.42,2.12471
42.39,4.31532e+06,605830,4.64852e+06,-157.515,-83.4697,149.897,-0.491029,-0.0443547,-0.169196,0.853402,4.31962e+06,607672,4.64432e+06,30.3133,-13.7675,-32.4511,1,0,0,0,6288.9,270.904,2.11505
42.49,4.3153e+06,605822,4.64854e+06,-159.757,-84.0814,148.319,-0.494794,-0.0462726,-0.169085,0.851145,4.31962e+06,607671,4.64431e+06,30.299,-13.9168,-32.2966,1,0,0,0,6315.99,271.416,2.1064
42.59,4.31529e+06,605814,4.64855e+06,-160.16,-84.4356,148.723,-0.498933,-0.048169,-0.168986,0.848639,4.31962e+06,607670,4.64431e+06,30.2841,-14.0657,-32.1409,1,0,0,0,6343.13,271.906,2.09686
42.69,4.31527e+06,605805,4.64857e+06,-160.051,-84.7185,149.679,-0.503317,-0.0499922,-0.168895,0.84596,4.31963e+06,607668,4.64431e+06,30.2688,-14.2142,-31.9842,1,0,0,0,6370.33,272.385,2.08673
42.79,4.31526e+06,605797,4.64858e+06,-160.045,-85.0165,150.524,-0.507778,-0.0517724,-0.168825,0.843196,4.31963e+06,607667,4.64431e+06,30.2529,-14.3623,-31.8265,1,0,0,0,6397.57,272.868,2.07639
42.89,4.31524e+06,605788,4.6486e+06,-160.288,-85.3504,151.102,-0.512193,-0.0535587,-0.168715,0.840431,4.31963e+06,607665,4.6443e+06,30.2365,-14.5101,-31.6677,1,0,0,0,6424.86,273.355,2.06612
42.99,4.31522e+06,605780,4.64861e+06,-160.932,-85.7421,151.254,-0.516087,-0.0554483,-0.168644,0.837937,4.31963e+06,607664,4.6443e+06,30.2195,-14.6575,-31.508,1,0,0,0,6452.21,273.85,2.05704
43.09,4.31521e+06,605771,4.64863e+06,-161.504,-86.1248,151.48,-0.519819,-0.0559381,-0.169277,0.835467,4.31964e+06,607662,4.6443e+06,30.2019,-14.8044,-31.3472,1,0,0,0,6479.6,274.342,2.04832
43.19,4.31519e+06,605763,4.64865e+06,-161.939,-86.4892,151.854,-0.523806,-0.0577937,-0.169183,0.832865,4.31964e+06,607661,4.64429e+06,30.1838,-14.951,-31.1854,1,0,0,0,6507.03,274.832,2.03897
43.29,4.31518e+06,605754,4.64866e+06,-160.86,-86.6421,153.861,-0.527885,-0.0596101,-0.169115,0.830171,4.31964e+06,607659,4.64429e+06,30.1652,-15.0972,-31.0227,1,0,0,0,6534.53,275.302,2.02938
43.39,4.31516e+06,605745,4.64868e+06,-161.061,-86.9755,154.492,-0.531881,-0.0614365,-0.169034,0.8275,4.31965e+06,607658,4.64429e+06,30.146,-15.2429,-30.8589,1,0,0,0,6562.07,275.79,2.01995
43.49,4.31515e+06,605737,4.64869e+06,-160.006,-87.1337,156.474,-0.536139,-0.0632043,-0.168986,0.824623,4.31965e+06,607656,4.64428e+06,30.1262,-15.3883,-30.6942,1,0,0,0,6589.66,276.278,2.00988
43.59,4.31513e+06,605728,4.64871e+06,-161.296,-87.6227,155.934,-0.539833,-0.0650516,-0.168894,0.822085,4.31965e+06,607655,4.64428e+06,30.1058,-15.5332,-30.5285,1,0,0,0,6617.3,276.767,2.00112
43.69,4.31511e+06,605719,4.64872e+06,-162.465,-88.0955,155.527,-0.543478,-0.0669351,-0.168776,0.819552,4.31966e+06,607653,4.64428e+06,30.0849,-15.6778,-30.3619,1,0,0,0,6644.99,277.262,1.99244
43.79,4.3151e+06,605710,4.64874e+06,-163.102,-88.4948,155.692,-0.547376,-0.0687484,-0.168711,0.816817,4.31966e+06,607652,4.64427e+06,30.0634,-15.8219,-30.1943,1,0,0,0,6672.72,277.756,1.98314
43.89,4.31508e+06,605701,4.64875e+06,-163.742,-88.8955,155.857,-0.551226,-0.0705231,-0.168607,0.814093,4.31966e+06,607650,4.64427e+06,30.0413,-15.9656,-30.0258,1,0,0,0,6700.51,278.25,1.97393
43.99,4.31506e+06,605693,4.64877e+06,-163.921,-89.232,156.514,-0.555782,-0.0721782,-0.168591,0.810847,4.31967e+06,607649,4.64427e+06,30.0186,-16.1089,-29.8564,1,0,0,0,6728.34,278.735,1.96298
44.09,4.31505e+06,605683,4.64878e+06,-164.509,-89.6291,156.736,-0.559759,-0.0751868,-0.168678,0.807815,4.31967e+06,607647,4.64427e+06,29.9953,-16.2517,-29.686,1,0,0,0,6756.23,279.23,1.9534
44.19,4.31503e+06,605674,4.6488e+06,-164.702,-89.9716,157.387,-0.563613,-0.0769274,-0.168604,0.804982,4.31967e+06,607645,4.64426e+06,29.9714,-16.3941,-29.5148,1,0,0,0,6784.16,279.721,1.94409
44.29,4.31501e+06,605665,4.64882e+06,-166.306,-90.5135,156.518,-0.567391,-0.0787047,-0.168506,0.802171,4.31967e+06,607644,4.64426e+06,29.9469,-16.5361,-29.3426,1,0,0,0,6812.14,280.235,1.93492
44.39,4.315e+06,605656,4.64883e+06,-164.946,-90.6407,158.842,-0.571443,-0.0803874,-0.168418,0.799141,4.31968e+06,607642,4.64426e+06,29.9218,-16.6777,-29.1696,1,0,0,0,6840.19,280.7,1.92507
44.49,4.31498e+06,605647,4.64885e+06,-165.182,-90.993,159.447,-0.575315,-0.082091,-0.168352,0.796198,4.31968e+06,607640,4.64425e+06,29.8961,-16.8188,-28.9957,1,0,0,0,6868.27,281.191,1.91561
44.59,4.31496e+06,605638,4.64886e+06,-166.294,-91.4694,159.112,-0.578946,-0.0838279,-0.168253,0.793401,4.31968e+06,607639,4.64425e+06,29.8698,-16.9595,-28.8209,1,0,0,0,6896.4,281.692,1.90672
44.69,4.31495e+06,605629,4.64888e+06,-164.984,-91.6066,161.381,-0.583673,-0.0853248,-0.168237,0.789773,4.31969e+06,607637,4.64425e+06,29.8428,-17.0998,-28.6452,1,0,0,0,6924.59,282.168,1.8951
44.79,4.31493e+06,605620,4.6489e+06,-166.679,-92.1679,160.422,-0.586612,-0.087176,-0.168072,0.787426,4.31969e+06,607635,4.64424e+06,29.8153,-17.2396,-28.4688,1,0,0,0,6952.82,282.673,1.88786
44.89,4.31491e+06,605611,4.64891e+06,-167.356,-92.5868,160.557,-0.590294,-0.0888912,-0.167998,0.784492,4.31969e+06,607633,4.64424e+06,29.7871,-17.3789,-28.2914,1,0,0,0,6981.1,283.17,1.87875
44.99,4.3149e+06,605601,4.64893e+06,-167.654,-92.9537,161.096,-0.59454,-0.0904481,-0.167962,0.781108,4.31969e+06,607632,4.64424e+06,29.7583,-17.5178,-28.1133,1,0,0,0,7009.44,283.659,1.86821
45.09,4.31488e+06,605592,4.64894e+06,-168.255,-93.361,161.316,-0.598601,-0.0914597,-0.165752,0.778356,4.3197e+06,607630,4.64424e+06,29.7288,-17.6563,-27.9343,1,0,0,0,7037.82,284.156,1.85808
45.19,4.31486e+06,605583,4.64896e+06,-168.344,-93.6973,162.088,-0.602354,-0.0930939,-0.165654,0.775282,4.3197e+06,607628,4.64423e+06,29.6987,-17.7943,-27.7545,1,0,0,0,7066.25,284.645,1.8487
45.29,4.31485e+06,605573,4.64898e+06,-168.954,-94.1079,162.3,-0.606057,-0.0947243,-0.165552,0.772214,4.3197e+06,607626,4.64423e+06,29.6679,-17.9318,-27.5739,1,0,0,0,7094.73,285.142,1.8394
45.39,4.31483e+06,605564,4.64899e+06,-168.608,-94.3855,163.542,-0.609853,-0.0962951,-0.165474,0.769042,4.31971e+06,607625,4.64423e+06,29.6365,-18.0689,-27.3925,1,0,0,0,7123.26,285.624,1.82984
45.49,4.31481e+06,605555,4.64901e+06,-166.85,-94.466,166.305,-0.613976,-0.097804,-0.165442,0.76557,4.31971e+06,607623,4.64423e+06,29.6045,-18.2055,-27.2104,1,0,0,0,7151.86,286.109,1.81942
45.59,4.3148e+06,605545,4.64903e+06,-167.989,-94.9549,165.949,-0.617485,-0.0994072,-0.16532,0.762561,4.31971e+06,607621,4.64422e+06,29.5718,-18.3416,-27.0275,1,0,0,0,7180.48,286.6,1.81051
45.69,4.31478e+06,605536,4.64904e+06,-168.929,-95.4167,165.807,-0.620971,-0.100995,-0.165189,0.759544,4.31972e+06,607619,4.64422e+06,29.5384,-18.4773,-26.8438,1,0,0,0,7209.15,287.095,1.80163
45.79,4.31476e+06,605526,4.64906e+06,-169.636,-95.8473,165.917,-0.624553,-0.102536,-0.16508,0.756418,4.31972e+06,607617,4.64422e+06,29.5044,-18.6125,-26.6593,1,0,0,0,7237.88,287.59,1.79247
45.89,4.31475e+06,605516,4.64908e+06,-170.655,-96.3233,165.695,-0.627711,-0.104177,-0.164924,0.753608,4.31972e+06,607615,4.64421e+06,29.4697,-18.7473,-26.4742,1,0,0,0,7266.66,288.092,1.78437
45.99,4.31473e+06,605507,4.64909e+06,-170.657,-96.6568,166.557,-0.632329,-0.105502,-0.164969,0.749543,4.31972e+06,607614,4.64421e+06,29.4343,-18.8815,-26.2883,1,0,0,0,7295.48,288.573,1.77248
46.09,4.31471e+06,605497,4.64911e+06,-171.266,-97.0784,166.772,-0.635895,-0.107472,-0.165214,0.746184,4.31973e+06,607612,4.64421e+06,29.3982,-19.0153,-26.1016,1,0,0,0,7324.36,289.068,1.76326
46.19,4.3147e+06,605487,4.64913e+06,-171.633,-97.4674,167.248,-0.639504,-0.10894,-0.165082,0.74291,4.31973e+06,607610,4.64421e+06,29.3615,-19.1486,-25.9143,1,0,0,0,7353.28,289.559,1.75389
46.29,4.31468e+06,605478,4.64914e+06,-172.467,-97.9234,167.222,-0.643072,-0.110421,-0.164976,0.739628,4.31973e+06,607608,4.6442e+06,29.3241,-19.2814,-25.7263,1,0,0,0,7382.26,290.057,1.74459
46.39,4.31466e+06,605468,4.64916e+06,-171.861,-98.1785,168.747,-0.646782,-0.111839,-0.164873,0.736195,4.31974e+06,607606,4.6442e+06,29.2859,-19.4137,-25.5376,1,0,0,0,7411.29,290.535,1.73488
46.49,4.31464e+06,605458,4.64918e+06,-172.173,-98.5634,169.283,-0.650401,-0.11325,-0.164733,0.732814,4.31974e+06,607604,4.6442e+06,29.2471,-19.5455,-25.3482,1,0,0,0,7440.36,291.024,1.72537
46.59,4.31463e+06,605448,4.6492e+06,-173.017,-99.0243,169.246,-0.653855,-0.114703,-0.164591,0.729539,4.31974e+06,607602,4.6442e+06,29.2076,-19.6769,-25.1581,1,0,0,0,7469.49,291.52,1.71626
46.69,4.31461e+06,605438,4.64921e+06,-175.018,-99.649,167.967,-0.656697,-0.116272,-0.164347,0.726788,4.31975e+06,607600,4.64419e+06,29.1674,-19.8077,-24.9674,1,0,0,0,7498.66,292.044,1.70873
46.79,4.31459e+06,605428,4.64923e+06,-174.611,-99.9368,169.272,-0.660978,-0.117473,-0.164349,0.722702,4.31975e+06,607598,4.64419e+06,29.1265,-19.938,-24.776,1,0,0,0,7527.87,292.512,1.69735
46.89,4.31458e+06,605418,4.64925e+06,-174.12,-100.214,170.663,-0.665716,-0.118555,-0.164395,0.718151,4.31975e+06,607596,4.64419e+06,29.0848,-20.0679,-24.584,1,0,0,0,7557.14,292.98,1.68469
46.99,4.31456e+06,605408,4.64926e+06,-174.4,-100.601,171.227,-0.669749,-0.119796,-0.164338,0.714198,4.31975e+06,607594,4.64419e+06,29.0425,-20.1972,-24.3914,1,0,0,0,7586.46,293.462,1.67385
47.09,4.31454e+06,605398,4.64928e+06,-175.013,-101.037,171.437,-0.673105,-0.121144,-0.164649,0.710736,4.31976e+06,607592,4.64418e+06,28.9994,-20.326,-24.1981,1,0,0,0,7615.83,293.953,1.66479
47.19,4.31452e+06,605388,4.6493e+06,-175.305,-101.429,171.991,-0.676559,-0.122459,-0.1645,0.707256,4.31976e+06,607590,4.64418e+06,28.9556,-20.4544,-24.0042,1,0,0,0,7645.25,294.437,1.65543
47.29,4.31451e+06,605378,4.64932e+06,-176.361,-101.929,171.722,-0.679949,-0.123767,-0.164365,0.703801,4.31976e+06,607588,4.64418e+06,28.9111,-20.5822,-23.8098,1,0,0,0,7674.71,294.934,1.64621
47.39,4.31449e+06,605368,4.64933e+06,-175.376,-102.144,173.651,-0.683519,-0.124996,-0.164241,0.700145,4.31977e+06,607586,4.64418e+06,28.8659,-20.7095,-23.6147,1,0,0,0,7704.23,295.398,1.63645
47.49,4.31447e+06,605358,4.64935e+06,-175.19,-102.473,174.718,-0.687041,-0.126217,-0.164117,0.696498,4.31977e+06,607584,4.64417e+06,28.8199,-20.8363,-23.4191,1,0,0,0,7733.78,295.876,1.62677
47.59,4.31445e+06,605347,4.64937e+06,-176.522,-103.015,174.152,-0.690182,-0.127519,-0.163905,0.693197,4.31977e+06,607582,4.64417e+06,28.7732,-20.9625,-23.2229,1,0,0,0,7763.39,296.371,1.61811
47.69,4.31444e+06,605337,4.64939e+06,-177.247,-103.474,174.238,-0.69348,-0.128741,-0.163736,0.689711,4.31977e+06,607580,4.64417e+06,28.7257,-21.0883,-23.0262,1,0,0,0,7793.05,296.859,1.60898
47.79,4.31442e+06,605327,4.6494e+06,-178.234,-103.97,174.044,-0.696545,-0.130047,-0.163519,0.686421,4.31978e+06,607577,4.64417e+06,28.6775,-21.2135,-22.8289,1,0,0,0,7822.76,297.355,1.60045
47.89,4.3144e+06,605316,4.64942e+06,-177.747,-104.261,175.425,-0.701088,-0.130944,-0.163569,0.681597,4.31978e+06,607575,4.64417e+06,28.6285,-21.3382,-22.6311,1,0,0,0,7852.51,297.814,1.58775
47.99,4.31438e+06,605306,4.64944e+06,-177.533,-104.591,176.506,-0.705714,-0.131787,-0.163654,0.676622,4.31978e+06,607573,4.64416e+06,28.5788,-21.4623,-22.4327,1,0,0,0,7882.3,298.277,1.57473
48.09,4.31437e+06,605295,4.64946e+06,-178.144,-105.038,176.71,-0.708923,-0.132537,-0.163826,0.67307,4.31979e+06,607571,4.64416e+06,28.5283,-21.586,-22.2339,1,0,0,0,7912.16,298.758,1.56565
48.19,4.31435e+06,605285,4.64947e+06,-178.484,-105.448,177.205,-0.712214,-0.133676,-0.163634,0.669407,4.31979e+06,607569,4.64416e+06,28.4771,-21.7091,-22.0345,1,0,0,0,7942.05,299.235,1.5563
48.29,4.31433e+06,605274,4.64949e+06,-177.765,-105.71,178.841,-0.715562,-0.134774,-0.163445,0.665652,4.31979e+06,607567,4.64416e+06,28.4251,-21.8316,-21.8347,1,0,0,0,7972,299.701,1.54674
48.39,4.31431e+06,605264,4.64951e+06,-178.538,-106.183,178.868,-0.718785,-0.135894,-0.163246,0.661991,4.31979e+06,607564,4.64415e+06,28.3723,-21.9537,-21.6343,1,0,0,0,8001.99,300.179,1.53749
48.49,4.31429e+06,605253,4.64953e+06,-178.586,-106.556,179.676,-0.72212,-0.13696,-0.163074,0.658173,4.3198e+06,607562,4.64415e+06,28.3188,-22.0752,-21.4335,1,0,0,0,8032.03,300.652,1.52787
48.59,4.31428e+06,605242,4.64955e+06,-178.647,-106.931,180.468,-0.725496,-0.13797,-0.162898,0.654281,4.3198e+06,607560,4.64415e+06,28.2645,-22.1961,-21.2323,1,0,0,0,8062.12,301.124,1.51808
48.69,4.31426e+06,605232,4.64957e+06,-178.822,-107.323,181.137,-0.72888,-0.138987,-0.162705,0.650341,4.3198e+06,607558,4.64415e+06,28.2093,-22.3165,-21.0305,1,0,0,0,8092.26,301.595,1.50822
48.79,4.31424e+06,605221,4.64958e+06,-179.548,-107.793,181.213,-0.731978,-0.140028,-0.162457,0.64669,4.31981e+06,607556,4.64415e+06,28.1535,-22.4364,-20.8284,1,0,0,0,8122.44,302.07,1.49915
48.89,4.31422e+06,605210,4.6496e+06,-179.647,-108.176,181.957,-0.735707,-0.140912,-0.162319,0.642286,4.31981e+06,607553,4.64414e+06,28.0968,-22.5557,-20.6258,1,0,0,0,8152.67,302.536,1.48817
48.99,4.31421e+06,605199,4.64962e+06,-180.491,-108.665,181.908,-0.738499,-0.141968,-0.161992,0.638924,4.31981e+06,607551,4.64414e+06,28.0393,-22.6744,-20.4228,1,0,0,0,8182.95,303.013,1.47991
49.09,4.31419e+06,605189,4.64964e+06,-181.099,-109.118,182.109,-0.741896,-0.141852,-0.160644,0.635344,4.31981e+06,607549,4.64414e+06,27.9811,-22.7926,-20.2194,1,0,0,0,8213.27,303.485,1.46981
49.19,4.31417e+06,605178,4.64966e+06,-184.146,-109.915,179.681,-0.744976,-0.142821,-0.160376,0.631579,4.31982e+06,607547,4.64414e+06,27.922,-22.9103,-20.0155,1,0,0,0,8243.63,304.009,1.46059
49.29,4.31415e+06,605167,4.64968e+06,-183.047,-110.13,181.721,-0.748196,-0.1437,-0.160139,0.627621,4.31982e+06,607544,4.64414e+06,27.8621,-23.0274,-19.8113,1,0,0,0,8274.06,304.442,1.45091
49.39,4.31413e+06,605156,4.64969e+06,-184.224,-110.666,181.307,-0.751233,-0.144631,-0.15984,0.623845,4.31982e+06,607542,4.64413e+06,27.8015,-23.1439,-19.6068,1,0,0,0,8304.52,304.928,1.44174
49.49,4.31411e+06,605145,4.64971e+06,-184.436,-111.067,181.932,-0.754385,-0.145495,-0.15956,0.619899,4.31982e+06,607540,4.64413e+06,27.74,-23.2599,-19.4018,1,0,0,0,8335.04,305.391,1.43216
49.59,4.3141e+06,605133,4.64973e+06,-185.679,-111.614,181.446,-0.75726,-0.146419,-0.159226,0.616251,4.31983e+06,607537,4.64413e+06,27.6777,-23.3753,-19.1965,1,0,0,0,8365.6,305.883,1.42338
49.69,4.31408e+06,605122,4.64975e+06,-185.293,-111.932,182.711,-0.760753,-0.147165,-0.159044,0.611803,4.31983e+06,607535,4.64413e+06,27.6146,-23.4901,-18.9909,1,0,0,0,8396.2,306.325,1.41265
49.79,4.31406e+06,605111,4.64977e+06,-185.162,-112.287,183.698,-0.764296,-0.147852,-0.158866,0.60725,4.31983e+06,607533,4.64413e+06,27.5507,-23.6044,-18.7849,1,0,0,0,8426.86,306.774,1.40169
49.89,4.31404e+06,605100,4.64979e+06,-185.691,-112.736,183.977,-0.767392,-0.148667,-0.158579,0.603208,4.31984e+06,607530,4.64412e+06,27.4859,-23.7181,-18.5786,1,0,0,0,8457.57,307.241,1.39207
49.99,4.31402e+06,605089,4.6498e+06,-185.711,-113.113,184.793,-0.771269,-0.149217,-0.1585,0.598128,4.31984e+06,607528,4.64412e+06,27.4204,-23.8312,-18.3719,1,0,0,0,8488.31,307.688,1.37993
50.09,4.314e+06,605077,4.64982e+06,-186.313,-113.574,184.99,-0.774229,-0.150607,-0.158215,0.594016,4.31984e+06,607525,4.64412e+06,27.354,-23.9437,-18.165,1,0,0,0,8519.1,308.155,1.3706
50.19,4.31399e+06,605066,4.64984e+06,-187.458,-114.112,184.603,-0.777181,-0.151373,-0.157842,0.590052,4.31984e+06,607523,4.64412e+06,27.2867,-24.0557,-17.9578,1,0,0,0,8549.93,308.636,1.36125
50.29,4.31397e+06,605055,4.64986e+06,-186.399,-114.341,186.589,-0.780222,-0.152081,-0.157525,0.585928,4.31985e+06,607521,4.64412e+06,27.2187,-24.1671,-17.7503,1,0,0,0,8580.81,309.06,1.35155
50.39,4.31395e+06,605043,4.64988e+06,-184.294,-114.424,189.702,-0.78342,-0.152731,-0.157231,0.581554,4.31985e+06,607518,4.64412e+06,27.1498,-24.2779,-17.5425,1,0,0,0,8611.75,309.491,1.34129
50.49,4.31393e+06,605032,4.6499e+06,-185.375,-114.954,189.379,-0.786246,-0.15346,-0.156841,0.577641,4.31985e+06,607516,4.64411e+06,27.08,-24.3881,-17.3344,1,0,0,0,8642.72,309.951,1.33217
50.59,4.31391e+06,605020,4.64992e+06,-185.81,-115.394,189.753,-0.78918,-0.154145,-0.156462,0.573545,4.31986e+06,607513,4.64411e+06,27.0094,-24.4978,-17.1261,1,0,0,0,8673.73,310.408,1.32265
50.69,4.31389e+06,605009,4.64994e+06,-187.378,-115.994,188.908,-0.791641,-0.154926,-0.155938,0.570076,4.31986e+06,607511,4.64411e+06,26.938,-24.6068,-16.9176,1,0,0,0,8704.8,310.881,1.31461
50.79,4.31387e+06,604997,4.64995e+06,-188.434,-116.522,188.614,-0.794201,-0.155671,-0.155431,0.566439,4.31986e+06,607508,4.64411e+06,26.8657,-24.7153,-16.7088,1,0,0,0,8735.9,311.351,1.30621
50.89,4.31386e+06,604985,4.64997e+06,-188.823,-116.957,189.032,-0.797263,-0.15626,-0.155047,0.562063,4.31986e+06,607506,4.64411e+06,26.7926,-24.8231,-16.4998,1,0,0,0,8767.06,311.805,1.2961
50.99,4.31384e+06,604974,4.64999e+06,-189.218,-117.392,189.441,-0.80037,-0.156757,-0.154672,0.557595,4.31987e+06,607503,4.64411e+06,26.7186,-24.9304,-16.2906,1,0,0,0,8798.26,312.255,1.28577
51.09,4.31382e+06,604962,4.65001e+06,-189.811,-117.857,189.636,-0.802812,-0.156187,-0.156077,0.553841,4.31987e+06,607501,4.6441e+06,26.6437,-25.0371,-16.0812,1,0,0,0,8829.5,312.71,1.2776
51.19,4.3138e+06,604950,4.65003e+06,-189.15,-118.146,191.181,-0.80562,-0.156761,-0.155637,0.549708,4.31987e+06,607498,4.6441e+06,26.568,-25.1432,-15.8716,1,0,0,0,8860.8,313.136,1.26815
51.29,4.31378e+06,604938,4.65005e+06,-189.432,-118.568,191.708,-0.808424,-0.157307,-0.155182,0.545548,4.31987e+06,607496,4.6441e+06,26.4914,-25.2486,-15.6618,1,0,0,0,8892.13,313.582,1.25865
51.39,4.31376e+06,604927,4.65007e+06,-189.221,-118.92,192.766,-0.811257,-0.157836,-0.15475,0.541297,4.31988e+06,607493,4.6441e+06,26.414,-25.3535,-15.4519,1,0,0,0,8923.52,314.019,1.249
51.49,4.31375e+06,604915,4.65009e+06,-187.884,-119.115,195.035,-0.814293,-0.158288,-0.154357,0.536699,4.31988e+06,607491,4.6441e+06,26.3357,-25.4578,-15.2418,1,0,0,0,8954.95,314.448,1.23857
51.59,4.31373e+06,604903,4.65011e+06,-189.852,-119.773,193.745,-0.81667,-0.158912,-0.15373,0.53307,4.31988e+06,607488,4.6441e+06,26.2565,-25.5614,-15.0315,1,0,0,0,8986.41,314.907,1.23036
51.69,4.31371e+06,604891,4.65013e+06,-190.08,-120.188,194.326,-0.819511,-0.159419,-0.153241,0.528682,4.31988e+06,607486,4.64409e+06,26.1764,-25.6645,-14.8212,1,0,0,0,9017.92,315.347,1.22048
51.79,4.31369e+06,604879,4.65015e+06,-189.832,-120.535,195.415,-0.822715,-0.159768,-0.152891,0.523678,4.31989e+06,607483,4.64409e+06,26.0955,-25.7669,-14.6106,1,0,0,0,9049.48,315.779,1.20925
51.89,4.31367e+06,604867,4.65017e+06,-190.007,-120.942,196.046,-0.825751,-0.160114,-0.152456,0.518898,4.31989e+06,607481,4.64409e+06,26.0136,-25.8688,-14.4,1,0,0,0,9081.07,316.215,1.19853
51.99,4.31365e+06,604855,4.65019e+06,-190.724,-121.425,196.101,-0.828231,-0.160613,-0.151847,0.514956,4.31989e+06,607478,4.64409e+06,25.9309,-25.97,-14.1892,1,0,0,0,9112.71,316.659,1.18971
52.09,4.31363e+06,604843,4.65021e+06,-191.307,-121.888,196.295,-0.830884,-0.160073,-0.15152,0.51093,4.31989e+06,607475,4.64409e+06,25.8473,-26.0706,-13.9784,1,0,0,0,9144.39,317.1,1.1802
52.19,4.31361e+06,604830,4.65023e+06,-191.815,-122.341,196.57,-0.833492,-0.160484,-0.150948,0.506706,4.3199e+06,607473,4.64409e+06,25.7629,-26.1706,-13.7675,1,0,0,0,9176.12,317.538,1.1708
52.29,4.31359e+06,604818,4.65025e+06,-190.889,-122.592,198.39,-0.83612,-0.160855,-0.150402,0.502403,4.3199e+06,607470,4.64409e+06,25.6775,-26.2699,-13.5564,1,0,0,0,9207.9,317.962,1.16125
52.39,4.31357e+06,604806,4.65027e+06,-193.162,-123.292,196.76,-0.838537,-0.16131,-0.149746,0.498408,4.3199e+06,607468,4.64408e+06,25.5912,-26.3687,-13.3454,1,0,0,0,9239.71,318.421,1.15241
52.49,4.31355e+06,604793,4.65029e+06,-195.015,-123.933,195.584,-0.840909,-0.161753,-0.14909,0.494449,4.3199e+06,607465,4.64408e+06,25.5041,-26.4668,-13.1342,1,0,0,0,9271.56,318.892,1.14367
52.59,4.31353e+06,604781,4.65031e+06,-195.859,-124.432,195.495,-0.843379,-0.162128,-0.148474,0.490287,4.31991e+06,607462,4.64408e+06,25.416,-26.5643,-12.923,1,0,0,0,9303.46,319.342,1.13451
52.69,4.31352e+06,604768,4.65033e+06,-196.092,-124.845,196.062,-0.846045,-0.162387,-0.147873,0.485769,4.31991e+06,607460,4.64408e+06,25.3271,-26.6611,-12.7118,1,0,0,0,9335.4,319.77,1.12455
52.79,4.3135e+06,604756,4.65035e+06,-195.713,-125.171,197.282,-0.849088,-0.16255,-0.147386,0.480525,4.31991e+06,607457,4.64408e+06,25.2372,-26.7574,-12.5006,1,0,0,0,9367.39,320.177,1.11308
52.89,4.31348e+06,604744,4.65037e+06,-195.514,-125.522,198.306,-0.85221,-0.162677,-0.1469,0.475074,4.31992e+06,607454,4.64408e+06,25.1465,-26.853,-12.2893,1,0,0,0,9399.42,320.588,1.1012
52.99,4.31346e+06,604731,4.65039e+06,-195.285,-125.868,199.353,-0.855618,-0.162663,-0.146528,0.469028,4.31992e+06,607452,4.64408e+06,25.0548,-26.948,-12.078,1,0,0,0,9431.49,320.995,1.0881
53.09,4.31344e+06,604719,4.65041e+06,-195.858,-126.327,199.547,-0.857981,-0.162608,-0.146279,0.46479,4.31992e+06,607449,4.64408e+06,24.9622,-27.0423,-11.8667,1,0,0,0,9463.6,321.426,1.07894
53.19,4.31342e+06,604706,4.65043e+06,-197.068,-126.874,199.054,-0.860382,-0.162881,-0.14554,0.460468,4.31992e+06,607446,4.64407e+06,24.8688,-27.136,-11.6554,1,0,0,0,9495.76,321.873,1.06955
53.29,4.3134e+06,604693,4.65045e+06,-197.887,-127.366,198.983,-0.862773,-0.163138,-0.144811,0.456113,4.31993e+06,607443,4.64407e+06,24.7744,-27.2291,-11.4442,1,0,0,0,9527.95,322.312,1.06014
53.39,4.31338e+06,604681,4.65047e+06,-197.703,-127.718,199.992,-0.86522,-0.163351,-0.144065,0.451615,4.31993e+06,607441,4.64407e+06,24.6791,-27.3215,-11.233,1,0,0,0,9560.19,322.722,1.05041
53.49,4.31336e+06,604668,4.65049e+06,-196.745,-127.96,201.834,-0.867752,-0.16353,-0.143414,0.446874,4.31993e+06,607438,4.64407e+06,24.5829,-27.4133,-11.0218,1,0,0,0,9592.48,323.115,1.04027
53.59,4.31334e+06,604655,4.65051e+06,-198.037,-128.517,201.252,-0.869935,-0.163777,-0.142601,0.442781,4.31993e+06,607435,4.64407e+06,24.4857,-27.5044,-10.8107,1,0,0,0,9624.8,323.56,1.03145
53.69,4.31332e+06,604642,4.65053e+06,-198.025,-128.891,202.073,-0.872431,-0.163942,-0.141914,0.438003,4.31993e+06,607432,4.64407e+06,24.3877,-27.5949,-10.5996,1,0,0,0,9657.17,323.972,1.02128
53.79,4.3133e+06,604629,4.65055e+06,-198.95,-129.396,201.886,-0.874559,-0.164204,-0.141038,0.433927,4.31994e+06,607430,4.64407e+06,24.2887,-27.6848,-10.3886,1,0,0,0,9689.57,324.409,1.01254
53.89,4.31328e+06,604616,4.65057e+06,-199.114,-129.792,202.514,-0.877121,-0.164294,-0.140357,0.428912,4.31994e+06,607427,4.64407e+06,24.1888,-27.774,-10.1777,1,0,0,0,9722.02,324.822,1.00192
53.99,4.31326e+06,604603,4.65059e+06,-199.368,-130.201,203.042,-0.879714,-0.164351,-0.139652,0.42378,4.31994e+06,607424,4.64407e+06,24.088,-27.8625,-9.96687,1,0,0,0,9754.51,325.236,0.991071
54.09,4.31324e+06,604590,4.65061e+06,-199.938,-130.655,203.237,-0.88193,-0.166138,-0.138068,0.418969,4.31994e+06,607421,4.64406e+06,23.9863,-27.9504,-9.75614,1,0,0,0,9787.03,325.663,0.981711
54.19,4.31322e+06,604577,4.65063e+06,-199.86,-131.018,204.13,-0.884139,-0.166269,-0.137225,0.414513,4.31995e+06,607419,4.64406e+06,23.8836,-28.0377,-9.54552,1,0,0,0,9819.61,326.073,0.972295
54.29,4.3132e+06,604564,4.65065e+06,-201.11,-131.566,203.592,-0.886303,-0.166424,-0.13632,0.410105,4.31995e+06,607416,4.64406e+06,23.7801,-28.1243,-9.33502,1,0,0,0,9852.21,326.517,0.962991
54.39,4.31318e+06,604551,4.65067e+06,-201.134,-131.942,204.374,-0.888506,-0.16653,-0.135402,0.405575,4.31995e+06,607413,4.64406e+06,23.6756,-28.2102,-9.12464,1,0,0,0,9884.87,326.927,0.953434
54.49,4.31316e+06,604538,4.65069e+06,-201.353,-132.344,204.946,-0.890696,-0.166585,-0.1345,0.401023,4.31995e+06,607410,4.64406e+06,23.5701,-28.2955,-8.91439,1,0,0,0,9917.57,327.342,0.943843
54.59,4.31314e+06,604525,4.65072e+06,-200.72,-132.625,206.435,-0.893041,-0.166611,-0.133636,0.396056,4.31996e+06,607407,4.64406e+06,23.4638,-28.3801,-8.7043,1,0,0,0,9950.32,327.735,0.933477
54.69,4.31312e+06,604512,4.65074e+06,-200.87,-133.016,207.08,-0.895258,-0.166664,-0.132737,0.391302,4.31996e+06,607404,4.64406e+06,23.3565,-28.464,-8.49435,1,0,0,0,9983.1,328.148,0.923573
54.79,4.31311e+06,604498,4.65076e+06,-200.574,-133.342,208.201,-0.897721,-0.166593,-0.131957,0.385917,4.31996e+06,607402,4.64406e+06,23.2482,-28.5473,-8.28458,1,0,0,0,10015.9,328.549,0.912457
54.89,4.31309e+06,604485,4.65078e+06,-201.075,-133.779,208.468,-0.899806,-0.166663,-0.130983,0.381334,4.31996e+06,607399,4.64406e+06,23.1391,-28.63,-8.07497,1,0,0,0,10048.8,328.967,0.902943
54.99,4.31307e+06,604472,4.6508e+06,-201.161,-134.157,209.173,-0.902287,-0.166563,-0.130173,0.375754,4.31997e+06,607396,4.64406e+06,23.029,-28.7119,-7.86555,1,0,0,0,10081.7,329.372,0.891505
55.09,4.31305e+06,604458,4.65082e+06,-201.722,-134.602,209.37,-0.903988,-0.165904,-0.131164,0.371588,4.31997e+06,607393,4.64406e+06,22.9179,-28.7932,-7.65631,1,0,0,0,10114.6,329.787,0.883579
55.19,4.31303e+06,604445,4.65084e+06,-200.141,-134.745,211.877,-0.906,-0.165936,-0.130178,0.366991,4.31997e+06,607390,4.64406e+06,22.806,-28.8739,-7.44728,1,0,0,0,10147.6,330.177,0.874119
55.29,4.31301e+06,604431,4.65087e+06,-200.884,-135.214,211.877,-0.907953,-0.165983,-0.129149,0.362479,4.31997e+06,607387,4.64405e+06,22.6931,-28.9538,-7.23846,1,0,0,0,10180.6,330.59,0.864845
55.39,4.31299e+06,604418,4.65089e+06,-201.614,-135.679,211.892,-0.909881,-0.166024,-0.12809,0.357976,4.31997e+06,607384,4.64405e+06,22.5792,-29.0331,-7.02986,1,0,0,0,10213.7,331.003,0.855601
55.49,4.31297e+06,604404,4.65091e+06,-205.235,-136.549,208.793,-0.911501,-0.166161,-0.126859,0.354208,4.31998e+06,607381,4.64405e+06,22.4645,-29.1117,-6.82148,1,0,0,0,10246.8,331.481,0.847755
55.59,4.31295e+06,604390,4.65093e+06,-204.831,-136.854,210.031,-0.913562,-0.166125,-0.125845,0.349243,4.31998e+06,607378,4.64405e+06,22.3487,-29.1896,-6.61334,1,0,0,0,10279.9,331.869,0.837678
55.69,4.31292e+06,604377,4.65095e+06,-205.239,-137.271,210.394,-0.915491,-0.166112,-0.124743,0.34456,4.31998e+06,607376,4.64405e+06,22.2321,-29.2669,-6.40545,1,0,0,0,10313.1,332.28,0.828138
55.79,4.3129e+06,604363,4.65097e+06,-205.222,-137.626,211.213,-0.917566,-0.166055,-0.123732,0.339394,4.31998e+06,607373,4.64405e+06,22.1145,-29.3435,-6.19781,1,0,0,0,10346.3,332.678,0.817762
55.89,4.31288e+06,604349,4.65099e+06,-205.331,-137.999,211.895,-0.919645,-0.165967,-0.122715,0.33414,4.31999e+06,607370,4.64405e+06,21.996,-29.4194,-5.99043,1,0,0,0,10379.6,333.078,0.807243
55.99,4.31286e+06,604336,4.65101e+06,-205.208,-138.337,212.819,-0.921986,-0.165735,-0.12184,0.328068,4.31999e+06,607367,4.64405e+06,21.8765,-29.4946,-5.78333,1,0,0,0,10412.9,333.468,0.795235
56.09,4.31284e+06,604322,4.65104e+06,-205.765,-138.771,213.019,-0.923555,-0.165697,-0.12184,0.323645,4.31999e+06,607364,4.64405e+06,21.7561,-29.5691,-5.5765,1,0,0,0,10446.2,333.879,0.787093
56.19,4.31282e+06,604308,4.65106e+06,-206.183,-139.185,213.369,-0.925316,-0.165673,-0.120659,0.319035,4.31999e+06,607361,4.64405e+06,21.6348,-29.643,-5.36996,1,0,0,0,10479.6,334.286,0.777855
56.29,4.3128e+06,604294,4.65108e+06,-207.618,-139.739,212.624,-0.927024,-0.165657,-0.119437,0.314513,4.31999e+06,607358,4.64405e+06,21.5125,-29.7162,-5.16372,1,0,0,0,10513,334.72,0.768797
56.39,4.31278e+06,604280,4.6511e+06,-206.493,-139.934,214.638,-0.928816,-0.165604,-0.118245,0.309667,4.32e+06,607355,4.64405e+06,21.3892,-29.7886,-4.95779,1,0,0,0,10546.5,335.089,0.759181
56.49,4.31276e+06,604266,4.65112e+06,-207.602,-140.441,214.245,-0.930456,-0.165614,-0.116998,0.30518,4.32e+06,607352,4.64405e+06,21.2651,-29.8604,-4.75217,1,0,0,0,10580,335.512,0.750281
56.59,4.31274e+06,604252,4.65114e+06,-208.01,-140.848,214.609,-0.932144,-0.165557,-0.115759,0.300495,4.32e+06,607349,4.64405e+06,21.14,-29.9315,-4.54688,1,0,0,0,10613.6,335.919,0.741011
56.69,4.31272e+06,604238,4.65116e+06,-207.949,-141.188,215.477,-0.933905,-0.165477,-0.114559,0.295491,4.32e+06,607346,4.64405e+06,21.0139,-30.002,-4.34191,1,0,0,0,10647.1,336.314,0.731225
56.79,4.3127e+06,604224,4.65119e+06,-208.117,-141.559,216.098,-0.935655,-0.165359,-0.113342,0.290446,4.32001e+06,607343,4.64405e+06,20.8869,-30.0717,-4.13728,1,0,0,0,10680.8,336.713,0.72137
56.89,4.31268e+06,604210,4.65121e+06,-207.625,-141.834,217.424,-0.937719,-0.165121,-0.112296,0.284267,4.32001e+06,607340,4.64405e+06,20.759,-30.1407,-3.93301,1,0,0,0,10714.4,337.096,0.709582
56.99,4.31266e+06,604196,4.65123e+06,-208.267,-142.269,217.538,-0.939232,-0.165073,-0.110963,0.279787,4.32001e+06,607337,4.64405e+06,20.6301,-30.209,-3.72908,1,0,0,0,10748.1,337.506,0.700818
57.09,4.31264e+06,604181,4.65125e+06,-208.827,-142.692,217.743,-0.940693,-0.166302,-0.109016,0.274873,4.32001e+06,607334,4.64404e+06,20.5003,-30.2767,-3.52552,1,0,0,0,10781.9,337.917,0.692256
57.19,4.31262e+06,604167,4.65128e+06,-208.796,-143.031,218.586,-0.942215,-0.16624,-0.107665,0.270192,4.32001e+06,607331,4.64404e+06,20.3696,-30.3436,-3.32234,1,0,0,0,10815.7,338.317,0.683231
57.29,4.3126e+06,604153,4.6513e+06,-208.798,-143.374,219.393,-0.943712,-0.166197,-0.10633,0.26548,4.32002e+06,607328,4.64404e+06,20.2379,-30.4099,-3.11953,1,0,0,0,10849.5,338.718,0.674234
57.39,4.31258e+06,604138,4.65132e+06,-210.642,-143.973,218.216,-0.945126,-0.166144,-0.104937,0.261001,4.32002e+06,607325,4.64404e+06,20.1053,-30.4754,-2.91711,1,0,0,0,10883.3,339.154,0.665634
57.49,4.31256e+06,604124,4.65134e+06,-209.221,-144.114,220.558,-0.946702,-0.165988,-0.103645,0.255851,4.32002e+06,607322,4.64404e+06,19.9717,-30.5402,-2.71509,1,0,0,0,10917.2,339.528,0.655914
57.59,4.31254e+06,604110,4.65136e+06,-209.803,-144.534,220.743,-0.948123,-0.165891,-0.102252,0.251172,4.32002e+06,607319,4.64404e+06,19.8373,-30.6044,-2.51347,1,0,0,0,10951.2,339.938,0.647035
57.69,4.31251e+06,604095,4.65139e+06,-209.161,-144.781,222.246,-0.949713,-0.165709,-0.100966,0.245746,4.32002e+06,607316,4.64404e+06,19.7018,-30.6678,-2.31227,1,0,0,0,10985.2,340.333,0.636956
57.79,4.31249e+06,604081,4.65141e+06,-209.438,-145.155,222.761,-0.951144,-0.165595,-0.0995888,0.240803,4.32003e+06,607312,4.64404e+06,19.5655,-30.7305,-2.11148,1,0,0,0,11019.2,340.739,0.627753
57.89,4.31247e+06,604066,4.65143e+06,-209.598,-145.512,223.4,-0.952625,-0.165461,-0.0982409,0.235534,4.32003e+06,607309,4.64404e+06,19.4282,-30.7926,-1.91112,1,0,0,0,11053.2,341.143,0.618084
57.99,4.31245e+06,604052,4.65145e+06,-210.838,-146.021,222.89,-0.953574,-0.16554,-0.096544,0.232318,4.32003e+06,607306,4.64404e+06,19.29,-30.8539,-1.7112,1,0,0,0,11087.3,341.567,0.611813
58.09,4.31243e+06,604037,4.65148e+06,-211.402,-146.429,223.1,-0.955092,-0.163535,-0.0953665,0.22795,4.32003e+06,607303,4.64404e+06,19.1508,-30.9145,-1.51172,1,0,0,0,11121.5,341.977,0.601654
58.19,4.31241e+06,604022,4.6515e+06,-212.729,-146.943,222.488,-0.956347,-0.163464,-0.093894,0.223304,4.32003e+06,607300,4.64404e+06,19.0107,-30.9744,-1.31268,1,0,0,0,11155.7,342.402,0.593126
58.29,4.31239e+06,604008,4.65152e+06,-211.946,-147.159,224.154,-0.95762,-0.163361,-0.0924009,0.218491,4.32004e+06,607297,4.64404e+06,18.8697,-31.0336,-1.11411,1,0,0,0,11189.9,342.793,0.584345
58.39,4.31237e+06,603993,4.65154e+06,-211.694,-147.449,225.249,-0.958869,-0.163256,-0.0909329,0.213657,4.32004e+06,607294,4.64404e+06,18.7278,-31.0921,-0.915998,1,0,0,0,11224.2,343.196,0.575613
58.49,4.31235e+06,603978,4.65157e+06,-211.222,-147.706,226.581,-0.960113,-0.163163,-0.0894897,0.208691,4.32004e+06,607291,4.64404e+06,18.5849,-31.1498,-0.71836,1,0,0,0,11258.5,343.601,0.566779
58.59,4.31233e+06,603964,4.65159e+06,-211.046,-148.004,227.594,-0.961336,-0.163081,-0.0880326,0.203687,4.32004e+06,607288,4.64404e+06,18.4411,-31.2069,-0.521201,1,0,0,0,11292.8,344.01,0.557968
58.69,4.31231e+06,603949,4.65161e+06,-211.404,-148.375,228.035,-0.962495,-0.163009,-0.0865251,0.198859,4.32004e+06,607285,4.64404e+06,18.2964,-31.2632,-0.32453,1,0,0,0,11327.2,344.42,0.549485
58.79,4.31228e+06,603934,4.65163e+06,-212.832,-148.896,227.326,-0.963452,-0.162978,-0.0848517,0.194934,4.32004e+06,607281,4.64404e+06,18.1508,-31.3188,-0.128351,1,0,0,0,11361.6,344.838,0.542388
58.89,4.31226e+06,603919,4.65166e+06,-213.561,-149.317,227.371,-0.964498,-0.162924,-0.0832663,0.190436,4.32005e+06,607278,4.64404e+06,18.0043,-31.3737,0.0673272,1,0,0,0,11396.1,345.254,0.53452
58.99,4.31224e+06,603904,4.65168e+06,-214.462,-149.761,227.237,-0.965438,-0.162903,-0.0815943,0.18637,4.32005e+06,607275,4.64404e+06,17.8568,-31.4279,0.262496,1,0,0,0,11430.6,345.676,0.527352
59.09,4.31222e+06,603889,4.6517e+06,-215.032,-150.155,227.451,-0.966569,-0.160466,-0.0823767,0.182235,4.32005e+06,607272,4.64404e+06,17.7084,-31.4813,0.457152,1,0,0,0,11465.1,346.089,0.518608
59.19,4.3122e+06,603874,4.65173e+06,-216.45,-150.666,226.752,-0.967593,-0.160397,-0.0807957,0.177506,4.32005e+06,607269,4.64404e+06,17.5591,-31.5341,0.651285,1,0,0,0,11499.7,346.517,0.510556
59.29,4.31218e+06,603859,4.65175e+06,-217.144,-151.074,226.836,-0.968595,-0.160327,-0.0791972,0.172764,4.32005e+06,607266,4.64404e+06,17.4089,-31.5861,0.844889,1,0,0,0,11534.3,346.936,0.502561
59.39,4.31215e+06,603844,4.65177e+06,-216.884,-151.348,227.95,-0.969591,-0.160236,-0.0776235,0.167908,4.32006e+06,607263,4.64404e+06,17.2578,-31.6374,1.03796,1,0,0,0,11569,347.336,0.494487
59.49,4.31213e+06,603829,4.65179e+06,-216.922,-151.662,228.744,-0.970556,-0.160173,-0.0760459,0.163043,4.32006e+06,607259,4.64404e+06,17.1057,-31.6879,1.23049,1,0,0,0,11603.7,347.743,0.486537
59.59,4.31211e+06,603813,4.65182e+06,-217.207,-152.01,229.273,-0.971497,-0.160105,-0.0744286,0.158181,4.32006e+06,607256,4.64404e+06,16.9528,-31.7378,1.42247,1,0,0,0,11638.5,348.155,0.478663
59.69,4.31209e+06,603798,4.65184e+06,-217.525,-152.361,229.769,-0.972416,-0.160029,-0.0728305,0.153276,4.32006e+06,607253,4.64404e+06,16.799,-31.7869,1.61389,1,0,0,0,11673.3,348.569,0.470844
59.79,4.31207e+06,603783,4.65186e+06,-217.006,-152.593,231.165,-0.973434,-0.159923,-0.0713417,0.147519,4.32006e+06,607250,4.64404e+06,16.6442,-31.8353,1.80475,1,0,0,0,11708.1,348.971,0.462037
59.89,4.31205e+06,603768,4.65189e+06,-217.864,-153.018,231.083,-0.974215,-0.1599,-0.0696367,0.143137,4.32006e+06,607247,4.64404e+06,16.4886,-31.883,1.99504,1,0,0,0,11743,349.394,0.455164
59.99,4.31203e+06,603752,4.65191e+06,-218.497,-153.409,231.245,-0.975013,-0.159857,-0.0679548,0.13848,4.32007e+06,607243,4.64404e+06,16.332,-31.9299,2.18476,1,0,0,0,11777.9,349.815,0.44803
60.09,4.312e+06,603737,4.65193e+06,-219.081,-153.793,231.463,-0.975917,-0.159803,-0.0649321,0.13354,4.32007e+06,607240,4.64404e+06,16.1746,-31.9761,2.3739,1,0,0,0,11812.8,350.238,0.43982
60.19,4.31198e+06,603722,4.65196e+06,-218.065,-153.951,233.411,-0.976686,-0.159734,-0.0632457,0.128724,4.32007e+06,607237,4.64404e+06,16.0163,-32.0216,2.56245,1,0,0,0,11847.8,350.644,0.432716
60.29,4.31196e+06,603706,4.65198e+06,-219.48,-154.448,232.737,-0.977406,-0.159698,-0.06156,0.124034,4.32007e+06,607234,4.64404e+06,15.8571,-32.0663,2.75041,1,0,0,0,11882.8,351.076,0.425954
60.39,4.31194e+06,603691,4.652e+06,-219.654,-154.77,233.404,-0.978115,-0.15966,-0.0598693,0.119225,4.32007e+06,607231,4.64404e+06,15.6969,-32.1103,2.93777,1,0,0,0,11917.9,351.497,0.419189
60.49,4.31192e+06,603675,4.65203e+06,-220.781,-155.226,233.045,-0.978778,-0.159639,-0.0581195,0.114594,4.32007e+06,607227,4.64404e+06,15.536,-32.1536,3.12452,1,0,0,0,11953,351.931,0.412775
60.59,4.31189e+06,603660,4.65205e+06,-222.066,-155.702,232.518,-0.979402,-0.159619,-0.0563751,0.110066,4.32007e+06,607224,4.64404e+06,15.3741,-32.1961,3.31067,1,0,0,0,11988.2,352.374,0.406631
60.69,4.31187e+06,603644,4.65207e+06,-222.49,-156.057,232.921,-0.980038,-0.159591,-0.0546746,0.105203,4.32008e+06,607221,4.64404e+06,15.2113,-32.2379,3.49619,1,0,0,0,12023.4,352.801,0.400292
60.79,4.31185e+06,603629,4.6521e+06,-222.292,-156.323,233.993,-0.980705,-0.159531,-0.0530876,0.0997429,4.32008e+06,607218,4.64405e+06,15.0477,-32.279,3.68109,1,0,0,0,12058.6,353.215,0.393518
60.89,4.31183e+06,603613,4.65212e+06,-221.573,-156.515,235.624,-0.981448,-0.159391,-0.0516247,0.0932107,4.32008e+06,607215,4.64405e+06,14.8832,-32.3193,3.86537,1,0,0,0,12093.9,353.621,0.385841
60.99,4.31181e+06,603597,4.65214e+06,-221.978,-156.864,236.049,-0.982012,-0.159382,-0.0499402,0.0880634,4.32008e+06,607211,4.64405e+06,14.7179,-32.3589,4.049,1,0,0,0,12129.3,354.049,0.379914
61.09,4.31178e+06,603582,4.65217e+06,-222.573,-157.238,236.271,-0.982526,-0.158609,-0.0499151,0.0836277,4.32008e+06,607208,4.64405e+06,14.5516,-32.3977,4.232,1,0,0,0,12164.6,354.479,0.374431
61.19,4.31176e+06,603566,4.65219e+06,-222.92,-157.577,236.763,-0.983008,-0.158608,-0.0481753,0.0788489,4.32008e+06,607205,4.64405e+06,14.3845,-32.4358,4.41435,1,0,0,0,12200,354.908,0.369214
61.29,4.31174e+06,603550,4.65222e+06,-223.375,-157.93,237.138,-0.98346,-0.158641,-0.0464209,0.0740576,4.32009e+06,607202,4.64405e+06,14.2166,-32.4732,4.59605,1,0,0,0,12235.5,355.338,0.364262
61.39,4.31172e+06,603535,4.65224e+06,-223.296,-158.208,238.092,-0.98389,-0.158666,-0.0446913,0.0691929,4.32009e+06,607198,4.64405e+06,14.0478,-32.5098,4.7771,1,0,0,0,12271,355.764,0.359479
61.49,4.3117e+06,603519,4.65226e+06,-223.095,-158.468,239.181,-0.984299,-0.158692,-0.0429378,0.0642558,4.32009e+06,607195,4.64405e+06,13.8781,-32.5457,4.95748,1,0,0,0,12306.5,356.192,0.354878
61.59,4.31167e+06,603503,4.65229e+06,-224.248,-158.917,238.81,-0.98466,-0.158714,-0.0411444,0.0596797,4.32009e+06,607192,4.64405e+06,13.7076,-32.5808,5.13719,1,0,0,0,12342.1,356.632,0.350762
61.69,4.31165e+06,603487,4.65231e+06,-225.027,-159.313,238.844,-0.984999,-0.158749,-0.039355,0.0550093,4.32009e+06,607189,4.64405e+06,13.5362,-32.6152,5.31624,1,0,0,0,12377.7,357.072,0.346851
61.79,4.31163e+06,603471,4.65234e+06,-226.103,-159.75,238.563,-0.985298,-0.158803,-0.0374829,0.0506356,4.32009e+06,607185,4.64405e+06,13.364,-32.6489,5.4946,1,0,0,0,12413.4,357.519,0.34337
61.89,4.3116e+06,603455,4.65236e+06,-227.369,-160.213,238.081,-0.985547,-0.158907,-0.0355459,0.0467034,4.32009e+06,607182,4.64405e+06,13.191,-32.6818,5.67228,1,0,0,0,12449.1,357.976,0.340441
61.99,4.31158e+06,603439,4.65238e+06,-227.55,-160.523,238.763,-0.985853,-0.158924,-0.0338696,0.0411123,4.32009e+06,607179,4.64405e+06,13.0171,-32.714,5.84928,1,0,0,0,12484.9,358.408,0.336816
62.09,4.31156e+06,603423,4.65241e+06,-228.164,-160.893,238.986,-0.986117,-0.158969,-0.0314582,0.0362384,4.3201e+06,607176,4.64405e+06,12.8424,-32.7454,6.02558,1,0,0,0,12520.6,358.854,0.333655
62.19,4.31154e+06,603407,4.65243e+06,-228.805,-161.267,239.181,-0.986329,-0.159016,-0.0296548,0.0314656,4.3201e+06,607172,4.64405e+06,12.6669,-32.776,6.20119,1,0,0,0,12556.5,359.302,0.33109
62.29,4.31152e+06,603391,4.65246e+06,-230.32,-161.762,238.436,-0.986506,-0.15911,-0.0278505,0.026733,4.3201e+06,607169,4.64405e+06,12.4905,-32.8059,6.37609,1,0,0,0,12592.4,359.775,0.328934
62.39,4.31149e+06,603375,4.65248e+06,-230.027,-162.004,239.643,-0.986665,-0.159176,-0.0260495,0.0218259,4.3201e+06,607166,4.64405e+06,12.3134,-32.8351,6.55029,1,0,0,0,12628.3,360.203,0.326981
62.49,4.31147e+06,603358,4.65251e+06,-228.972,-162.139,241.674,-0.9868,-0.159239,-0.0242914,0.0166734,4.3201e+06,607162,4.64405e+06,12.1354,-32.8635,6.72377,1,0,0,0,12664.3,360.62,0.325317
62.59,4.31145e+06,603342,4.65253e+06,-229.115,-162.441,242.415,-0.986902,-0.159316,-0.0225146,0.0117022,4.3201e+06,607159,4.64405e+06,11.9566,-32.8912,6.89654,1,0,0,0,12700.3,361.064,0.324064
62.69,4.31142e+06,603326,4.65255e+06,-228.816,-162.681,243.632,-0.986975,-0.159396,-0.0207966,0.0063994,4.3201e+06,607156,4.64406e+06,11.777,-32.9181,7.06858,1,0,0,0,12736.4,361.505,0.323152
62.79,4.3114e+06,603310,4.65258e+06,-229.549,-163.065,243.74,-0.987012,-0.159512,-0.0190073,0.00171876,4.3201e+06,607153,4.64406e+06,11.5966,-32.9442,7.23991,1,0,0,0,12772.5,361.96,0.322697
62.89,4.31138e+06,603293,4.6526e+06,-230.124,-163.427,244.019,-0.987023,-0.15962,-0.0172255,-0.00311773,4.32011e+06,607149,4.64406e+06,11.4154,-32.9697,7.4105,1,0,0,0,12808.6,362.414,0.322551
62.99,4.31136e+06,603277,4.65263e+06,-230.569,-163.77,244.44,-0.987003,-0.159738,-0.0154983,-0.0082492,4.32011e+06,607146,4.64406e+06,11.2334,-32.9943,7.58036,1,0,0,0,12844.8,362.868,0.322799
63.09,4.31133e+06,603261,4.65265e+06,-231.202,-164.14,244.663,-0.986892,-0.160338,-0.0126502,-0.0132314,4.32011e+06,607143,4.64406e+06,11.0506,-33.0182,7.74948,1,0,0,0,12881,363.328,0.324178
63.19,4.31131e+06,603244,4.65268e+06,-231.833,-164.51,244.889,-0.986822,-0.160435,-0.0108414,-0.0180341,4.32011e+06,607139,4.64406e+06,10.8671,-33.0413,7.91787,1,0,0,0,12917.3,363.79,0.325047
63.29,4.31129e+06,603228,4.6527e+06,-233.861,-165.074,243.611,-0.986722,-0.160567,-0.00904166,-0.022721,4.32011e+06,607136,4.64406e+06,10.6827,-33.0637,8.0855,1,0,0,0,12953.6,364.281,0.326282
63.39,4.31126e+06,603211,4.65273e+06,-236.096,-165.668,242.112,-0.986596,-0.160716,-0.00718986,-0.0273208,4.32011e+06,607133,4.64406e+06,10.4976,-33.0854,8.25238,1,0,0,0,12990,364.797,0.327826
63.49,4.31124e+06,603195,4.65275e+06,-233.625,-165.604,245.69,-0.986423,-0.160827,-0.00551879,-0.0327806,4.32011e+06,607129,4.64406e+06,10.3117,-33.1062,8.41851,1,0,0,0,13026.4,365.183,0.329947
63.59,4.31122e+06,603178,4.65278e+06,-234.251,-165.972,245.929,-0.986238,-0.16097,-0.0037459,-0.0375496,4.32011e+06,607126,4.64406e+06,10.1251,-33.1264,8.58389,1,0,0,0,13062.9,365.651,0.332193
63.69,4.31119e+06,603162,4.6528e+06,-234.221,-166.249,246.878,-0.986007,-0.161129,-0.00200183,-0.0426947,4.32011e+06,607123,4.64406e+06,9.93768,-33.1457,8.7485,1,0,0,0,13099.4,366.108,0.334967
63.79,4.31117e+06,603145,4.65283e+06,-234.009,-166.501,248.021,-0.985734,-0.161269,-0.00032552,-0.0481647,4.32012e+06,607119,4.64406e+06,9.74952,-33.1643,8.91235,1,0,0,0,13136,366.565,0.338227
63.89,4.31115e+06,603129,4.65285e+06,-233.993,-166.78,248.953,-0.985418,-0.161425,0.00132369,-0.0537776,4.32012e+06,607116,4.64407e+06,9.56062,-33.1822,9.07543,1,0,0,0,13172.6,367.026,0.341968
63.99,4.31112e+06,603112,4.65288e+06,-234.899,-167.188,248.899,-0.985142,-0.161599,0.00318284,-0.0580665,4.32012e+06,607113,4.64407e+06,9.37097,-33.1993,9.23773,1,0,0,0,13209.2,367.503,0.345201
64.09,4.3111e+06,603095,4.6529e+06,-235.55,-167.561,249.122,-0.984755,-0.162019,0.00614855,-0.0630097,4.32012e+06,607110,4.64407e+06,9.18058,-33.2156,9.39926,1,0,0,0,13245.9,367.979,0.349676
64.19,4.31108e+06,603078,4.65293e+06,-236.004,-167.907,249.559,-0.984396,-0.16219,0.00792545,-0.0677943,4.32012e+06,607106,4.64407e+06,8.98947,-33.2312,9.56002,1,0,0,0,13282.7,368.455,0.353776
64.29,4.31105e+06,603061,4.65295e+06,-236.217,-168.219,250.257,-0.98401,-0.162348,0.00969971,-0.0726137,4.32012e+06,607103,4.64407e+06,8.79762,-33.246,9.71999,1,0,0,0,13319.5,368.928,0.358135
64.39,4.31103e+06,603045,4.65298e+06,-237.331,-168.657,249.985,-0.983606,-0.162489,0.0114779,-0.0773632,4.32012e+06,607100,4.64407e+06,8.60506,-33.26,9.87917,1,0,0,0,13356.3,369.415,0.362647
64.49,4.31101e+06,603028,4.653e+06,-235.644,-168.704,252.736,-0.983125,-0.16267,0.0131742,-0.0826385,4.32012e+06,607096,4.64407e+06,8.41178,-33.2733,10.0376,1,0,0,0,13393.2,369.875,0.367937
64.59,4.31098e+06,603011,4.65303e+06,-235.359,-168.947,253.976,-0.982629,-0.162857,0.0148751,-0.087735,4.32012e+06,607093,4.64407e+06,8.21779,-33.2858,10.1952,1,0,0,0,13430.1,370.355,0.37333
64.69,4.31096e+06,602994,4.65305e+06,-235.651,-169.271,254.594,-0.982114,-0.163053,0.0165528,-0.0926861,4.32012e+06,607090,4.64407e+06,8.02309,-33.2976,10.352,1,0,0,0,13467.1,370.837,0.378831
64.79,4.31094e+06,602977,4.65308e+06,-236.231,-169.636,254.904,-0.981582,-0.163264,0.0182686,-0.0975053,4.32012e+06,607086,4.64407e+06,7.82769,-33.3086,10.508,1,0,0,0,13504.1,371.321,0.384443
64.89,4.31091e+06,602960,4.6531e+06,-236.682,-169.983,255.352,-0.980997,-0.163492,0.0199693,-0.102549,4.32012e+06,607083,4.64408e+06,7.6316,-33.3188,10.6632,1,0,0,0,13541.2,371.805,0.390522
64.99,4.31089e+06,602943,4.65313e+06,-237.521,-170.385,255.386,-0.980453,-0.163672,0.0217597,-0.107008,4.32013e+06,607080,4.64408e+06,7.43483,-33.3283,10.8176,1,0,0,0,13578.3,372.293,0.396096
65.09,4.31086e+06,602926,4.65315e+06,-238.189,-170.764,255.606,-0.97976,-0.164139,0.0245838,-0.111915,4.32013e+06,607076,4.64408e+06,7.23737,-33.337,10.9712,1,0,0,0,13615.5,372.783,0.403078
65.19,4.31084e+06,602909,4.65318e+06,-239.4,-171.22,255.243,-0.979124,-0.164364,0.0262957,-0.116662,4.32013e+06,607073,4.64408e+06,7.03924,-33.3449,11.124,1,0,0,0,13652.7,373.277,0.409385
65.29,4.31082e+06,602892,4.6532e+06,-240.678,-171.685,254.807,-0.978461,-0.164581,0.0280397,-0.121413,4.32013e+06,607070,4.64408e+06,6.84045,-33.3521,11.276,1,0,0,0,13690,373.777,0.415854
65.39,4.31079e+06,602875,4.65323e+06,-240.289,-171.917,256.174,-0.977748,-0.16482,0.0297361,-0.126329,4.32013e+06,607066,4.64408e+06,6.64098,-33.3585,11.4272,1,0,0,0,13727.3,374.265,0.422707
65.49,4.31077e+06,602857,4.65326e+06,-240.195,-172.192,257.222,-0.977013,-0.165032,0.0314031,-0.131242,4.32013e+06,607063,4.64408e+06,6.44087,-33.3641,11.5775,1,0,0,0,13764.7,374.758,0.429661
65.59,4.31075e+06,602840,4.65328e+06,-240.43,-172.513,257.916,-0.976248,-0.165241,0.0330692,-0.136164,4.32013e+06,607060,4.64408e+06,6.2401,-33.369,11.727,1,0,0,0,13802.1,375.255,0.436771
65.69,4.31072e+06,602823,4.65331e+06,-242.05,-173.028,257.118,-0.975555,-0.165443,0.0348517,-0.140382,4.32013e+06,607056,4.64408e+06,6.03868,-33.3731,11.8758,1,0,0,0,13839.5,375.76,0.443132
65.79,4.3107e+06,602805,4.65333e+06,-243.103,-173.464,256.935,-0.974809,-0.165625,0.0366233,-0.144827,4.32013e+06,607053,4.64409e+06,5.83663,-33.3765,12.0236,1,0,0,0,13877,376.267,0.449869
65.89,4.31067e+06,602788,4.65336e+06,-243.651,-173.831,257.294,-0.973957,-0.16586,0.0383048,-0.14977,4.32013e+06,607050,4.64409e+06,5.63395,-33.379,12.1707,1,0,0,0,13914.6,376.769,0.457444
65.99,4.31065e+06,602771,4.65338e+06,-244.687,-174.266,257.132,-0.973214,-0.166047,0.0400842,-0.15387,4.32013e+06,607046,4.64409e+06,5.43065,-33.3809,12.3169,1,0,0,0,13952.2,377.283,0.463952
66.09,4.31062e+06,602753,4.65341e+06,-245.373,-174.654,257.349,-0.972188,-0.166698,0.0430168,-0.15878,4.32013e+06,607043,4.64409e+06,5.22673,-33.3819,12.4624,1,0,0,0,13989.9,377.793,0.472792
66.19,4.3106e+06,602736,4.65344e+06,-243.347,-174.663,260.494,-0.971278,-0.166919,0.0446558,-0.163593,4.32013e+06,607040,4.64409e+06,5.0222,-33.3822,12.6069,1,0,0,0,14027.6,378.279,0.480502
66.29,4.31057e+06,602718,4.65346e+06,-243.674,-175.002,261.099,-0.970345,-0.167161,0.046299,-0.168359,4.32013e+06,607036,4.64409e+06,4.81706,-33.3817,12.7507,1,0,0,0,14065.3,378.789,0.488288
66.39,4.31055e+06,602701,4.65349e+06,-243.714,-175.302,262.016,-0.969375,-0.167414,0.0479162,-0.173174,4.32013e+06,607033,4.64409e+06,4.61133,-33.3804,12.8936,1,0,0,0,14103.2,379.301,0.496248
66.49,4.31053e+06,602683,4.65352e+06,-243.827,-175.613,262.854,-0.968379,-0.167625,0.0495265,-0.17802,4.32013e+06,607030,4.64409e+06,4.405,-33.3784,13.0357,1,0,0,0,14141,379.814,0.504294
66.59,4.3105e+06,602666,4.65354e+06,-246.282,-176.252,261.167,-0.967491,-0.167828,0.0512585,-0.182118,4.32013e+06,607026,4.6441e+06,4.19809,-33.3756,13.1769,1,0,0,0,14178.9,380.333,0.511362
66.69,4.31048e+06,602648,4.65357e+06,-247.183,-176.674,261.158,-0.966488,-0.168055,0.052878,-0.186716,4.32014e+06,607023,4.6441e+06,3.99061,-33.372,13.3173,1,0,0,0,14216.9,380.853,0.51924
66.79,4.31045e+06,602630,4.65359e+06,-247.422,-177.006,261.862,-0.965354,-0.168314,0.0544016,-0.191842,4.32014e+06,607019,4.6441e+06,3.78256,-33.3677,13.4568,1,0,0,0,14254.9,381.367,0.528003
66.89,4.31043e+06,602613,4.65362e+06,-248.06,-177.393,262.137,-0.964259,-0.168533,0.0559607,-0.196645,4.32014e+06,607016,4.6441e+06,3.57394,-33.3626,13.5956,1,0,0,0,14292.9,381.886,0.536326
66.99,4.3104e+06,602595,4.65365e+06,-248.81,-177.798,262.293,-0.963176,-0.168786,0.0575405,-0.201227,4.32014e+06,607013,4.6441e+06,3.36477,-33.3567,13.7334,1,0,0,0,14331,382.41,0.544442
67.09,4.31038e+06,602577,4.65367e+06,-249.51,-178.198,262.504,-0.961694,-0.170207,0.0608053,-0.206101,4.32014e+06,607009,4.6441e+06,3.15505,-33.3501,13.8704,1,0,0,0,14369.2,382.935,0.555363
67.19,4.31035e+06,602559,4.6537e+06,-249.492,-178.499,263.492,-0.960532,-0.170445,0.0623308,-0.210811,4.32014e+06,607006,4.6441e+06,2.94479,-33.3427,14.0066,1,0,0,0,14407.4,383.454,0.563774
67.29,4.31033e+06,602541,4.65373e+06,-251.206,-179.043,262.609,-0.959358,-0.170696,0.0638693,-0.215445,4.32014e+06,607003,4.6441e+06,2.734,-33.3345,14.142,1,0,0,0,14445.7,383.995,0.572159
67.39,4.3103e+06,602524,4.65375e+06,-252.661,-179.552,262.007,-0.958171,-0.170908,0.0654222,-0.220041,4.32014e+06,606999,4.64411e+06,2.52268,-33.3255,14.2764,1,0,0,0,14484,384.541,0.580507
67.49,4.31028e+06,602506,4.65378e+06,-251.475,-179.693,264.256,-0.956838,-0.171165,0.0668704,-0.225149,4.32014e+06,606996,4.64411e+06,2.31085,-33.3158,14.4101,1,0,0,0,14522.4,385.041,0.589755
67.59,4.31025e+06,602488,4.6538e+06,-252.567,-180.154,264.046,-0.955617,-0.17135,0.0684133,-0.229684,4.32014e+06,606993,4.64411e+06,2.0985,-33.3053,14.5428,1,0,0,0,14560.8,385.579,0.598098
67.69,4.31023e+06,602470,4.65383e+06,-251.773,-180.353,265.87,-0.954123,-0.17163,0.0697699,-0.235213,4.32014e+06,606989,4.64411e+06,1.88565,-33.2941,14.6748,1,0,0,0,14599.3,386.093,0.60816
67.79,4.3102e+06,602452,4.65386e+06,-252.666,-180.787,265.878,-0.952846,-0.171845,0.0712879,-0.239732,4.32014e+06,606986,4.64411e+06,1.67231,-33.2821,14.8059,1,0,0,0,14637.8,386.63,0.61663
67.89,4.31018e+06,602434,4.65389e+06,-252.968,-181.141,266.519,-0.951359,-0.172127,0.0726339,-0.244974,4.32014e+06,606983,4.64411e+06,1.45848,-33.2693,14.9361,1,0,0,0,14676.4,387.16,0.626356
67.99,4.31015e+06,602415,4.65391e+06,-253.722,-181.558,266.676,-0.950016,-0.172356,0.0741123,-0.24954,4.32014e+06,606980,4.64412e+06,1.24416,-33.2557,15.0655,1,0,0,0,14715,387.697,0.635017
68.09,4.31013e+06,602397,4.65394e+06,-254.43,-181.971,266.882,-0.948524,-0.173274,0.0754965,-0.254124,4.32014e+06,606976,4.64412e+06,1.02938,-33.2414,15.194,1,0,0,0,14753.7,388.235,0.644509
68.19,4.3101e+06,602379,4.65397e+06,-255.019,-182.369,267.216,-0.947109,-0.173495,0.0769358,-0.258776,4.32014e+06,606973,4.64412e+06,0.81413,-33.2262,15.3216,1,0,0,0,14792.4,388.773,0.653385
68.29,4.31008e+06,602361,4.65399e+06,-256.47,-182.888,266.62,-0.945688,-0.173711,0.0783344,-0.263366,4.32014e+06,606970,4.64412e+06,0.598427,-33.2104,15.4485,1,0,0,0,14831.2,389.326,0.662181
68.39,4.31005e+06,602343,4.65402e+06,-255.691,-183.097,268.431,-0.944169,-0.173957,0.079707,-0.2682,4.32014e+06,606966,4.64412e+06,0.382273,-33.1937,15.5744,1,0,0,0,14870.1,389.847,0.671468
68.49,4.31003e+06,602324,4.65405e+06,-254.44,-183.241,270.751,-0.942548,-0.174209,0.0810269,-0.273294,4.32014e+06,606963,4.64412e+06,0.165682,-33.1763,15.6995,1,0,0,0,14909,390.378,0.68124
68.59,4.31e+06,602306,4.65407e+06,-255.293,-183.68,270.8,-0.94105,-0.174428,0.0824357,-0.277857,4.32014e+06,606960,4.64412e+06,-0.0513429,-33.1581,15.8238,1,0,0,0,14947.9,390.92,0.690152
68.69,4.30997e+06,602288,4.6541e+06,-255.493,-184.029,271.554,-0.939422,-0.174646,0.0837453,-0.282793,4.32014e+06,606956,4.64413e+06,-0.26879,-33.1392,15.9471,1,0,0,0,14986.9,391.461,0.699711
68.79,4.30995e+06,602269,4.65413e+06,-256.8,-184.533,271.116,-0.938028,-0.174796,0.0851837,-0.286868,4.32014e+06,606953,4.64413e+06,-0.486655,-33.1194,16.0697,1,0,0,0,15026,392.009,0.7078
68.89,4.30992e+06,602251,4.65415e+06,-258.51,-185.093,270.248,-0.936868,-0.174848,0.0867734,-0.290132,4.32014e+06,606950,4.64413e+06,-0.704926,-33.0989,16.1914,1,0,0,0,15065.1,392.569,0.714466
68.99,4.3099e+06,602232,4.65418e+06,-258.94,-185.478,270.752,-0.935093,-0.175074,0.0879871,-0.295311,4.32014e+06,606946,4.64413e+06,-0.923595,-33.0777,16.3122,1,0,0,0,15104.2,393.113,0.724551
69.09,4.30987e+06,602213,4.65421e+06,-259.653,-185.903,270.953,-0.933372,-0.175777,0.0894391,-0.299866,4.32014e+06,606943,4.64413e+06,-1.14266,-33.0556,16.4322,1,0,0,0,15143.4,393.663,0.734201
69.19,4.30985e+06,602195,4.65424e+06,-259.665,-186.232,271.911,-0.931728,-0.175944,0.0906938,-0.304468,4.32014e+06,606940,4.64413e+06,-1.3621,-33.0328,16.5513,1,0,0,0,15182.7,394.207,0.743306
69.29,4.30982e+06,602176,4.65426e+06,-258.974,-186.464,273.627,-0.930013,-0.176116,0.0919852,-0.309189,4.32014e+06,606936,4.64414e+06,-1.58192,-33.0093,16.6695,1,0,0,0,15222,394.749,0.752697
69.39,4.30979e+06,602158,4.65429e+06,-260.468,-187.002,272.985,-0.928354,-0.176261,0.0932743,-0.313672,4.32014e+06,606933,4.64414e+06,-1.8021,-32.9849,16.7869,1,0,0,0,15261.4,395.306,0.761672
69.49,4.30977e+06,602139,4.65432e+06,-261.161,-187.429,273.206,-0.926621,-0.176428,0.0945249,-0.318294,4.32014e+06,606930,4.64414e+06,-2.02264,-32.9598,16.9035,1,0,0,0,15300.8,395.859,0.770944
69.59,4.30974e+06,602120,4.65435e+06,-260.301,-187.641,275.102,-0.924674,-0.176643,0.0956383,-0.323464,4.32014e+06,606927,4.64414e+06,-2.24352,-32.9339,17.0192,1,0,0,0,15340.3,396.403,0.781237
69.69,4.30972e+06,602101,4.65437e+06,-261.994,-188.21,274.246,-0.923105,-0.176715,0.0969833,-0.32748,4.32014e+06,606923,4.64414e+06,-2.46475,-32.9073,17.134,1,0,0,0,15379.8,396.965,0.789437
69.79,4.30969e+06,602083,4.6544e+06,-261.481,-188.473,275.763,-0.920918,-0.176938,0.0979638,-0.333176,4.32014e+06,606920,4.64414e+06,-2.6863,-32.8799,17.248,1,0,0,0,15419.4,397.51,0.800734
69.89,4.30966e+06,602064,4.65443e+06,-262.649,-188.97,275.474,-0.919328,-0.177003,0.0992785,-0.337121,4.32014e+06,606917,4.64415e+06,-2.90818,-32.8517,17.3611,1,0,0,0,15459.1,398.071,0.808856
69.99,4.30964e+06,602045,4.65446e+06,-263.776,-189.462,275.232,-0.91781,-0.177038,0.100603,-0.340825,4.32014e+06,606913,4.64415e+06,-3.13037,-32.8227,17.4734,1,0,0,0,15498.7,398.637,0.816537
70.09,4.30961e+06,602026,4.65448e+06,-264.491,-189.899,275.427,-0.915903,-0.177617,0.10165,-0.345312,4.32014e+06,606910,4.64415e+06,-3.35287,-32.793,17.5848,1,0,0,0,15538.5,399.197,0.826087
70.19,4.30958e+06,602007,4.65451e+06,-265.488,-190.377,275.318,-0.914034,-0.1777,0.102787,-0.349856,4.32014e+06,606907,4.64415e+06,-3.57566,-32.7625,17.6954,1,0,0,0,15578.3,399.762,0.835353
70.29,4.30956e+06,601988,4.65454e+06,-266.65,-190.878,275.03,-0.912149,-0.177794,0.103934,-0.354361,4.32014e+06,606904,4.64415e+06,-3.79874,-32.7313,17.8052,1,0,0,0,15618.1,400.332,0.8446
70.39,4.30953e+06,601969,4.65457e+06,-265.449,-191.051,277.293,-0.910114,-0.17792,0.105029,-0.359174,4.32014e+06,606900,4.64415e+06,-4.02209,-32.6993,17.914,1,0,0,0,15658.1,400.87,0.854475
70.49,4.3095e+06,601950,4.65459e+06,-267.398,-191.665,276.155,-0.9083,-0.177935,0.106187,-0.363393,4.32013e+06,606897,4.64416e+06,-4.24571,-32.6665,18.0221,1,0,0,0,15698,401.45,0.863187
70.59,4.30948e+06,601930,4.65462e+06,-268.245,-192.126,276.205,-0.906355,-0.17801,0.107231,-0.367877,4.32013e+06,606894,4.64416e+06,-4.4696,-32.6329,18.1293,1,0,0,0,15738,402.018,0.872439
70.69,4.30945e+06,601911,4.65465e+06,-270.001,-192.713,275.276,-0.904631,-0.178012,0.108403,-0.371757,4.32013e+06,606890,4.64416e+06,-4.69373,-32.5986,18.2356,1,0,0,0,15778.1,402.609,0.880566
70.79,4.30942e+06,601892,4.65468e+06,-269.834,-193.035,276.416,-0.902291,-0.178156,0.109321,-0.377069,4.32013e+06,606887,4.64416e+06,-4.9181,-32.5635,18.3411,1,0,0,0,15818.2,403.155,0.891485
70.89,4.3094e+06,601873,4.65471e+06,-269.734,-193.369,277.479,-0.899766,-0.178365,0.110123,-0.382727,4.32013e+06,606884,4.64416e+06,-5.1427,-32.5277,18.4458,1,0,0,0,15858.4,403.704,0.903128
70.99,4.30937e+06,601853,4.65473e+06,-270.027,-193.758,278.118,-0.897337,-0.178502,0.110986,-0.388079,4.32013e+06,606881,4.64417e+06,-5.36753,-32.4911,18.5496,1,0,0,0,15898.7,404.262,0.914195
71.09,4.30934e+06,601834,4.65476e+06,-270.74,-194.203,278.31,-0.895414,-0.177551,0.111826,-0.392689,4.32013e+06,606877,4.64417e+06,-5.59257,-32.4537,18.6526,1,0,0,0,15939,404.831,0.922874
71.19,4.30932e+06,601815,4.65479e+06,-272.364,-194.777,277.516,-0.893324,-0.177587,0.112807,-0.397126,4.32013e+06,606874,4.64417e+06,-5.81781,-32.4156,18.7547,1,0,0,0,15979.3,405.421,0.932215
71.29,4.30929e+06,601795,4.65482e+06,-270.215,-194.824,280.798,-0.891092,-0.177629,0.113755,-0.401824,4.32013e+06,606871,4.64417e+06,-6.04325,-32.3767,18.8561,1,0,0,0,16019.7,405.943,0.9421
71.39,4.30926e+06,601776,4.65485e+06,-271.411,-195.34,280.467,-0.888975,-0.177641,0.114717,-0.40621,4.32013e+06,606868,4.64417e+06,-6.26888,-32.337,18.9565,1,0,0,0,16060.2,406.519,0.951387
71.49,4.30924e+06,601756,4.65487e+06,-272.6,-195.855,280.141,-0.886853,-0.177625,0.115681,-0.410559,4.32013e+06,606865,4.64418e+06,-6.49467,-32.2966,19.0562,1,0,0,0,16100.7,407.098,0.960614
71.59,4.30921e+06,601737,4.6549e+06,-271.81,-196.095,281.951,-0.884385,-0.177685,0.116501,-0.415594,4.32013e+06,606861,4.64418e+06,-6.72064,-32.2554,19.155,1,0,0,0,16141.3,407.649,0.971243
71.69,4.30918e+06,601717,4.65493e+06,-272.589,-196.555,282.068,-0.882195,-0.17764,0.117413,-0.419988,4.32013e+06,606858,4.64418e+06,-6.94676,-32.2134,19.2529,1,0,0,0,16181.9,408.222,0.980586
71.79,4.30916e+06,601697,4.65496e+06,-273.318,-197.008,282.237,-0.879971,-0.177605,0.118317,-0.424391,4.32013e+06,606855,4.64418e+06,-7.17303,-32.1707,19.3501,1,0,0,0,16222.6,408.796,0.989989
71.89,4.30913e+06,601677,4.65499e+06,-274.324,-197.5,282.109,-0.87792,-0.177467,0.11926,-0.428413,4.32013e+06,606852,4.64418e+06,-7.39943,-32.1273,19.4464,1,0,0,0,16263.3,409.376,0.998589
71.99,4.3091e+06,601658,4.65502e+06,-274.798,-197.92,282.548,-0.875423,-0.177442,0.120018,-0.433294,4.32013e+06,606848,4.64418e+06,-7.62596,-32.083,19.5419,1,0,0,0,16304.1,409.945,1.00897
72.09,4.30907e+06,601638,4.65504e+06,-275.505,-198.372,282.737,-0.873311,-0.177084,0.120051,-0.437672,4.32013e+06,606845,4.64419e+06,-7.85261,-32.0381,19.6366,1,0,0,0,16345,410.52,1.01768
72.19,4.30905e+06,601618,4.65507e+06,-275.508,-198.726,283.687,-0.870998,-0.176974,0.12089,-0.442074,4.32012e+06,606842,4.64419e+06,-8.07937,-31.9923,19.7304,1,0,0,0,16385.9,411.086,1.02713
72.29,4.30902e+06,601598,4.6551e+06,-275.884,-199.133,284.233,-0.868658,-0.176853,0.121682,-0.446486,4.32012e+06,606839,4.64419e+06,-8.30623,-31.9458,19.8235,1,0,0,0,16426.8,411.658,1.03662
72.39,4.30899e+06,601578,4.65513e+06,-274.651,-199.316,286.516,-0.866163,-0.176743,0.122437,-0.451146,4.32012e+06,606836,4.64419e+06,-8.53318,-31.8985,19.9157,1,0,0,0,16467.9,412.217,1.04665
72.49,4.30896e+06,601558,4.65516e+06,-274.589,-199.663,287.531,-0.863691,-0.176617,0.123183,-0.455709,4.32012e+06,606832,4.64419e+06,-8.7602,-31.8505,20.0071,1,0,0,0,16509,412.79,1.0565
72.59,4.30894e+06,601538,4.65519e+06,-275.768,-200.183,287.208,-0.861398,-0.176451,0.124002,-0.459872,4.32012e+06,606829,4.6442e+06,-8.9873,-31.8018,20.0977,1,0,0,0,16550.1,413.367,1.06556
72.69,4.30891e+06,601518,4.65522e+06,-276.117,-200.589,287.778,-0.858863,-0.176312,0.124732,-0.464446,4.32012e+06,606826,4.6442e+06,-9.21445,-31.7522,20.1875,1,0,0,0,16591.3,413.941,1.0755
72.79,4.30888e+06,601498,4.65525e+06,-277.691,-201.164,287.031,-0.856869,-0.176003,0.125643,-0.467987,4.32012e+06,606823,4.6442e+06,-9.44166,-31.7019,20.2764,1,0,0,0,16632.5,414.527,1.08326
72.89,4.30885e+06,601478,4.65527e+06,-278.423,-201.623,287.188,-0.85444,-0.175781,0.126402,-0.472287,4.32012e+06,606820,4.6442e+06,-9.6689,-31.6509,20.3646,1,0,0,0,16673.8,415.107,1.09265
72.99,4.30883e+06,601458,4.6553e+06,-278.621,-202.011,287.911,-0.851413,-0.175718,0.126898,-0.477615,4.32012e+06,606817,4.6442e+06,-9.89617,-31.5991,20.452,1,0,0,0,16715.1,415.677,1.10425
73.09,4.3088e+06,601438,4.65533e+06,-279.323,-202.467,288.098,-0.848843,-0.175032,0.128228,-0.482065,4.32012e+06,606813,4.64421e+06,-10.1235,-31.5466,20.5385,1,0,0,0,16756.5,416.258,1.11401
73.19,4.30877e+06,601418,4.65536e+06,-279.421,-202.839,288.939,-0.846323,-0.174787,0.128914,-0.486383,4.32012e+06,606810,4.64421e+06,-10.3508,-31.4933,20.6243,1,0,0,0,16798,416.834,1.12351
73.29,4.30874e+06,601397,4.65539e+06,-280.156,-203.3,289.09,-0.843803,-0.17453,0.129599,-0.490653,4.32011e+06,606807,4.64421e+06,-10.5781,-31.4392,20.7093,1,0,0,0,16839.5,417.416,1.13293
73.39,4.30871e+06,601377,4.65542e+06,-280.379,-203.69,289.793,-0.841213,-0.174302,0.130256,-0.494988,4.32011e+06,606804,4.64421e+06,-10.8054,-31.3844,20.7934,1,0,0,0,16881.1,417.995,1.14255
73.49,4.30869e+06,601357,4.65545e+06,-280.625,-204.084,290.47,-0.838596,-0.174019,0.130865,-0.499348,4.32011e+06,606801,4.64422e+06,-11.0326,-31.3289,20.8768,1,0,0,0,16922.7,418.575,1.15219
73.59,4.30866e+06,601336,4.65548e+06,-282.865,-204.755,288.995,-0.836349,-0.173635,0.131614,-0.50304,4.32011e+06,606798,4.64422e+06,-11.2599,-31.2726,20.9594,1,0,0,0,16964.4,419.176,1.16042
73.69,4.30863e+06,601316,4.65551e+06,-283.607,-205.219,289.135,-0.833774,-0.173294,0.132239,-0.507251,4.32011e+06,606795,4.64422e+06,-11.4871,-31.2155,21.0413,1,0,0,0,17006.1,419.763,1.16978
73.79,4.3086e+06,601295,4.65554e+06,-283.605,-205.579,290.074,-0.830766,-0.173024,0.132706,-0.512132,4.32011e+06,606791,4.64422e+06,-11.7142,-31.1577,21.1223,1,0,0,0,17047.9,420.336,1.18063
73.89,4.30857e+06,601275,4.65557e+06,-283.464,-205.921,291.158,-0.827415,-0.172844,0.133037,-0.517505,4.32011e+06,606788,4.64422e+06,-11.9413,-31.0992,21.2025,1,0,0,0,17089.8,420.907,1.19262
73.99,4.30855e+06,601254,4.65559e+06,-283.896,-206.343,291.625,-0.824427,-0.172547,0.1335,-0.522231,4.32011e+06,606785,4.64423e+06,-12.1683,-31.0399,21.282,1,0,0,0,17131.7,421.488,1.20321
74.09,4.30852e+06,601233,4.65562e+06,-284.592,-206.799,291.812,-0.821674,-0.171334,0.134644,-0.526657,4.3201e+06,606782,4.64423e+06,-12.3953,-30.9799,21.3607,1,0,0,0,17173.7,422.075,1.21291
74.19,4.30849e+06,601213,4.65565e+06,-287.087,-207.507,290.053,-0.819013,-0.170869,0.135218,-0.53079,4.3201e+06,606779,4.64423e+06,-12.6221,-30.9191,21.4387,1,0,0,0,17215.7,422.692,1.22222
74.29,4.30846e+06,601192,4.65568e+06,-286.333,-207.762,291.806,-0.816225,-0.170447,0.135757,-0.535066,4.3201e+06,606776,4.64423e+06,-12.8488,-30.8576,21.5158,1,0,0,0,17257.8,423.256,1.2319
74.39,4.30843e+06,601171,4.65571e+06,-286.769,-208.182,292.272,-0.813484,-0.17001,0.136284,-0.539229,4.3201e+06,606773,4.64423e+06,-13.0755,-30.7953,21.5922,1,0,0,0,17299.9,423.842,1.24136
74.49,4.3084e+06,601150,4.65574e+06,-288.456,-208.777,291.386,-0.810864,-0.169522,0.136832,-0.543175,4.3201e+06,606770,4.64424e+06,-13.302,-30.7323,21.6679,1,0,0,0,17342.1,424.45,1.25034
74.59,4.30837e+06,601129,4.65577e+06,-289.297,-209.254,291.414,-0.808123,-0.169036,0.137367,-0.547261,4.3201e+06,606767,4.64424e+06,-13.5283,-30.6686,21.7428,1,0,0,0,17384.3,425.045,1.25968
74.69,4.30835e+06,601108,4.6558e+06,-288.384,-209.487,293.33,-0.80469,-0.168698,0.137643,-0.552331,4.3201e+06,606764,4.64424e+06,-13.7546,-30.6041,21.8169,1,0,0,0,17426.6,425.605,1.27129
74.79,4.30832e+06,601088,4.65583e+06,-288.829,-209.909,293.781,-0.801719,-0.16823,0.138074,-0.55667,4.3201e+06,606761,4.64424e+06,-13.9806,-30.5389,21.8903,1,0,0,0,17469,426.192,1.28126
74.89,4.30829e+06,601067,4.65586e+06,-289.312,-210.335,294.19,-0.798714,-0.167753,0.138467,-0.561019,4.32009e+06,606758,4.64425e+06,-14.2066,-30.4729,21.9629,1,0,0,0,17511.4,426.78,1.29128
74.99,4.30826e+06,601046,4.65589e+06,-288.906,-210.642,295.541,-0.794367,-0.167574,0.138483,-0.567205,4.32009e+06,606755,4.64425e+06,-14.4323,-30.4062,22.0348,1,0,0,0,17553.9,427.348,1.30566
75.09,4.30823e+06,601025,4.65592e+06,-289.595,-211.097,295.728,-0.79136,-0.166141,0.139769,-0.571499,4.32009e+06,606751,4.64425e+06,-14.6578,-30.3388,22.1059,1,0,0,0,17596.4,427.941,1.31553
75.19,4.3082e+06,601003,4.65595e+06,-291.539,-211.726,294.559,-0.788487,-0.165547,0.140204,-0.575522,4.32009e+06,606748,4.64425e+06,-14.8832,-30.2706,22.1763,1,0,0,0,17639,428.552,1.3249
75.29,4.30817e+06,600982,4.65598e+06,-289.526,-211.803,297.664,-0.785448,-0.164983,0.140601,-0.579727,4.32009e+06,606745,4.64425e+06,-15.1084,-30.2017,22.246,1,0,0,0,17681.7,429.115,1.33475
75.39,4.30814e+06,600961,4.65601e+06,-290.441,-212.288,297.606,-0.78253,-0.164328,0.14104,-0.583738,4.32009e+06,606742,4.64426e+06,-15.3333,-30.1321,22.3149,1,0,0,0,17724.4,429.71,1.34415
75.49,4.30812e+06,600940,4.65604e+06,-290.703,-212.682,298.253,-0.779548,-0.163672,0.14142,-0.587807,4.32009e+06,606739,4.64426e+06,-15.558,-30.0617,22.3831,1,0,0,0,17767.2,430.301,1.35371
75.59,4.30809e+06,600919,4.65607e+06,-291.188,-213.107,298.658,-0.776541,-0.163037,0.141823,-0.591852,4.32008e+06,606736,4.64426e+06,-15.7825,-29.9906,22.4506,1,0,0,0,17810,430.894,1.36328
75.69,4.30806e+06,600897,4.6561e+06,-293.01,-213.716,297.623,-0.774055,-0.162227,0.142374,-0.59519,4.32008e+06,606733,4.64426e+06,-16.0067,-29.9188,22.5174,1,0,0,0,17852.8,431.503,1.37115
75.79,4.30803e+06,600876,4.65613e+06,-294.475,-214.275,296.974,-0.771576,-0.161395,0.1429,-0.5985,4.32008e+06,606730,4.64427e+06,-16.2307,-29.8462,22.5834,1,0,0,0,17895.8,432.116,1.37896
75.89,4.308e+06,600854,4.65616e+06,-294.35,-214.615,298.03,-0.767784,-0.160848,0.14305,-0.603467,4.32008e+06,606727,4.64427e+06,-16.4544,-29.773,22.6488,1,0,0,0,17938.8,432.698,1.39084
75.99,4.30797e+06,600833,4.65619e+06,-295.042,-215.066,298.211,-0.764758,-0.160102,0.143433,-0.607403,4.32008e+06,606724,4.64427e+06,-16.6778,-29.699,22.7134,1,0,0,0,17981.8,433.297,1.40026
76.09,4.30794e+06,600811,4.65622e+06,-295.727,-215.515,298.4,-0.761579,-0.158904,0.144511,-0.611444,4.32008e+06,606721,4.64427e+06,-16.9009,-29.6242,22.7773,1,0,0,0,18024.9,433.898,1.4101
76.19,4.30791e+06,600790,4.65625e+06,-295.146,-215.788,299.958,-0.758496,-0.158109,0.14485,-0.615389,4.32007e+06,606719,4.64427e+06,-17.1237,-29.5488,22.8405,1,0,0,0,18068.1,434.483,1.41959
76.29,4.30788e+06,600768,4.65628e+06,-296.19,-216.286,299.759,-0.755433,-0.15731,0.145216,-0.619263,4.32007e+06,606716,4.64428e+06,-17.3463,-29.4726,22.9031,1,0,0,0,18111.3,435.089,1.42896
76.39,4.30785e+06,600747,4.65631e+06,-296.018,-216.614,300.874,-0.752246,-0.156531,0.145511,-0.623257,4.32007e+06,606713,4.64428e+06,-17.5685,-29.3957,22.9649,1,0,0,0,18154.6,435.681,1.43866
76.49,4.30782e+06,600725,4.65634e+06,-298.11,-217.256,299.543,-0.749377,-0.155618,0.145929,-0.626835,4.32007e+06,606710,4.64428e+06,-17.7903,-29.3181,23.026,1,0,0,0,18197.9,436.304,1.44735
76.59,4.30779e+06,600703,4.65637e+06,-299.618,-217.817,298.844,-0.746486,-0.154694,0.146323,-0.630411,4.32007e+06,606707,4.64428e+06,-18.0119,-29.2397,23.0864,1,0,0,0,18241.3,436.927,1.45606
76.69,4.30776e+06,600681,4.6564e+06,-298.627,-218.029,300.838,-0.742629,-0.153962,0.146423,-0.635106,4.32007e+06,606704,4.64429e+06,-18.233,-29.1607,23.1462,1,0,0,0,18284.8,437.499,1.46762
76.79,4.30773e+06,600660,4.65643e+06,-298.759,-218.397,301.621,-0.739099,-0.153162,0.146611,-0.639359,4.32006e+06,606701,4.64429e+06,-18.4539,-29.0809,23.2053,1,0,0,0,18328.3,438.095,1.47813
76.89,4.3077e+06,600638,4.65646e+06,-299.202,-218.807,302.068,-0.735679,-0.152281,0.146834,-0.643449,4.32006e+06,606698,4.64429e+06,-18.6743,-29.0004,23.2637,1,0,0,0,18371.9,438.696,1.48826
76.99,4.30767e+06,600616,4.65649e+06,-299.625,-219.214,302.534,-0.732113,-0.15142,0.147022,-0.647663,4.32006e+06,606695,4.64429e+06,-18.8943,-28.9192,23.3214,1,0,0,0,18415.5,439.297,1.49875
77.09,4.30764e+06,600594,4.65652e+06,-300.304,-219.657,302.726,-0.72885,-0.151678,0.147583,-0.651146,4.32006e+06,606692,4.6443e+06,-19.114,-28.8373,23.3785,1,0,0,0,18459.2,439.904,1.50831
77.19,4.30761e+06,600572,4.65655e+06,-300.989,-220.1,302.912,-0.72566,-0.150692,0.147852,-0.654866,4.32006e+06,606689,4.6443e+06,-19.3333,-28.7547,23.4349,1,0,0,0,18502.9,440.511,1.51761
77.29,4.30758e+06,600550,4.65658e+06,-299.236,-220.202,305.733,-0.722301,-0.149698,0.148062,-0.658749,4.32005e+06,606687,4.6443e+06,-19.5521,-28.6714,23.4906,1,0,0,0,18546.7,441.098,1.52735
77.39,4.30755e+06,600528,4.65661e+06,-301.421,-220.852,304.298,-0.719212,-0.148632,0.148371,-0.66229,4.32005e+06,606684,4.6443e+06,-19.7705,-28.5873,23.5457,1,0,0,0,18590.6,441.718,1.53626
77.49,4.30752e+06,600506,4.65664e+06,-301.063,-221.147,305.611,-0.715778,-0.147649,0.148591,-0.66617,4.32005e+06,606681,4.6443e+06,-19.9885,-28.5026,23.6001,1,0,0,0,18634.5,442.317,1.54612
77.59,4.30749e+06,600484,4.65667e+06,-302.008,-221.622,305.517,-0.712571,-0.146578,0.148879,-0.66977,4.32005e+06,606678,4.64431e+06,-20.206,-28.4171,23.6539,1,0,0,0,18678.5,442.93,1.55528
77.69,4.30746e+06,600462,4.6567e+06,-302.229,-221.995,306.204,-0.709084,-0.145547,0.149075,-0.673642,4.32005e+06,606675,4.64431e+06,-20.4231,-28.331,23.707,1,0,0,0,18722.6,443.536,1.5652
77.79,4.30743e+06,600439,4.65673e+06,-302.866,-222.425,306.442,-0.705735,-0.144427,0.149339,-0.67733,4.32004e+06,606672,4.64431e+06,-20.6397,-28.2441,23.7595,1,0,0,0,18766.6,444.148,1.57467
77.89,4.3074e+06,600417,4.65676e+06,-302.979,-222.782,307.241,-0.701831,-0.143441,0.149439,-0.681562,4.32004e+06,606669,4.64431e+06,-20.8559,-28.1566,23.8114,1,0,0,0,18810.8,444.753,1.58566
77.99,4.30737e+06,600395,4.6568e+06,-303.003,-223.126,308.133,-0.697454,-0.142566,0.14948,-0.686213,4.32004e+06,606667,4.64432e+06,-21.0715,-28.0683,23.8626,1,0,0,0,18855,445.357,1.59791
78.09,4.30734e+06,600373,4.65683e+06,-303.679,-223.556,308.329,-0.694394,-0.141,0.14832,-0.689882,4.32004e+06,606664,4.64432e+06,-21.2866,-27.9793,23.9132,1,0,0,0,18899.3,445.969,1.60644
78.19,4.30731e+06,600350,4.65686e+06,-305.234,-224.108,307.575,-0.691038,-0.139849,0.148564,-0.693425,4.32004e+06,606661,4.64432e+06,-21.5013,-27.8897,23.9632,1,0,0,0,18943.6,446.589,1.61575
78.29,4.30728e+06,600328,4.65689e+06,-307.377,-224.74,306.186,-0.687732,-0.138668,0.148783,-0.696893,4.32003e+06,606658,4.64432e+06,-21.7154,-27.7993,24.0126,1,0,0,0,18988,447.225,1.62487
78.39,4.30725e+06,600305,4.65692e+06,-307.144,-225.04,307.366,-0.684265,-0.137476,0.148939,-0.700499,4.32003e+06,606655,4.64433e+06,-21.929,-27.7083,24.0613,1,0,0,0,19032.5,447.827,1.6344
78.49,4.30722e+06,600283,4.65695e+06,-307.6,-225.434,307.802,-0.680825,-0.136254,0.149136,-0.704039,4.32003e+06,606653,4.64433e+06,-22.142,-27.6166,24.1095,1,0,0,0,19077,448.441,1.64382
78.59,4.30719e+06,600260,4.65698e+06,-308.262,-225.855,308.015,-0.677392,-0.135013,0.149308,-0.707544,4.32003e+06,606650,4.64433e+06,-22.3545,-27.5242,24.157,1,0,0,0,19121.5,449.059,1.65317
78.69,4.30716e+06,600238,4.65701e+06,-306.942,-226.001,310.366,-0.673014,-0.133958,0.149338,-0.711903,4.32002e+06,606647,4.64433e+06,-22.5664,-27.431,24.2039,1,0,0,0,19166.2,449.653,1.66504
78.79,4.30713e+06,600215,4.65704e+06,-306.556,-226.275,311.707,-0.668792,-0.132861,0.149389,-0.716064,4.32002e+06,606644,4.64434e+06,-22.7778,-27.3372,24.2503,1,0,0,0,19210.9,450.264,1.67643
78.89,4.3071e+06,600192,4.65707e+06,-307.219,-226.693,311.921,-0.665299,-0.131572,0.149576,-0.719509,4.32002e+06,606642,4.64434e+06,-22.9886,-27.2428,24.296,1,0,0,0,19255.6,450.883,1.6858
78.99,4.30707e+06,600170,4.65711e+06,-308.215,-227.156,311.779,-0.66232,-0.130162,0.149893,-0.722442,4.32002e+06,606639,4.64434e+06,-23.1987,-27.1476,24.3412,1,0,0,0,19300.4,451.507,1.69377
79.09,4.30704e+06,600147,4.65714e+06,-308.891,-227.572,311.98,-0.659,-0.129024,0.149232,-0.725811,4.32002e+06,606636,4.64434e+06,-23.4083,-27.0517,24.3857,1,0,0,0,19345.3,452.127,1.70262
79.19,4.30701e+06,600124,4.65717e+06,-309.085,-227.92,312.702,-0.65546,-0.127692,0.149414,-0.729207,4.32001e+06,606634,4.64435e+06,-23.6173,-26.9552,24.4297,1,0,0,0,19390.2,452.746,1.71201
79.29,4.30697e+06,600101,4.6572e+06,-313.839,-228.902,308.495,-0.652176,-0.126298,0.149641,-0.732341,4.32001e+06,606631,4.64435e+06,-23.8256,-26.858,24.4731,1,0,0,0,19435.2,453.429,1.72069
79.39,4.30694e+06,600078,4.65723e+06,-311.207,-228.853,312.274,-0.648249,-0.125038,0.149772,-0.736008,4.32001e+06,606628,4.64435e+06,-24.0333,-26.7601,24.516,1,0,0,0,19480.3,453.999,1.73103
79.49,4.30691e+06,600056,4.65726e+06,-310.942,-229.133,313.495,-0.644527,-0.123691,0.14992,-0.739465,4.32001e+06,606626,4.64435e+06,-24.2404,-26.6616,24.5583,1,0,0,0,19525.4,454.617,1.74078
79.59,4.30688e+06,600033,4.65729e+06,-311.291,-229.497,314.053,-0.64085,-0.122311,0.150103,-0.742846,4.32e+06,606623,4.64436e+06,-24.4468,-26.5623,24.6,1,0,0,0,19570.6,455.241,1.75038
79.69,4.30685e+06,600010,4.65732e+06,-310.861,-229.751,315.452,-0.636727,-0.120987,0.150195,-0.74658,4.32e+06,606620,4.64436e+06,-24.6526,-26.4624,24.6411,1,0,0,0,19615.8,455.864,1.7611
79.79,4.30682e+06,599987,4.65736e+06,-311.279,-230.121,315.936,-0.632926,-0.11956,0.150349,-0.750003,4.32e+06,606618,4.64436e+06,-24.8576,-26.3619,24.6817,1,0,0,0,19661.1,456.491,1.77094
79.89,4.30679e+06,599964,4.65739e+06,-311.762,-230.499,316.351,-0.629074,-0.118175,0.150494,-0.753427,4.32e+06,606615,4.64436e+06,-25.062,-26.2606,24.7218,1,0,0,0,19706.5,457.119,1.78087
79.99,4.30676e+06,599941,4.65742e+06,-312.971,-230.975,315.991,-0.626299,-0.116525,0.150805,-0.755929,4.31999e+06,606612,4.64437e+06,-25.2657,-26.1587,24.7613,1,0,0,0,19751.9,457.754,1.788
80.09,4.30672e+06,599917,4.65745e+06,-313.652,-231.378,316.196,-0.622655,-0.115165,0.150998,-0.759103,4.31999e+06,606610,4.64437e+06,-25.4687,-26.0561,24.8003,1,0,0,0,19797.4,458.386,1.79733
80.19,4.30669e+06,599894,4.65748e+06,-314.094,-231.745,316.661,-0.618984,-0.113663,0.151187,-0.762287,4.31999e+06,606607,4.64437e+06,-25.671,-25.9529,24.8387,1,0,0,0,19842.9,459.019,1.8067
80.29,4.30666e+06,599871,4.65751e+06,-312.09,-231.771,319.772,-0.615151,-0.112155,0.151314,-0.765582,4.31999e+06,606605,4.64437e+06,-25.8725,-25.849,24.8766,1,0,0,0,19888.5,459.66,1.81644
80.39,4.30663e+06,599848,4.65755e+06,-313.806,-232.313,318.862,-0.611591,-0.110609,0.15148,-0.76862,4.31998e+06,606602,4.64438e+06,-26.0733,-25.7444,24.914,1,0,0,0,19934.2,460.289,1.82545
80.49,4.3066e+06,599825,4.65758e+06,-315.399,-232.836,318.088,-0.608071,-0.10904,0.151674,-0.771592,4.31998e+06,606599,4.64438e+06,-26.2734,-25.6392,24.9508,1,0,0,0,19979.9,460.926,1.83434
80.59,4.30657e+06,599801,4.65761e+06,-317.559,-233.436,316.702,-0.604765,-0.107386,0.151899,-0.774374,4.31998e+06,606597,4.64438e+06,-26.4727,-25.5334,24.9872,1,0,0,0,20025.7,461.576,1.84265
80.69,4.30653e+06,599778,4.65764e+06,-318.789,-233.906,316.323,-0.601298,-0.105769,0.152074,-0.777256,4.31997e+06,606594,4.64438e+06,-26.6713,-25.4268,25.023,1,0,0,0,20071.5,462.225,1.85134
80.79,4.3065e+06,599754,4.65767e+06,-318.897,-234.218,317.157,-0.597118,-0.10429,0.152168,-0.780653,4.31997e+06,606592,4.64439e+06,-26.869,-25.3197,25.0583,1,0,0,0,20117.4,462.861,1.86179
80.89,4.30647e+06,599731,4.65771e+06,-317.784,-234.361,319.299,-0.591397,-0.103082,0.152075,-0.785173,4.31997e+06,606589,4.64439e+06,-27.066,-25.2119,25.0931,1,0,0,0,20163.4,463.484,1.87601
80.99,4.30644e+06,599708,4.65774e+06,-318.91,-234.81,319.041,-0.588302,-0.101349,0.152293,-0.787678,4.31997e+06,606587,4.64439e+06,-27.2622,-25.1034,25.1274,1,0,0,0,20209.5,464.134,1.88368
81.09,4.30641e+06,599684,4.65777e+06,-319.6,-235.198,319.25,-0.584538,-0.0994551,0.152186,-0.790736,4.31996e+06,606584,4.64439e+06,-27.4576,-24.9943,25.1612,1,0,0,0,20255.6,464.78,1.89297
81.19,4.30638e+06,599661,4.6578e+06,-319.44,-235.465,320.381,-0.58072,-0.0978193,0.152353,-0.793716,4.31996e+06,606582,4.6444e+06,-27.6522,-24.8845,25.1946,1,0,0,0,20301.7,465.423,1.90237
81.29,4.30634e+06,599637,4.65783e+06,-320.676,-235.926,320.002,-0.576923,-0.0961719,0.152504,-0.796651,4.31996e+06,606579,4.6444e+06,-27.8459,-24.7741,25.2274,1,0,0,0,20348,466.076,1.91168
81.39,4.30631e+06,599613,4.65786e+06,-323.058,-236.544,318.387,-0.573257,-0.0945049,0.152666,-0.799461,4.31996e+06,606577,4.6444e+06,-28.0389,-24.6631,25.2598,1,0,0,0,20394.2,466.748,1.92064
81.49,4.30628e+06,599590,4.6579e+06,-323.595,-236.904,318.769,-0.569376,-0.0928588,0.152823,-0.802392,4.31995e+06,606574,4.6444e+06,-28.2309,-24.5514,25.2916,1,0,0,0,20440.6,467.4,1.9301
81.59,4.30625e+06,599566,4.65793e+06,-323.086,-237.117,320.283,-0.565176,-0.091221,0.152919,-0.805525,4.31995e+06,606572,4.64441e+06,-28.4221,-24.4391,25.323,1,0,0,0,20487,468.038,1.9403
81.69,4.30622e+06,599542,4.65796e+06,-322.218,-237.279,322.184,-0.560603,-0.0896828,0.15299,-0.808873,4.31995e+06,606569,4.64441e+06,-28.6125,-24.3262,25.354,1,0,0,0,20533.5,468.68,1.95136
81.79,4.30618e+06,599519,4.65799e+06,-322.987,-237.667,322.319,-0.556764,-0.0879696,0.153149,-0.811677,4.31994e+06,606567,4.64441e+06,-28.802,-24.2126,25.3844,1,0,0,0,20580.1,469.338,1.96062
81.89,4.30615e+06,599495,4.65803e+06,-324.424,-238.145,321.739,-0.553666,-0.0861114,0.153379,-0.813949,4.31994e+06,606565,4.64441e+06,-28.9906,-24.0984,25.4144,1,0,0,0,20626.7,470.005,1.96807
81.99,4.30612e+06,599471,4.65806e+06,-324.673,-238.458,322.436,-0.549044,-0.0845416,0.153458,-0.817224,4.31994e+06,606562,4.64442e+06,-29.1783,-23.9836,25.444,1,0,0,0,20673.4,470.66,1.97915
82.09,4.30609e+06,599447,4.65809e+06,-325.374,-238.831,322.649,-0.545315,-0.0835078,0.152593,-0.819984,4.31994e+06,606560,4.64442e+06,-29.3651,-23.8682,25.4731,1,0,0,0,20720.1,471.321,1.98806
82.19,4.30605e+06,599423,4.65812e+06,-327.498,-239.401,321.324,-0.541389,-0.0818086,0.152759,-0.822721,4.31993e+06,606557,4.64442e+06,-29.551,-23.7521,25.5018,1,0,0,0,20766.9,472.004,1.99742
82.29,4.30602e+06,599399,4.65816e+06,-327.272,-239.642,322.544,-0.53738,-0.0800818,0.152882,-0.825492,4.31993e+06,606555,4.64442e+06,-29.736,-23.6354,25.53,1,0,0,0,20813.8,472.656,2.00694
82.39,4.30599e+06,599375,4.65819e+06,-329.429,-240.213,321.186,-0.533573,-0.0782953,0.153068,-0.828094,4.31993e+06,606553,4.64443e+06,-29.92,-23.5181,25.5578,1,0,0,0,20860.7,473.348,2.01595
82.49,4.30596e+06,599352,4.65822e+06,-327.154,-240.166,324.624,-0.529092,-0.0766285,0.153168,-0.831101,4.31992e+06,606550,4.64443e+06,-30.1031,-23.4002,25.5851,1,0,0,0,20907.7,473.974,2.02653
82.59,4.30592e+06,599327,4.65825e+06,-328.775,-240.66,323.853,-0.525331,-0.0748119,0.153348,-0.833616,4.31992e+06,606548,4.64443e+06,-30.2853,-23.2817,25.612,1,0,0,0,20954.8,474.654,2.03538
82.69,4.30589e+06,599303,4.65828e+06,-329.37,-241.009,324.191,-0.521264,-0.0730723,0.153512,-0.836289,4.31992e+06,606546,4.64443e+06,-30.4665,-23.1625,25.6385,1,0,0,0,21001.9,475.325,2.04493
82.79,4.30586e+06,599279,4.65832e+06,-330.224,-241.393,324.252,-0.517371,-0.0712642,0.153678,-0.838828,4.31991e+06,606543,4.64444e+06,-30.6467,-23.0428,25.6646,1,0,0,0,21049.1,476.002,2.05404
82.89,4.30583e+06,599255,4.65835e+06,-330.044,-241.633,325.427,-0.512399,-0.06965,0.153768,-0.841993,4.31991e+06,606541,4.64444e+06,-30.826,-22.9224,25.6902,1,0,0,0,21096.4,476.663,2.06564
82.99,4.30579e+06,599231,4.65838e+06,-330.672,-241.983,325.734,-0.508231,-0.0678926,0.153937,-0.844627,4.31991e+06,606539,4.64444e+06,-31.0043,-22.8015,25.7155,1,0,0,0,21143.7,477.339,2.07533
83.09,4.30576e+06,599207,4.65842e+06,-331.382,-242.342,325.951,-0.504785,-0.0685211,0.151275,-0.84712,4.31991e+06,606537,4.64444e+06,-31.1816,-22.6799,25.7403,1,0,0,0,21191.1,478.015,2.08333
83.19,4.30573e+06,599183,4.65845e+06,-332.103,-242.701,326.156,-0.500712,-0.0667255,0.151458,-0.849644,4.3199e+06,606534,4.64445e+06,-31.3579,-22.5578,25.7647,1,0,0,0,21238.6,478.691,2.09275
83.29,4.30569e+06,599158,4.65848e+06,-336.711,-243.599,322.159,-0.496868,-0.0648698,0.151635,-0.85201,4.3199e+06,606532,4.64445e+06,-31.5331,-22.435,25.7888,1,0,0,0,21286.1,479.46,2.10162
83.39,4.30566e+06,599134,4.65851e+06,-336.413,-243.813,323.472,-0.492673,-0.06308,0.151783,-0.85455,4.3199e+06,606530,4.64445e+06,-31.7074,-22.3117,25.8124,1,0,0,0,21333.7,480.113,2.11128
83.49,4.30563e+06,599109,4.65855e+06,-337.191,-244.175,323.62,-0.488574,-0.0612894,0.151982,-0.856995,4.31989e+06,606528,4.64445e+06,-31.8806,-22.1878,25.8357,1,0,0,0,21381.3,480.8,2.12068
83.59,4.30559e+06,599085,4.65858e+06,-334.966,-244.12,327.018,-0.483651,-0.0596095,0.152115,-0.859877,4.31989e+06,606525,4.64446e+06,-32.0528,-22.0632,25.8585,1,0,0,0,21429.1,481.418,2.13195
83.69,4.30556e+06,599061,4.65861e+06,-334.771,-244.345,328.224,-0.479114,-0.0578428,0.152278,-0.862505,4.31989e+06,606523,4.64446e+06,-32.2239,-21.9381,25.881,1,0,0,0,21476.9,482.09,2.1423
83.79,4.30553e+06,599036,4.65865e+06,-334.735,-244.592,329.258,-0.47443,-0.0561109,0.152416,-0.86518,4.31988e+06,606521,4.64446e+06,-32.394,-21.8124,25.9031,1,0,0,0,21524.8,482.768,2.15296
83.89,4.30549e+06,599012,4.65868e+06,-334.401,-244.797,330.611,-0.469193,-0.0544904,0.152551,-0.868111,4.31988e+06,606519,4.64446e+06,-32.563,-21.6862,25.9248,1,0,0,0,21572.7,483.445,2.16484
83.99,4.30546e+06,598988,4.65871e+06,-335.691,-245.223,330.222,-0.465867,-0.0524943,0.152752,-0.869988,4.31988e+06,606517,4.64447e+06,-32.731,-21.5593,25.9462,1,0,0,0,21620.7,484.142,2.17236
84.09,4.30543e+06,598963,4.65875e+06,-336.416,-245.573,330.44,-0.461694,-0.0515566,0.153751,-0.87209,4.31987e+06,606514,4.64447e+06,-32.8979,-21.4319,25.9672,1,0,0,0,21668.8,484.836,2.18178
84.19,4.30539e+06,598938,4.65878e+06,-337.833,-246.019,329.911,-0.457514,-0.0497278,0.153924,-0.874366,4.31987e+06,606512,4.64447e+06,-33.0636,-21.3039,25.9879,1,0,0,0,21717,485.541,2.1912
84.29,4.30536e+06,598914,4.65881e+06,-338.384,-246.343,330.32,-0.453284,-0.0478946,0.154096,-0.876638,4.31987e+06,606510,4.64447e+06,-33.2283,-21.1753,26.0081,1,0,0,0,21765.2,486.237,2.2007
84.39,4.30533e+06,598889,4.65884e+06,-339.398,-246.73,330.232,-0.449067,-0.0460476,0.154288,-0.878871,4.31986e+06,606508,4.64448e+06,-33.3919,-21.0462,26.0281,1,0,0,0,21813.4,486.942,2.21015
84.49,4.30529e+06,598864,4.65888e+06,-339.507,-246.989,331.124,-0.444713,-0.0442367,0.154464,-0.881144,4.31986e+06,606506,4.64448e+06,-33.5543,-20.9165,26.0476,1,0,0,0,21861.8,487.635,2.21988
84.59,4.30526e+06,598840,4.65891e+06,-339.179,-247.188,332.49,-0.440194,-0.042446,0.154655,-0.883464,4.31986e+06,606504,4.64448e+06,-33.7157,-20.7862,26.0669,1,0,0,0,21910.2,488.325,2.22996
84.69,4.30522e+06,598815,4.65894e+06,-340.109,-247.56,332.499,-0.435986,-0.0405805,0.154882,-0.885596,4.31985e+06,606502,4.64448e+06,-33.8759,-20.6554,26.0858,1,0,0,0,21958.7,489.033,2.23933
84.79,4.30519e+06,598790,4.65898e+06,-339.318,-247.694,334.367,-0.430697,-0.0388796,0.155053,-0.888227,4.31985e+06,606500,4.64449e+06,-34.0349,-20.524,26.1043,1,0,0,0,22007.3,489.724,2.25106
84.89,4.30516e+06,598766,4.65901e+06,-339.524,-247.964,335.16,-0.425898,-0.0371499,0.155219,-0.890583,4.31985e+06,606498,4.64449e+06,-34.1929,-20.3921,26.1226,1,0,0,0,22055.9,490.428,2.26168
84.99,4.30512e+06,598741,4.65905e+06,-340.881,-248.391,334.716,-0.422491,-0.0351759,0.155437,-0.892246,4.31984e+06,606496,4.64449e+06,-34.3496,-20.2596,26.1405,1,0,0,0,22104.6,491.146,2.26921
85.09,4.30509e+06,598716,4.65908e+06,-341.625,-248.735,334.934,-0.418109,-0.0333265,0.156487,-0.894196,4.31984e+06,606494,4.6445e+06,-34.5052,-20.1266,26.1581,1,0,0,0,22153.4,491.86,2.27887
85.19,4.30506e+06,598691,4.65911e+06,-342.615,-249.112,334.887,-0.413792,-0.0315129,0.156703,-0.89623,4.31984e+06,606492,4.6445e+06,-34.6597,-19.993,26.1753,1,0,0,0,22202.2,492.58,2.28836
85.29,4.30502e+06,598666,4.65915e+06,-343.939,-249.535,334.481,-0.409537,-0.0296559,0.156858,-0.898218,4.31983e+06,606490,4.6445e+06,-34.8129,-19.8589,26.1922,1,0,0,0,22251.1,493.307,2.2977
85.39,4.30499e+06,598641,4.65918e+06,-344.223,-249.811,335.203,-0.405162,-0.02781,0.157039,-0.900227,4.31983e+06,606488,4.6445e+06,-34.965,-19.7242,26.2089,1,0,0,0,22300.1,494.022,2.30728
85.49,4.30495e+06,598616,4.65921e+06,-346.34,-250.342,333.943,-0.401069,-0.0258914,0.157244,-0.902079,4.31983e+06,606486,4.64451e+06,-35.1158,-19.589,26.2252,1,0,0,0,22349.1,494.77,2.31622
85.59,4.30492e+06,598591,4.65925e+06,-345.729,-250.494,335.637,-0.396343,-0.0241288,0.157408,-0.904186,4.31982e+06,606484,4.64451e+06,-35.2655,-19.4533,26.2412,1,0,0,0,22398.3,495.472,2.32653
85.69,4.30488e+06,598566,4.65928e+06,-345.903,-250.753,336.483,-0.391725,-0.0223291,0.157607,-0.906208,4.31982e+06,606482,4.64451e+06,-35.4139,-19.317,26.2569,1,0,0,0,22447.5,496.192,2.33658
85.79,4.30485e+06,598541,4.65932e+06,-346.176,-251.026,337.223,-0.387022,-0.0205265,0.157798,-0.908236,4.31982e+06,606480,4.64451e+06,-35.5612,-19.1802,26.2723,1,0,0,0,22496.8,496.915,2.34679
85.89,4.30481e+06,598516,4.65935e+06,-346.283,-251.276,338.143,-0.38199,-0.0188133,0.157957,-0.910373,4.31981e+06,606478,4.64452e+06,-35.7072,-19.0429,26.2875,1,0,0,0,22546.1,497.638,2.3577
85.99,4.30478e+06,598491,4.65938e+06,-347.187,-251.635,338.207,-0.377801,-0.0169626,0.158139,-0.912124,4.31981e+06,606476,4.64452e+06,-35.852,-18.905,26.3023,1,0,0,0,22595.5,498.374,2.36675
86.09,4.30475e+06,598466,4.65942e+06,-347.948,-251.974,338.424,-0.373558,-0.0164204,0.158476,-0.913822,4.3198e+06,606474,4.64452e+06,-35.9955,-18.7666,26.3168,1,0,0,0,22645,499.11,2.37591
86.19,4.30471e+06,598441,4.65945e+06,-351.357,-252.681,335.776,-0.369171,-0.014604,0.15865,-0.915603,4.3198e+06,606472,4.64452e+06,-36.1378,-18.6277,26.3311,1,0,0,0,22694.5,499.901,2.38536
86.29,4.30468e+06,598415,4.65948e+06,-351.292,-252.904,336.891,-0.364664,-0.0127961,0.15882,-0.917405,4.3198e+06,606470,4.64453e+06,-36.2788,-18.4883,26.3451,1,0,0,0,22744.2,500.623,2.39505
86.39,4.30464e+06,598390,4.65952e+06,-349.94,-252.949,339.4,-0.360029,-0.0110338,0.159001,-0.919226,4.31979e+06,606469,4.64453e+06,-36.4186,-18.3484,26.3588,1,0,0,0,22793.9,501.326,2.405
86.49,4.30461e+06,598365,4.65955e+06,-347.606,-252.856,342.973,-0.355038,-0.00930404,0.159172,-0.921154,4.31979e+06,606467,4.64453e+06,-36.5571,-18.208,26.3723,1,0,0,0,22843.7,502.044,2.41568
86.59,4.30457e+06,598340,4.65959e+06,-347.191,-253.03,344.472,-0.350243,-0.0075452,0.159348,-0.922974,4.31979e+06,606465,4.64453e+06,-36.6943,-18.0671,26.3854,1,0,0,0,22893.6,502.787,2.42593
86.69,4.30454e+06,598314,4.65962e+06,-348.739,-253.474,343.849,-0.34608,-0.00568247,0.159522,-0.924527,4.31978e+06,606463,4.64454e+06,-36.8303,-17.9256,26.3983,1,0,0,0,22943.5,503.532,2.43481
86.79,4.3045e+06,598289,4.65966e+06,-350.053,-253.886,343.481,-0.341927,-0.00382728,0.15969,-0.926051,4.31978e+06,606461,4.64454e+06,-36.9649,-17.7837,26.411,1,0,0,0,22993.5,504.283,2.44366
86.89,4.30447e+06,598263,4.65969e+06,-351.708,-254.343,342.749,-0.338275,-0.00191703,0.159888,-0.927363,4.31978e+06,606460,4.64454e+06,-37.0983,-17.6413,26.4234,1,0,0,0,23043.6,505.043,2.45143
86.99,4.30443e+06,598238,4.65973e+06,-353.002,-254.749,342.41,-0.33449,-5.00647e-06,0.160053,-0.928709,4.31977e+06,606458,4.64455e+06,-37.2303,-17.4984,26.4355,1,0,0,0,23093.7,505.806,2.45947
87.09,4.3044e+06,598212,4.65976e+06,-353.785,-255.087,342.624,-0.329778,0.00259961,0.161419,-0.930153,4.31977e+06,606456,4.64455e+06,-37.3611,-17.3549,26.4474,1,0,0,0,23144,506.565,2.46946
87.19,4.30436e+06,598187,4.65979e+06,-352.421,-255.126,345.164,-0.325186,0.00436998,0.161607,-0.931729,4.31976e+06,606454,4.64455e+06,-37.4905,-17.2111,26.459,1,0,0,0,23194.3,507.305,2.47918
87.29,4.30433e+06,598162,4.65983e+06,-352.818,-255.409,345.801,-0.320612,0.00611576,0.161775,-0.933273,4.31976e+06,606453,4.64455e+06,-37.6186,-17.0667,26.4704,1,0,0,0,23244.7,508.065,2.48884
87.39,4.30429e+06,598136,4.65986e+06,-352.763,-255.629,346.927,-0.31598,0.00786802,0.161925,-0.934813,4.31976e+06,606451,4.64456e+06,-37.7454,-16.9218,26.4816,1,0,0,0,23295.1,508.825,2.49861
87.49,4.30426e+06,598110,4.6599e+06,-355.777,-256.275,344.734,-0.311793,0.00968964,0.162085,-0.936173,4.31975e+06,606449,4.64456e+06,-37.8709,-16.7765,26.4925,1,0,0,0,23345.6,509.61,2.50743
87.59,4.30422e+06,598085,4.65993e+06,-357.11,-256.688,344.363,-0.307382,0.0114733,0.16223,-0.937585,4.31975e+06,606448,4.64456e+06,-37.995,-16.6306,26.5032,1,0,0,0,23396.2,510.389,2.51671
87.69,4.30418e+06,598059,4.65997e+06,-357.034,-256.905,345.518,-0.302455,0.0131595,0.162372,-0.93914,4.31975e+06,606446,4.64456e+06,-38.1177,-16.4844,26.5136,1,0,0,0,23446.9,511.149,2.52706
87.79,4.30415e+06,598033,4.66e+06,-357.015,-257.13,346.61,-0.297336,0.0147836,0.162495,-0.940727,4.31974e+06,606444,4.64457e+06,-38.2391,-16.3376,26.5238,1,0,0,0,23497.7,511.913,2.53779
87.89,4.30411e+06,598008,4.66004e+06,-357.312,-257.4,347.362,-0.292248,0.0163806,0.162618,-0.942273,4.31974e+06,606443,4.64457e+06,-38.3591,-16.1904,26.5338,1,0,0,0,23548.5,512.682,2.54844
87.99,4.30408e+06,597982,4.66007e+06,-357.774,-257.692,347.936,-0.28716,0.0180119,0.1627,-0.943792,4.31973e+06,606441,4.64457e+06,-38.4778,-16.0427,26.5436,1,0,0,0,23599.5,513.456,2.55907
88.09,4.30404e+06,597956,4.66011e+06,-358.573,-258.03,348.148,-0.282625,0.0193377,0.163062,-0.945071,4.31973e+06,606440,4.64457e+06,-38.5951,-15.8946,26.5531,1,0,0,0,23650.4,514.236,2.56853
88.19,4.30401e+06,597930,4.66014e+06,-361.185,-258.619,346.399,-0.278049,0.0210179,0.163143,-0.946378,4.31973e+06,606438,4.64458e+06,-38.711,-15.746,26.5625,1,0,0,0,23701.5,515.046,2.57807
88.29,4.30397e+06,597905,4.66018e+06,-360.729,-258.782,347.972,-0.273347,0.0226921,0.163281,-0.947684,4.31972e+06,606436,4.64458e+06,-38.8256,-15.5969,26.5716,1,0,0,0,23752.7,515.81,2.58785
88.39,4.30393e+06,597879,4.66021e+06,-361.152,-259.068,348.596,-0.268679,0.0243462,0.163379,-0.948961,4.31972e+06,606435,4.64458e+06,-38.9387,-15.4474,26.5805,1,0,0,0,23803.9,516.591,2.59755
88.49,4.3039e+06,597853,4.66025e+06,-362.095,-259.425,348.659,-0.264042,0.0260176,0.163485,-0.950199,4.31971e+06,606433,4.64459e+06,-39.0504,-15.2975,26.5892,1,0,0,0,23855.2,517.383,2.60717
88.59,4.30386e+06,597827,4.66028e+06,-361.457,-259.564,350.433,-0.258994,0.0275976,0.163601,-0.951522,4.31971e+06,606432,4.64459e+06,-39.1608,-15.1471,26.5977,1,0,0,0,23906.6,518.154,2.61763
88.69,4.30383e+06,597801,4.66032e+06,-362.582,-259.946,350.301,-0.254486,0.0292402,0.163704,-0.952671,4.31971e+06,606430,4.64459e+06,-39.2697,-14.9963,26.606,1,0,0,0,23958.1,518.951,2.62696
88.79,4.30379e+06,597775,4.66035e+06,-363.276,-260.269,350.637,-0.249731,0.0308429,0.163766,-0.953868,4.3197e+06,606429,4.64459e+06,-39.3773,-14.845,26.6141,1,0,0,0,24009.6,519.744,2.63679
88.89,4.30375e+06,597749,4.66039e+06,-363.83,-260.573,351.124,-0.244784,0.0324036,0.163854,-0.955083,4.3197e+06,606427,4.6446e+06,-39.4834,-14.6933,26.622,1,0,0,0,24061.2,520.538,2.647
88.99,4.30372e+06,597723,4.66042e+06,-364.497,-260.893,351.49,-0.239886,0.0339486,0.163931,-0.956258,4.31969e+06,606426,4.6446e+06,-39.588,-14.5412,26.6297,1,0,0,0,24112.9,521.334,2.6571
89.09,4.30368e+06,597697,4.66046e+06,-365.31,-261.233,351.699,-0.235299,0.0349246,0.164006,-0.957349,4.31969e+06,606424,4.6446e+06,-39.6913,-14.3887,26.6372,1,0,0,0,24164.7,522.135,2.66654
89.19,4.30365e+06,597671,4.66049e+06,-366.777,-261.664,351.202,-0.230647,0.0365051,0.16407,-0.95841,4.31969e+06,606423,4.6446e+06,-39.7931,-14.2357,26.6445,1,0,0,0,24216.6,522.95,2.67611
89.29,4.30361e+06,597645,4.66053e+06,-367.764,-262.027,351.224,-0.225921,0.0380677,0.16415,-0.959461,4.31968e+06,606422,4.64461e+06,-39.8935,-14.0823,26.6517,1,0,0,0,24268.5,523.759,2.68582
89.39,4.30357e+06,597618,4.66057e+06,-368.854,-262.406,351.138,-0.221231,0.0396089,0.164208,-0.960481,4.31968e+06,606420,4.64461e+06,-39.9925,-13.9285,26.6586,1,0,0,0,24320.5,524.574,2.69544
89.49,4.30354e+06,597592,4.6606e+06,-368.924,-262.643,352.157,-0.216395,0.0411126,0.164278,-0.961507,4.31967e+06,606419,4.64461e+06,-40.09,-13.7743,26.6654,1,0,0,0,24372.6,525.369,2.70535
89.59,4.3035e+06,597566,4.66064e+06,-369.04,-262.887,353.126,-0.211476,0.0425973,0.164338,-0.962526,4.31967e+06,606417,4.64461e+06,-40.186,-13.6197,26.672,1,0,0,0,24424.8,526.167,2.71542
89.69,4.30346e+06,597540,4.66067e+06,-368.953,-263.103,354.316,-0.206342,0.0440225,0.164362,-0.963572,4.31967e+06,606416,4.64462e+06,-40.2806,-13.4647,26.6784,1,0,0,0,24477.1,526.964,2.72592
89.79,4.30343e+06,597513,4.66071e+06,-369.182,-263.364,355.164,-0.201193,0.0454502,0.164394,-0.964588,4.31966e+06,606415,4.64462e+06,-40.3737,-13.3093,26.6846,1,0,0,0,24529.4,527.769,2.73644
89.89,4.30339e+06,597487,4.66074e+06,-369.646,-263.658,355.758,-0.196065,0.046883,0.164434,-0.965568,4.31966e+06,606413,4.64462e+06,-40.4654,-13.1535,26.6907,1,0,0,0,24581.9,528.58,2.74691
89.99,4.30335e+06,597461,4.66078e+06,-370.007,-263.939,356.462,-0.190589,0.0482435,0.164498,-0.966586,4.31965e+06,606412,4.64463e+06,-40.5556,-12.9973,26.6966,1,0,0,0,24634.4,529.391,2.75807
90.09,4.30332e+06,597434,4.66082e+06,-370.835,-264.283,356.667,-0.185521,0.0515061,0.165151,-0.967292,4.31965e+06,606411,4.64463e+06,-40.6443,-12.8407,26.7023,1,0,0,0,24687,530.213,2.76839
90.19,4.30328e+06,597408,4.66085e+06,-372.014,-264.675,356.494,-0.180773,0.0529567,0.165122,-0.968117,4.31965e+06,606409,4.64463e+06,-40.7315,-12.6837,26.7079,1,0,0,0,24739.6,531.043,2.77805
90.29,4.30324e+06,597381,4.66089e+06,-372.096,-264.916,357.509,-0.175944,0.0543706,0.165102,-0.968932,4.31964e+06,606408,4.64463e+06,-40.8172,-12.5263,26.7133,1,0,0,0,24792.4,531.857,2.78786
90.39,4.30321e+06,597355,4.66092e+06,-372.114,-265.148,358.594,-0.171047,0.0557682,0.165075,-0.969733,4.31964e+06,606407,4.64464e+06,-40.9015,-12.3686,26.7185,1,0,0,0,24845.2,532.673,2.79781
90.49,4.30317e+06,597329,4.66096e+06,-370.751,-265.189,361.175,-0.165848,0.0570943,0.165065,-0.970561,4.31963e+06,606406,4.64464e+06,-40.9843,-12.2105,26.7236,1,0,0,0,24898.2,533.481,2.80836
90.59,4.30313e+06,597302,4.661e+06,-373.018,-265.733,359.827,-0.161458,0.0585446,0.164976,-0.971229,4.31963e+06,606405,4.64464e+06,-41.0655,-12.052,26.7285,1,0,0,0,24951.1,534.323,2.81726
90.69,4.30309e+06,597275,4.66103e+06,-373.776,-266.068,360.114,-0.156647,0.0599021,0.16493,-0.971942,4.31963e+06,606403,4.64464e+06,-41.1453,-11.8931,26.7333,1,0,0,0,25004.2,535.155,2.827
90.79,4.30306e+06,597249,4.66107e+06,-374.334,-266.377,360.616,-0.151652,0.0612198,0.164886,-0.972659,4.31962e+06,606402,4.64465e+06,-41.2236,-11.7339,26.7379,1,0,0,0,25057.4,535.985,2.83711
90.89,4.30302e+06,597222,4.6611e+06,-374.731,-266.664,361.293,-0.146373,0.0624669,0.164833,-0.973398,4.31962e+06,606401,4.64465e+06,-41.3003,-11.5743,26.7424,1,0,0,0,25110.6,536.816,2.84779
90.99,4.30298e+06,597195,4.66114e+06,-375.58,-267.013,361.483,-0.14155,0.0638119,0.16474,-0.974039,4.31961e+06,606400,4.64465e+06,-41.3756,-11.4144,26.7467,1,0,0,0,25164,537.654,2.85754
91.09,4.30294e+06,597169,4.66118e+06,-376.42,-267.365,361.684,-0.136619,0.0662362,0.166897,-0.974214,4.31961e+06,606399,4.64465e+06,-41.4493,-11.2541,26.7508,1,0,0,0,25217.4,538.496,2.8675
91.19,4.30291e+06,597142,4.66121e+06,-377.057,-267.688,362.106,-0.131766,0.0675469,0.166756,-0.974817,4.31961e+06,606398,4.64466e+06,-41.5215,-11.0935,26.7548,1,0,0,0,25270.9,539.338,2.87729
91.29,4.30287e+06,597115,4.66125e+06,-376.481,-267.844,363.843,-0.126851,0.0688302,0.166624,-0.975401,4.3196e+06,606396,4.64466e+06,-41.5922,-10.9325,26.7587,1,0,0,0,25324.5,540.166,2.88721
91.39,4.30283e+06,597089,4.66129e+06,-375.936,-268.004,365.545,-0.121849,0.0700629,0.166502,-0.975972,4.3196e+06,606395,4.64466e+06,-41.6614,-10.7712,26.7624,1,0,0,0,25378.2,541.001,2.89729
91.49,4.30279e+06,597062,4.66132e+06,-377.705,-268.486,364.742,-0.117151,0.0713192,0.166349,-0.976482,4.31959e+06,606394,4.64467e+06,-41.729,-10.6095,26.766,1,0,0,0,25431.9,541.856,2.90675
91.59,4.30276e+06,597035,4.66136e+06,-377.443,-268.686,366.139,-0.111988,0.0725148,0.166244,-0.977018,4.31959e+06,606393,4.64467e+06,-41.7952,-10.4476,26.7694,1,0,0,0,25485.8,542.695,2.91715
91.69,4.30272e+06,597008,4.6614e+06,-377.728,-268.963,366.943,-0.10691,0.0736651,0.166103,-0.977524,4.31958e+06,606392,4.64467e+06,-41.8597,-10.2852,26.7727,1,0,0,0,25539.7,543.542,2.92736
91.79,4.30268e+06,596981,4.66143e+06,-378.921,-269.365,366.765,-0.102303,0.0748974,0.165895,-0.977959,4.31958e+06,606391,4.64467e+06,-41.9228,-10.1226,26.7759,1,0,0,0,25593.7,544.396,2.93663
91.89,4.30264e+06,596954,4.66147e+06,-379.302,-269.657,367.465,-0.0969305,0.0760217,0.165754,-0.978443,4.31958e+06,606390,4.64468e+06,-41.9843,-9.95963,26.7789,1,0,0,0,25647.8,545.246,2.94743
91.99,4.30261e+06,596927,4.66151e+06,-380.356,-270.04,367.44,-0.0923859,0.0772595,0.165547,-0.978821,4.31957e+06,606389,4.64468e+06,-42.0442,-9.79635,26.7818,1,0,0,0,25702,546.104,2.95656
92.09,4.30257e+06,596900,4.66154e+06,-381.206,-270.393,367.638,-0.0871707,0.080102,0.164442,-0.979257,4.31957e+06,606388,4.64468e+06,-42.1027,-9.63275,26.7845,1,0,0,0,25756.2,546.962,2.96703
92.19,4.30253e+06,596873,4.66158e+06,-381.715,-270.7,368.205,-0.082269,0.0812101,0.164208,-0.979629,4.31956e+06,606387,4.64468e+06,-42.1595,-9.46884,26.7871,1,0,0,0,25810.6,547.819,2.97687
92.29,4.30249e+06,596846,4.66162e+06,-381.648,-270.927,369.395,-0.0773633,0.0823116,0.16396,-0.979978,4.31956e+06,606386,4.64469e+06,-42.2148,-9.30463,26.7896,1,0,0,0,25865,548.671,2.98671
92.39,4.30245e+06,596819,4.66166e+06,-382.046,-271.218,370.084,-0.0724524,0.0833937,0.163704,-0.980305,4.31955e+06,606385,4.64469e+06,-42.2686,-9.14012,26.7919,1,0,0,0,25919.6,549.53,2.99656
92.49,4.30242e+06,596792,4.66169e+06,-382.398,-271.504,370.822,-0.0674769,0.0844494,0.163452,-0.980611,4.31955e+06,606385,4.64469e+06,-42.3208,-8.9753,26.7942,1,0,0,0,25974.2,550.389,3.00654
92.59,4.30238e+06,596765,4.66173e+06,-383.877,-271.945,370.339,-0.0627918,0.0855363,0.163133,-0.980881,4.31955e+06,606384,4.64469e+06,-42.3715,-8.8102,26.7962,1,0,0,0,26028.9,551.26,3.01593
92.69,4.30234e+06,596737,4.66177e+06,-385.231,-272.369,369.992,-0.0581103,0.0866205,0.162814,-0.981128,4.31954e+06,606383,4.6447e+06,-42.4206,-8.6448,26.7982,1,0,0,0,26083.6,552.134,3.02531
92.79,4.3023e+06,596710,4.6618e+06,-386.035,-272.718,370.241,-0.053195,0.0876594,0.162537,-0.98136,4.31954e+06,606382,4.6447e+06,-42.4681,-8.47912,26.8,1,0,0,0,26138.5,553.003,3.03515
92.89,4.30226e+06,596683,4.66184e+06,-386.679,-273.046,370.663,-0.0480852,0.0886433,0.16223,-0.981586,4.31953e+06,606381,4.6447e+06,-42.5141,-8.31316,26.8017,1,0,0,0,26193.5,553.871,3.04539
92.99,4.30222e+06,596656,4.66188e+06,-386.646,-273.286,371.811,-0.0417771,0.0894116,0.162013,-0.981841,4.31953e+06,606380,4.64471e+06,-42.5585,-8.14692,26.8033,1,0,0,0,26248.5,554.73,3.05801
93.09,4.30218e+06,596628,4.66192e+06,-387.5,-273.641,372.007,-0.0366424,0.0914432,0.161145,-0.982002,4.31953e+06,606379,4.64471e+06,-42.6013,-7.9804,26.8048,1,0,0,0,26303.6,555.603,3.06829
93.19,4.30215e+06,596601,4.66195e+06,-386.204,-273.699,374.533,-0.031699,0.0923873,0.160797,-0.982143,4.31952e+06,606379,4.64471e+06,-42.6426,-7.81362,26.8061,1,0,0,0,26358.9,556.456,3.07818
93.29,4.30211e+06,596574,4.66199e+06,-385.191,-273.797,376.751,-0.026663,0.0933084,0.160426,-0.982266,4.31952e+06,606378,4.64471e+06,-42.6823,-7.64657,26.8073,1,0,0,0,26414.2,557.323,3.08826
93.39,4.30207e+06,596546,4.66203e+06,-390.422,-274.759,372.206,-0.0222272,0.0943097,0.160001,-0.98235,4.31951e+06,606377,4.64472e+06,-42.7204,-7.47925,26.8084,1,0,0,0,26469.5,558.242,3.09713
93.49,4.30203e+06,596519,4.66207e+06,-390.211,-274.968,373.555,-0.0171019,0.0951851,0.159607,-0.982432,4.31951e+06,606376,4.64472e+06,-42.757,-7.31169,26.8093,1,0,0,0,26525,559.104,3.10739
93.59,4.30199e+06,596491,4.6621e+06,-390.013,-275.18,374.89,-0.0118597,0.0960529,0.159218,-0.982488,4.3195e+06,606376,4.64472e+06,-42.7919,-7.14386,26.8101,1,0,0,0,26580.6,559.969,3.11787
93.69,4.30195e+06,596464,4.66214e+06,-390.47,-275.482,375.515,-0.0067683,0.0969023,0.158815,-0.982518,4.3195e+06,606375,4.64472e+06,-42.8253,-6.97579,26.8108,1,0,0,0,26636.2,560.845,3.12806
93.79,4.30191e+06,596436,4.66218e+06,-390.859,-275.776,376.213,-0.00154409,0.0977025,0.158394,-0.982529,4.3195e+06,606374,4.64473e+06,-42.8572,-6.80748,26.8114,1,0,0,0,26692,561.721,3.1385
93.89,4.30188e+06,596409,4.66222e+06,-391.053,-276.044,377.121,0.00410459,0.0984119,0.158007,-0.982513,4.31949e+06,606374,4.64473e+06,-42.8874,-6.63892,26.8119,1,0,0,0,26747.8,562.597,3.13338
93.99,4.30184e+06,596381,4.66226e+06,-392.029,-276.418,377.185,0.00882352,0.0992489,0.15753,-0.982474,4.31949e+06,606373,4.64473e+06,-42.9161,-6.47012,26.8122,1,0,0,0,26803.7,563.482,3.12395
94.09,4.3018e+06,596354,4.66229e+06,-392.881,-276.775,377.381,0.0136839,0.0994979,0.156836,-0.982505,4.31948e+06,606372,4.64473e+06,-42.9432,-6.3011,26.8124,1,0,0,0,26859.7,564.368,3.11422
94.19,4.30176e+06,596326,4.66233e+06,-394.491,-277.238,376.755,0.0186052,0.100298,0.15633,-0.982423,4.31948e+06,606372,4.64474e+06,-42.9687,-6.13184,26.8125,1,0,0,0,26915.8,565.266,3.10438
94.29,4.30172e+06,596298,4.66237e+06,-394.819,-277.522,377.518,0.0235621,0.101064,0.15582,-0.982319,4.31947e+06,606371,4.64474e+06,-42.9926,-5.96237,26.8125,1,0,0,0,26972,566.146,3.09446
94.39,4.30168e+06,596270,4.66241e+06,-392.009,-277.373,381.683,0.028881,0.101771,0.155307,-0.982185,4.31947e+06,606371,4.64474e+06,-43.015,-5.79267,26.8123,1,0,0,0,27028.3,566.997,3.08382
94.49,4.30164e+06,596243,4.66245e+06,-393.875,-277.87,380.779,0.0336227,0.102542,0.154779,-0.982038,4.31947e+06,606370,4.64475e+06,-43.0358,-5.62276,26.8121,1,0,0,0,27084.7,567.89,3.07433
94.59,4.3016e+06,596215,4.66248e+06,-395.529,-278.338,380.105,0.0382901,0.103288,0.154193,-0.981881,4.31946e+06,606369,4.64475e+06,-43.0549,-5.45263,26.8117,1,0,0,0,27141.1,568.789,3.06499
94.69,4.30156e+06,596187,4.66252e+06,-396.166,-278.665,380.533,0.0433244,0.103992,0.153618,-0.981687,4.31946e+06,606369,4.64475e+06,-43.0725,-5.2823,26.8111,1,0,0,0,27197.7,569.677,3.05492
94.79,4.30152e+06,596159,4.66256e+06,-396.314,-278.927,381.488,0.0487419,0.104617,0.153106,-0.981447,4.31945e+06,606368,4.64475e+06,-43.0886,-5.11177,26.8105,1,0,0,0,27254.3,570.56,3.04407
94.89,4.30148e+06,596131,4.6626e+06,-396.777,-279.232,382.103,0.0540782,0.105231,0.15256,-0.981187,4.31945e+06,606368,4.64476e+06,-43.103,-4.94104,26.8097,1,0,0,0,27311,571.448,3.03338
94.99,4.30144e+06,596103,4.66264e+06,-397.659,-279.593,382.264,0.0589515,0.105888,0.151937,-0.980932,4.31944e+06,606367,4.64476e+06,-43.1159,-4.77011,26.8089,1,0,0,0,27367.8,572.343,3.02362
95.09,4.3014e+06,596076,4.66268e+06,-398.507,-279.951,382.46,0.0637445,0.106195,0.152286,-0.980545,4.31944e+06,606367,4.64476e+06,-43.1271,-4.59899,26.8079,1,0,0,0,27424.7,573.239,3.01402
95.19,4.30136e+06,596047,4.66271e+06,-400.03,-280.403,381.925,0.0686751,0.106841,0.151662,-0.980238,4.31944e+06,606366,4.64476e+06,-43.1368,-4.42769,26.8067,1,0,0,0,27481.7,574.146,3.00413
95.29,4.30132e+06,596019,4.66275e+06,-402.56,-280.994,380.298,0.073513,0.107464,0.150982,-0.979924,4.31943e+06,606366,4.64477e+06,-43.1449,-4.25621,26.8055,1,0,0,0,27538.7,575.082,2.99443
95.39,4.30128e+06,595991,4.66279e+06,-402.413,-281.214,381.571,0.07854,0.108059,0.150322,-0.97957,4.31943e+06,606366,4.64477e+06,-43.1514,-4.08455,26.8041,1,0,0,0,27595.9,575.96,2.98435
95.49,4.30124e+06,595963,4.66283e+06,-400.942,-281.251,384.279,0.0838761,0.108551,0.149711,-0.979167,4.31942e+06,606365,4.64477e+06,-43.1564,-3.91272,26.8026,1,0,0,0,27653.2,576.816,2.97364
95.59,4.3012e+06,595935,4.66287e+06,-401.116,-281.516,385.204,0.0889796,0.109087,0.149031,-0.978761,4.31942e+06,606365,4.64478e+06,-43.1597,-3.74072,26.8009,1,0,0,0,27710.5,577.706,2.9634
95.69,4.30116e+06,595907,4.66291e+06,-400.888,-281.726,386.563,0.0943985,0.109561,0.148399,-0.978296,4.31941e+06,606364,4.64478e+06,-43.1615,-3.56856,26.7992,1,0,0,0,27768,578.593,2.95251
95.79,4.30113e+06,595879,4.66295e+06,-400.674,-281.938,387.905,0.100066,0.109984,0.147774,-0.97778,4.31941e+06,606364,4.64478e+06,-43.1617,-3.39624,26.7973,1,0,0,0,27825.5,579.482,2.94112
95.89,4.30108e+06,595851,4.66299e+06,-402.01,-282.361,387.57,0.104462,0.110576,0.146996,-0.97737,4.3194e+06,606364,4.64478e+06,-43.1603,-3.22376,26.7953,1,0,0,0,27883.1,580.387,2.93229
95.99,4.30104e+06,595822,4.66302e+06,-403.035,-282.741,387.572,0.109098,0.111096,0.146213,-0.976922,4.3194e+06,606363,4.64479e+06,-43.1574,-3.05114,26.7931,1,0,0,0,27940.8,581.292,2.92296
96.09,4.301e+06,595794,4.66306e+06,-403.878,-283.097,387.77,0.114022,0.111855,0.145523,-0.976376,4.3194e+06,606363,4.64479e+06,-43.1528,-2.87836,26.7909,1,0,0,0,27998.6,582.195,2.91305
96.19,4.30096e+06,595766,4.6631e+06,-404.124,-283.369,388.615,0.118985,0.112298,0.144743,-0.975849,4.31939e+06,606363,4.64479e+06,-43.1467,-2.70545,26.7885,1,0,0,0,28056.5,583.091,2.90306
96.29,4.30092e+06,595738,4.66314e+06,-404.274,-283.628,389.562,0.123941,0.112743,0.14399,-0.975292,4.31939e+06,606363,4.64479e+06,-43.139,-2.5324,26.7859,1,0,0,0,28114.5,583.987,2.89307
96.39,4.30088e+06,595709,4.66318e+06,-403.108,-283.705,391.937,0.129075,0.113122,0.14317,-0.974703,4.31938e+06,606362,4.6448e+06,-43.1298,-2.35922,26.7833,1,0,0,0,28172.5,584.874,2.88272
96.49,4.30084e+06,595681,4.66322e+06,-405.128,-284.221,390.858,0.133749,0.113563,0.142327,-0.974145,4.31938e+06,606362,4.6448e+06,-43.1189,-2.18591,26.7805,1,0,0,0,28230.7,585.787,2.87329
96.59,4.3008e+06,595652,4.66326e+06,-405.008,-284.441,392.098,0.138932,0.113906,0.141514,-0.973497,4.31937e+06,606362,4.6448e+06,-43.1065,-2.01247,26.7775,1,0,0,0,28288.9,586.684,2.86283
96.69,4.30076e+06,595624,4.6633e+06,-405.779,-284.784,392.371,0.143887,0.11431,0.140668,-0.972853,4.31937e+06,606362,4.6448e+06,-43.0925,-1.83892,26.7745,1,0,0,0,28347.3,587.589,2.85282
96.79,4.30072e+06,595595,4.66334e+06,-406.705,-285.148,392.477,0.148741,0.114697,0.139818,-0.972199,4.31937e+06,606362,4.64481e+06,-43.077,-1.66525,26.7713,1,0,0,0,28405.7,588.496,2.843
96.89,4.30068e+06,595567,4.66338e+06,-406.631,-285.376,393.66,0.154637,0.1149,0.139034,-0.971368,4.31936e+06,606361,4.64481e+06,-43.0599,-1.49147,26.7679,1,0,0,0,28464.2,589.393,2.83107
96.99,4.30064e+06,595538,4.66342e+06,-407.611,-285.746,393.707,0.159299,0.11531,0.13811,-0.970697,4.31936e+06,606361,4.64481e+06,-43.0412,-1.31759,26.7644,1,0,0,0,28522.8,590.302,2.82163
97.09,4.3006e+06,595510,4.66346e+06,-408.448,-286.096,393.907,0.164105,0.116106,0.138113,-0.969801,4.31935e+06,606361,4.64482e+06,-43.0209,-1.14361,26.7608,1,0,0,0,28581.5,591.212,2.81189
97.19,4.30056e+06,595481,4.6635e+06,-412.113,-286.838,391.04,0.168927,0.116432,0.137181,-0.969066,4.31935e+06,606361,4.64482e+06,-42.9991,-0.969525,26.757,1,0,0,0,28640.3,592.172,2.80211
97.29,4.30052e+06,595452,4.66353e+06,-413.261,-287.231,390.901,0.173779,0.116717,0.136237,-0.968307,4.31934e+06,606361,4.64482e+06,-42.9758,-0.795353,26.7531,1,0,0,0,28699.1,593.094,2.79226
97.39,4.30048e+06,595424,4.66357e+06,-412.134,-287.309,393.229,0.17888,0.116972,0.135305,-0.967477,4.31934e+06,606361,4.64482e+06,-42.9508,-0.621094,26.7491,1,0,0,0,28758.1,593.964,2.7819
97.49,4.30044e+06,595395,4.66361e+06,-411.208,-287.414,395.338,0.184051,0.117213,0.134372,-0.966608,4.31934e+06,606361,4.64483e+06,-42.9244,-0.446751,26.7448,1,0,0,0,28817.2,594.848,2.77138
97.59,4.3004e+06,595366,4.66365e+06,-411.27,-287.654,396.376,0.18914,0.117449,0.133432,-0.965726,4.31933e+06,606361,4.64483e+06,-42.8963,-0.272331,26.7405,1,0,0,0,28876.4,595.75,2.76102
97.69,4.30036e+06,595338,4.66369e+06,-411.266,-287.886,397.483,0.194414,0.117637,0.132485,-0.964786,4.31933e+06,606361,4.64483e+06,-42.8667,-0.0978372,26.736,1,0,0,0,28935.6,596.652,2.75027
97.79,4.30031e+06,595309,4.66373e+06,-412.224,-288.248,397.55,0.199176,0.117868,0.131477,-0.963924,4.31932e+06,606361,4.64483e+06,-42.8356,0.0767255,26.7313,1,0,0,0,28994.9,597.566,2.74056
97.89,4.30027e+06,595280,4.66377e+06,-412.706,-288.545,398.129,0.204396,0.118049,0.13047,-0.962946,4.31932e+06,606361,4.64484e+06,-42.8029,0.251353,26.7265,1,0,0,0,29054.4,598.474,2.7299
97.99,4.30023e+06,595251,4.66381e+06,-412.734,-288.782,399.195,0.210438,0.118124,0.129568,-0.961756,4.31931e+06,606361,4.64484e+06,-42.7687,0.42604,26.7216,1,0,0,0,29113.9,599.377,2.71755
98.09,4.30019e+06,595223,4.66386e+06,-413.563,-289.125,399.4,0.215327,0.118576,0.12833,-0.960784,4.31931e+06,606361,4.64484e+06,-42.7329,0.600781,26.7164,1,0,0,0,29173.5,600.29,2.70754
98.19,4.30015e+06,595194,4.66389e+06,-415.369,-289.601,398.544,0.220131,0.118742,0.127277,-0.959814,4.31931e+06,606361,4.64484e+06,-42.6956,0.775573,26.7111,1,0,0,0,29233.2,601.218,2.69769
98.29,4.30011e+06,595165,4.66393e+06,-416.367,-289.964,398.563,0.224939,0.118887,0.126192,-0.958824,4.3193e+06,606361,4.64485e+06,-42.6568,0.950412,26.7057,1,0,0,0,29293,602.137,2.68783
98.39,4.30007e+06,595135,4.66397e+06,-418.016,-290.416,397.877,0.229682,0.119033,0.125084,-0.957826,4.3193e+06,606361,4.64485e+06,-42.6164,1.12529,26.7001,1,0,0,0,29352.8,603.07,2.67809
98.49,4.30003e+06,595107,4.66402e+06,-414.802,-290.196,402.463,0.23517,0.119085,0.124057,-0.956621,4.31929e+06,606361,4.64485e+06,-42.5745,1.30021,26.6943,1,0,0,0,29412.9,603.925,2.66681
98.59,4.29998e+06,595078,4.66406e+06,-416.638,-290.672,401.572,0.239733,0.119219,0.122894,-0.955621,4.31929e+06,606361,4.64486e+06,-42.5311,1.47515,26.6884,1,0,0,0,29472.9,604.85,2.65741
98.69,4.29994e+06,595049,4.6641e+06,-416.409,-290.862,402.919,0.245003,0.119293,0.121842,-0.954409,4.31928e+06,606362,4.64486e+06,-42.4861,1.65013,26.6823,1,0,0,0,29533.1,605.753,2.64655
98.79,4.2999e+06,595019,4.66414e+06,-417.101,-291.178,403.268,0.249908,0.119378,0.120732,-0.953267,4.31928e+06,606362,4.64486e+06,-42.4397,1.82513,26.676,1,0,0,0,29593.3,606.666,2.63642
98.89,4.29986e+06,594990,4.66418e+06,-417.821,-291.496,403.586,0.254796,0.119469,0.11962,-0.952101,4.31928e+06,606362,4.64486e+06,-42.3917,2.00014,26.6695,1,0,0,0,29653.7,607.58,2.62632
98.99,4.29982e+06,594961,4.66422e+06,-418.062,-291.75,404.42,0.260416,0.119423,0.118575,-0.950716,4.31927e+06,606362,4.64487e+06,-42.3422,2.17517,26.6629,1,0,0,0,29714.1,608.488,2.61469
99.09,4.29978e+06,594932,4.66426e+06,-418.881,-292.077,404.63,0.265382,0.118485,0.115664,-0.949819,4.31927e+06,606362,4.64487e+06,-42.2912,2.35021,26.6561,1,0,0,0,29774.6,609.402,2.60439
99.19,4.29974e+06,594903,4.6643e+06,-420.582,-292.523,403.883,0.270143,0.118521,0.114516,-0.94861,4.31926e+06,606363,4.64487e+06,-42.2387,2.52525,26.6491,1,0,0,0,29835.2,610.33,2.59451
99.29,4.29969e+06,594874,4.66434e+06,-420.053,-292.66,405.555,0.275007,0.11854,0.113317,-0.947354,4.31926e+06,606363,4.64487e+06,-42.1847,2.70029,26.6419,1,0,0,0,29896,611.226,2.5844
99.39,4.29965e+06,594844,4.66438e+06,-421.295,-293.041,405.305,0.279739,0.118564,0.112097,-0.946109,4.31926e+06,606363,4.64488e+06,-42.1292,2.87532,26.6346,1,0,0,0,29956.8,612.148,2.57455
99.49,4.29961e+06,594815,4.66442e+06,-421.12,-293.224,406.592,0.284645,0.118544,0.110927,-0.944785,4.31925e+06,606363,4.64488e+06,-42.0721,3.05034,26.627,1,0,0,0,30017.7,613.049,2.56432
99.59,4.29957e+06,594786,4.66446e+06,-421.421,-293.472,407.362,0.289555,0.118546,0.1097,-0.943435,4.31925e+06,606364,4.64488e+06,-42.0137,3.22535,26.6193,1,0,0,0,30078.7,613.958,2.55407
99.69,4.29953e+06,594756,4.6645e+06,-420.975,-293.616,408.941,0.294811,0.11847,0.108559,-0.941948,4.31924e+06,606364,4.64488e+06,-41.9537,3.40034,26.6114,1,0,0,0,30139.8,614.859,2.54308
99.79,4.29948e+06,594727,4.66455e+06,-421.204,-293.851,409.787,0.299926,0.118385,0.107366,-0.940479,4.31924e+06,606364,4.64489e+06,-41.8922,3.5753,26.6032,1,0,0,0,30200.9,615.768,2.53236
99.89,4.29944e+06,594698,4.66459e+06,-422.165,-294.186,409.841,0.304515,0.118393,0.106085,-0.939148,4.31923e+06,606365,4.64489e+06,-41.8293,3.75024,26.5949,1,0,0,0,30262.2,616.683,2.52273
99.99,4.2994e+06,594668,4.66463e+06,-423.563,-294.576,409.423,0.308459,0.118438,0.104723,-0.938008,4.31923e+06,606365,4.64489e+06,-41.7648,3.92514,26.5864,1,0,0,0,30323.5,617.606,2.51445
100.09,4.29936e+06,594639,4.66467e+06,-424.376,-294.889,409.638,0.31309,0.119876,0.104653,-0.936297,4.31923e+06,606366,4.6449e+06,-41.699,4.1,26.5776,1,0,0,0,30385,618.524,2.5047
100.19,4.29931e+06,594609,4.66471e+06,-424.907,-295.162,410.159,0.317802,0.119837,0.103367,-0.934856,4.31922e+06,606366,4.6449e+06,-41.6316,4.27482,26.5687,1,0,0,0,30446.5,619.438,2.49477
100.29,4.29927e+06,594580,4.66475e+06,-424.563,-295.312,411.629,0.322562,0.119744,0.10208,-0.933378,4.31922e+06,606366,4.6449e+06,-41.5628,4.44959,26.5596,1,0,0,0,30508.2,620.343,2.48472
100.39,4.29923e+06,594550,4.66479e+06,-423.124,-295.309,414.287,0.32748,0.119619,0.100797,-0.93182,4.31921e+06,606367,4.6449e+06,-41.4925,4.62431,26.5502,1,0,0,0,30569.9,621.242,2.47432
100.49,4.29919e+06,594521,4.66483e+06,-425.297,-295.803,413.025,0.33196,0.119538,0.0994952,-0.930384,4.31921e+06,606367,4.64491e+06,-41.4208,4.79896,26.5406,1,0,0,0,30631.7,622.168,2.46483
100.59,4.29915e+06,594491,4.66488e+06,-426.564,-296.171,412.747,0.336517,0.119435,0.0981387,-0.928903,4.3192e+06,606368,4.64491e+06,-41.3477,4.97356,26.5308,1,0,0,0,30693.6,623.091,2.45516
100.69,4.2991e+06,594462,4.66492e+06,-426.448,-296.346,413.968,0.341539,0.119281,0.096863,-0.927222,4.3192e+06,606368,4.64491e+06,-41.273,5.14809,26.5208,1,0,0,0,30755.6,623.998,2.44448
100.79,4.29906e+06,594432,4.66496e+06,-427.056,-296.619,414.403,0.346318,0.119143,0.095564,-0.9256,4.3192e+06,606369,4.64491e+06,-41.197,5.32255,26.5106,1,0,0,0,30817.7,624.914,2.43431
100.89,4.29902e+06,594402,4.665e+06,-427.884,-296.921,414.601,0.350952,0.119021,0.0942368,-0.924006,4.31919e+06,606369,4.64492e+06,-41.1195,5.49692,26.5001,1,0,0,0,30879.9,625.832,2.42442
100.99,4.29898e+06,594373,4.66504e+06,-428.784,-297.231,414.72,0.355458,0.118882,0.0929011,-0.922435,4.31919e+06,606370,4.64492e+06,-41.0406,5.67122,26.4894,1,0,0,0,30942.2,626.752,2.41478
101.09,4.29893e+06,594343,4.66508e+06,-429.592,-297.525,414.94,0.360201,0.119572,0.0909962,-0.920694,4.31918e+06,606371,4.64492e+06,-40.9603,5.84543,26.4785,1,0,0,0,31004.5,627.671,2.40463
101.19,4.29889e+06,594313,4.66512e+06,-430.645,-297.852,414.895,0.364833,0.119401,0.0896297,-0.919025,4.31918e+06,606371,4.64492e+06,-40.8786,6.01955,26.4673,1,0,0,0,31067,628.595,2.39469
101.29,4.29885e+06,594283,4.66517e+06,-429.375,-297.856,417.37,0.369536,0.119214,0.0882512,-0.917302,4.31918e+06,606372,4.64493e+06,-40.7954,6.19358,26.4559,1,0,0,0,31129.6,629.487,2.38457
101.39,4.2988e+06,594254,4.66521e+06,-427.995,-297.842,419.965,0.37432,0.11899,0.0868818,-0.91552,4.31917e+06,606372,4.64493e+06,-40.7109,6.3675,26.4443,1,0,0,0,31192.3,630.39,2.37427
101.49,4.29876e+06,594224,4.66525e+06,-431.372,-298.484,417.398,0.37859,0.118814,0.0854292,-0.913923,4.31917e+06,606373,4.64493e+06,-40.6249,6.54132,26.4324,1,0,0,0,31255,631.33,2.36505
101.59,4.29872e+06,594194,4.66529e+06,-432.585,-298.824,417.18,0.383083,0.118593,0.0840249,-0.912208,4.31916e+06,606374,4.64494e+06,-40.5375,6.71502,26.4202,1,0,0,0,31317.8,632.256,2.35533
101.69,4.29868e+06,594164,4.66534e+06,-431.351,-298.826,419.615,0.38834,0.118304,0.0827084,-0.91014,4.31916e+06,606374,4.64494e+06,-40.4488,6.88861,26.4078,1,0,0,0,31380.8,633.149,2.34393
101.79,4.29863e+06,594134,4.66538e+06,-431.69,-299.043,420.343,0.39316,0.118057,0.0813223,-0.908226,4.31916e+06,606375,4.64494e+06,-40.3587,7.06208,26.3952,1,0,0,0,31443.8,634.063,2.33346
101.89,4.29859e+06,594104,4.66542e+06,-432.279,-299.293,420.801,0.397872,0.117819,0.0799552,-0.906324,4.31915e+06,606376,4.64494e+06,-40.2672,7.23543,26.3822,1,0,0,0,31506.9,634.979,2.3232
101.99,4.29855e+06,594074,4.66546e+06,-432.887,-299.543,421.237,0.402624,0.117551,0.0785597,-0.904381,4.31915e+06,606376,4.64495e+06,-40.1743,7.40864,26.3691,1,0,0,0,31570.1,635.896,2.31283
102.09,4.2985e+06,594045,4.6655e+06,-433.689,-299.818,421.463,0.407092,0.117126,0.0776635,-0.902511,4.31914e+06,606377,4.64495e+06,-40.0801,7.58172,26.3556,1,0,0,0,31633.4,636.814,2.30306
102.19,4.29846e+06,594015,4.66555e+06,-434.984,-300.159,421.154,0.411595,0.116866,0.0762352,-0.900622,4.31914e+06,606378,4.64495e+06,-39.9844,7.75466,26.3419,1,0,0,0,31696.8,637.74,2.29319
102.29,4.29842e+06,593985,4.66559e+06,-434.137,-300.202,423.169,0.416149,0.116562,0.0748377,-0.898684,4.31914e+06,606379,4.64495e+06,-39.8875,7.92746,26.3279,1,0,0,0,31760.3,638.639,2.28318
102.39,4.29837e+06,593955,4.66563e+06,-436.314,-300.661,421.902,0.420542,0.116305,0.0733788,-0.896791,4.31913e+06,606380,4.64496e+06,-39.7892,8.10011,26.3137,1,0,0,0,31823.8,639.575,2.27351
102.49,4.29833e+06,593924,4.66567e+06,-437.174,-300.936,422.064,0.425024,0.116066,0.0719304,-0.894824,4.31913e+06,606380,4.64496e+06,-39.6895,8.2726,26.2991,1,0,0,0,31887.5,640.495,2.26362
102.59,4.29829e+06,593894,4.66572e+06,-437.418,-301.123,422.896,0.429615,0.115734,0.0705012,-0.892786,4.31912e+06,606381,4.64496e+06,-39.5886,8.44494,26.2843,1,0,0,0,31951.3,641.406,2.25346
102.69,4.29824e+06,593864,4.66576e+06,-437.129,-301.236,424.306,0.434404,0.115424,0.0691143,-0.890614,4.31912e+06,606382,4.64496e+06,-39.4862,8.61711,26.2692,1,0,0,0,32015.1,642.31,2.24284
102.79,4.2982e+06,593834,4.6658e+06,-437.65,-301.458,424.836,0.438987,0.115111,0.0676845,-0.888515,4.31912e+06,606383,4.64497e+06,-39.3826,8.78911,26.2537,1,0,0,0,32079.1,643.225,2.23265
102.89,4.29816e+06,593804,4.66584e+06,-437.982,-301.652,425.572,0.443759,0.1148,0.066295,-0.886287,4.31911e+06,606384,4.64497e+06,-39.2776,8.96094,26.238,1,0,0,0,32143.1,644.138,2.22202
102.99,4.29811e+06,593774,4.66589e+06,-438.567,-301.879,426.033,0.448398,0.114473,0.0648869,-0.884096,4.31911e+06,606385,4.64497e+06,-39.1714,9.13259,26.222,1,0,0,0,32207.3,645.053,2.21165
103.09,4.29807e+06,593744,4.66593e+06,-439.367,-302.131,426.263,0.452951,0.115023,0.0622479,-0.88189,4.3191e+06,606386,4.64497e+06,-39.0638,9.30406,26.2057,1,0,0,0,32271.5,645.973,2.20145
103.19,4.29802e+06,593714,4.66597e+06,-439.48,-302.287,427.24,0.45738,0.114693,0.0607998,-0.879746,4.3191e+06,606387,4.64498e+06,-38.9549,9.47534,26.1891,1,0,0,0,32335.8,646.883,2.1915
103.29,4.29798e+06,593683,4.66602e+06,-438.532,-302.293,429.369,0.461827,0.114352,0.0593495,-0.877563,4.3191e+06,606388,4.64498e+06,-38.8448,9.64643,26.1722,1,0,0,0,32400.3,647.784,2.18149
103.39,4.29794e+06,593653,4.66606e+06,-437.583,-302.297,431.499,0.466327,0.113993,0.0578749,-0.875326,4.31909e+06,606389,4.64498e+06,-38.7333,9.81732,26.1549,1,0,0,0,32464.8,648.691,2.17133
103.49,4.29789e+06,593623,4.6661e+06,-439.045,-302.632,431.012,0.470649,0.113635,0.0564145,-0.873152,4.31909e+06,606390,4.64499e+06,-38.6206,9.98801,26.1374,1,0,0,0,32529.4,649.611,2.16154
103.59,4.29785e+06,593593,4.66615e+06,-440.081,-302.906,430.989,0.474997,0.11329,0.0549479,-0.870933,4.31908e+06,606391,4.64499e+06,-38.5066,10.1585,26.1195,1,0,0,0,32594.1,650.53,2.15167
103.69,4.29781e+06,593562,4.66619e+06,-440.953,-303.154,431.142,0.479338,0.112943,0.0534996,-0.868687,4.31908e+06,606392,4.64499e+06,-38.3914,10.3288,26.1012,1,0,0,0,32658.8,651.449,2.14179
103.79,4.29776e+06,593532,4.66623e+06,-441.239,-303.32,431.933,0.483864,0.11255,0.0521006,-0.86631,4.31908e+06,606393,4.64499e+06,-38.2749,10.4988,26.0827,1,0,0,0,32723.7,652.363,2.13146
103.89,4.29772e+06,593502,4.66628e+06,-442.56,-303.626,431.601,0.487914,0.112185,0.0506098,-0.864172,4.31907e+06,606394,4.645e+06,-38.1571,10.6686,26.0638,1,0,0,0,32788.7,653.286,2.1222
103.99,4.29767e+06,593471,4.66632e+06,-443.64,-303.895,431.53,0.492018,0.111777,0.0491234,-0.861981,4.31907e+06,606395,4.645e+06,-38.0381,10.8382,26.0446,1,0,0,0,32853.7,654.208,2.11278
104.09,4.29763e+06,593441,4.66636e+06,-444.435,-304.124,431.765,0.496258,0.109609,0.0483973,-0.859867,4.31907e+06,606396,4.645e+06,-37.9179,11.0076,26.025,1,0,0,0,32918.9,655.126,2.10303
104.19,4.29759e+06,593411,4.66641e+06,-443.76,-304.148,433.597,0.500558,0.10921,0.0469182,-0.857504,4.31906e+06,606397,4.645e+06,-37.7964,11.1768,26.0051,1,0,0,0,32984.2,656.024,2.09311
104.29,4.29754e+06,593380,4.66645e+06,-445.655,-304.524,432.638,0.504818,0.108808,0.0454558,-0.855134,4.31906e+06,606398,4.64501e+06,-37.6737,11.3456,25.9849,1,0,0,0,33049.5,656.955,2.08325
104.39,4.2975e+06,593350,4.66649e+06,-444.605,-304.492,434.878,0.509173,0.108387,0.0440072,-0.852677,4.31905e+06,606399,4.64501e+06,-37.5498,11.5143,25.9643,1,0,0,0,33115,657.848,2.07314
104.49,4.29745e+06,593319,4.66654e+06,-445.654,-304.746,434.838,0.51341,0.107945,0.0425789,-0.850262,4.31905e+06,606400,4.64501e+06,-37.4247,11.6827,25.9433,1,0,0,0,33180.5,658.767,2.06328
104.59,4.29741e+06,593289,4.66658e+06,-445.195,-304.791,436.437,0.51782,0.107499,0.0411889,-0.847709,4.31905e+06,606402,4.64501e+06,-37.2984,11.8508,25.922,1,0,0,0,33246.1,659.669,2.05299
104.69,4.29736e+06,593258,4.66662e+06,-445.705,-304.967,436.983,0.52211,0.107085,0.0397522,-0.845194,4.31904e+06,606403,4.64502e+06,-37.1709,12.0187,25.9003,1,0,0,0,33311.8,660.582,2.04295
104.79,4.29732e+06,593228,4.66667e+06,-446.76,-305.216,436.937,0.526257,0.106664,0.0383157,-0.842739,4.31904e+06,606404,4.64502e+06,-37.0422,12.1863,25.8782,1,0,0,0,33377.6,661.5,2.03321
104.89,4.29727e+06,593197,4.66671e+06,-447.329,-305.396,437.42,0.530562,0.106231,0.0368626,-0.840155,4.31904e+06,606405,4.64502e+06,-36.9123,12.3537,25.8557,1,0,0,0,33443.5,662.414,2.02307
104.99,4.29723e+06,593167,4.66676e+06,-447.257,-305.487,438.599,0.535294,0.105751,0.0354631,-0.837269,4.31903e+06,606406,4.64502e+06,-36.7813,12.5208,25.8329,1,0,0,0,33509.5,663.321,2.01188
105.09,4.29718e+06,593136,4.6668e+06,-448.048,-305.693,438.838,0.539407,0.10389,0.0349716,-0.83488,4.31903e+06,606408,4.64503e+06,-36.6491,12.6876,25.8097,1,0,0,0,33575.6,664.235,2.00213
105.19,4.29714e+06,593106,4.66684e+06,-447.448,-305.705,440.589,0.543607,0.103431,0.0335718,-0.832266,4.31902e+06,606409,4.64503e+06,-36.5158,12.8541,25.7861,1,0,0,0,33641.8,665.136,1.99214
105.29,4.2971e+06,593075,4.66689e+06,-446.623,-305.684,442.584,0.54779,0.102973,0.0321926,-0.82963,4.31902e+06,606410,4.64503e+06,-36.3813,13.0203,25.7621,1,0,0,0,33708.1,666.041,1.98215
105.39,4.29705e+06,593045,4.66693e+06,-446.39,-305.742,443.937,0.551991,0.102518,0.0307664,-0.826952,4.31902e+06,606412,4.64503e+06,-36.2457,13.1862,25.7377,1,0,0,0,33774.5,666.951,1.97209
105.49,4.29701e+06,593014,4.66698e+06,-447.339,-305.961,444.006,0.556102,0.102066,0.0293754,-0.8243,4.31901e+06,606413,4.64504e+06,-36.1089,13.3519,25.7129,1,0,0,0,33841,667.862,1.96222
105.59,4.29696e+06,592984,4.66702e+06,-448.428,-306.197,443.923,0.560198,0.101617,0.0279869,-0.821626,4.31901e+06,606414,4.64504e+06,-35.9711,13.5172,25.6877,1,0,0,0,33907.5,668.774,1.95234
105.69,4.29692e+06,592953,4.66707e+06,-450.247,-306.532,443.048,0.564156,0.101123,0.0265672,-0.819022,4.31901e+06,606416,4.64504e+06,-35.8321,13.6822,25.6621,1,0,0,0,33974.1,669.692,1.94277
105.79,4.29687e+06,592922,4.66711e+06,-451.504,-306.786,442.784,0.568143,0.100649,0.0251903,-0.816363,4.319e+06,606417,4.64504e+06,-35.692,13.8469,25.6361,1,0,0,0,34040.9,670.61,1.9331
105.89,4.29683e+06,592891,4.66715e+06,-451.904,-306.921,443.452,0.572353,0.100167,0.0238231,-0.813517,4.319e+06,606418,4.64505e+06,-35.5508,14.0113,25.6096,1,0,0,0,34107.7,671.52,1.92285
105.99,4.29678e+06,592861,4.6672e+06,-452.237,-307.045,444.192,0.576635,0.0996727,0.0224698,-0.810588,4.319e+06,606420,4.64505e+06,-35.4085,14.1754,25.5828,1,0,0,0,34174.6,672.43,1.91239
106.09,4.29674e+06,592830,4.66724e+06,-453.028,-307.231,444.434,0.580568,0.0988219,0.0222402,-0.807887,4.31899e+06,606421,4.64505e+06,-35.2652,14.3391,25.5555,1,0,0,0,34241.6,673.344,1.90274
106.19,4.29669e+06,592799,4.66729e+06,-453.964,-307.434,444.519,0.584566,0.0983186,0.0208741,-0.805096,4.31899e+06,606423,4.64505e+06,-35.1207,14.5025,25.5278,1,0,0,0,34308.8,674.259,1.8929
106.29,4.29665e+06,592769,4.66733e+06,-453.937,-307.502,445.649,0.588592,0.0978322,0.0195234,-0.802251,4.31899e+06,606424,4.64506e+06,-34.9752,14.6656,25.4996,1,0,0,0,34376,675.164,1.88296
106.39,4.2966e+06,592738,4.66738e+06,-454.431,-307.64,446.215,0.592607,0.0973485,0.0181938,-0.79938,4.31898e+06,606426,4.64506e+06,-34.8287,14.8283,25.471,1,0,0,0,34443.3,676.075,1.87301
106.49,4.29656e+06,592707,4.66742e+06,-455.436,-307.846,446.225,0.596601,0.0968836,0.0168835,-0.79649,4.31898e+06,606427,4.64506e+06,-34.6811,14.9907,25.442,1,0,0,0,34510.7,676.991,1.86307
106.59,4.29651e+06,592676,4.66747e+06,-456.161,-308.012,446.541,0.600588,0.0963938,0.015575,-0.793574,4.31898e+06,606429,4.64507e+06,-34.5324,15.1527,25.4125,1,0,0,0,34578.1,677.905,1.85312
106.69,4.29646e+06,592646,4.66751e+06,-456.564,-308.131,447.206,0.604581,0.0958846,0.0142499,-0.790623,4.31897e+06,606430,4.64507e+06,-34.3828,15.3144,25.3825,1,0,0,0,34645.7,678.815,1.84311
106.79,4.29642e+06,592615,4.66756e+06,-456.683,-308.209,448.181,0.608629,0.0953767,0.0129402,-0.787595,4.31897e+06,606432,4.64507e+06,-34.2321,15.4757,25.3521,1,0,0,0,34713.4,679.721,1.83293
106.89,4.29637e+06,592584,4.6676e+06,-457.576,-308.392,448.316,0.612525,0.0948704,0.0116562,-0.784651,4.31896e+06,606433,4.64507e+06,-34.0804,15.6367,25.3212,1,0,0,0,34781.2,680.637,1.82309
106.99,4.29633e+06,592553,4.66765e+06,-458.067,-308.518,448.887,0.616538,0.0943626,0.0103636,-0.781581,4.31896e+06,606435,4.64508e+06,-33.9277,15.7973,25.2899,1,0,0,0,34849,681.549,1.81292
107.09,4.29628e+06,592523,4.66769e+06,-458.86,-308.682,449.131,0.620451,0.0937162,0.0090821,-0.778573,4.31896e+06,606436,4.64508e+06,-33.774,15.9575,25.2581,1,0,0,0,34917,682.464,1.80296
107.19,4.29624e+06,592492,4.66774e+06,-460.542,-308.967,448.409,0.624309,0.0931839,0.00778778,-0.77556,4.31895e+06,606438,4.64508e+06,-33.6193,16.1173,25.2258,1,0,0,0,34985,683.394,1.7931
107.29,4.29619e+06,592461,4.66778e+06,-461.912,-309.207,448.027,0.628148,0.0926525,0.00654334,-0.77253,4.31895e+06,606440,4.64508e+06,-33.4636,16.2768,25.1931,1,0,0,0,35053.1,684.322,1.78325
107.39,4.29615e+06,592430,4.66783e+06,-462.465,-309.333,448.532,0.631991,0.0921158,0.00528141,-0.769464,4.31895e+06,606441,4.64509e+06,-33.307,16.4358,25.1598,1,0,0,0,35121.3,685.234,1.77335
107.49,4.2961e+06,592399,4.66787e+06,-461.533,-309.252,450.652,0.635885,0.0915774,0.00406387,-0.766321,4.31894e+06,606443,4.64509e+06,-33.1494,16.5945,25.1261,1,0,0,0,35189.7,686.12,1.76328
107.59,4.29605e+06,592368,4.66792e+06,-462.668,-309.453,450.526,0.63968,0.0910339,0.00285169,-0.763226,4.31894e+06,606445,4.64509e+06,-32.9908,16.7528,25.0918,1,0,0,0,35258.1,687.042,1.75343
107.69,4.29601e+06,592337,4.66796e+06,-463.14,-309.561,451.121,0.64351,0.0905048,0.00162643,-0.760067,4.31894e+06,606446,4.64509e+06,-32.8313,16.9106,25.0571,1,0,0,0,35326.6,687.954,1.74344
107.79,4.29596e+06,592306,4.66801e+06,-463.098,-309.597,452.276,0.647391,0.0899683,0.000414771,-0.75683,4.31893e+06,606448,4.6451e+06,-32.6709,17.0681,25.0219,1,0,0,0,35395.2,688.857,1.73328
107.89,4.29592e+06,592275,4.66806e+06,-463.118,-309.64,453.364,0.651304,0.089422,-0.000770323,-0.753529,4.31893e+06,606450,4.6451e+06,-32.5095,17.2251,24.9861,1,0,0,0,35463.9,689.762,1.72299
107.99,4.29587e+06,592244,4.6681e+06,-463.123,-309.679,454.468,0.655246,0.0888845,-0.001938,-0.750166,4.31893e+06,606451,4.6451e+06,-32.3472,17.3818,24.9499,1,0,0,0,35532.8,690.668,1.71258
108.09,4.29582e+06,592213,4.66815e+06,-463.917,-309.825,454.713,0.65896,0.0878694,-0.0025279,-0.747024,4.31892e+06,606453,4.6451e+06,-32.1841,17.538,24.9131,1,0,0,0,35601.6,691.583,1.70272
108.19,4.29578e+06,592183,4.66819e+06,-461.916,-309.583,457.997,0.662687,0.0873288,-0.0036895,-0.743778,4.31892e+06,606455,4.64511e+06,-32.02,17.6938,24.8758,1,0,0,0,35670.7,692.47,1.69279
108.29,4.29573e+06,592152,4.66824e+06,-464.706,-310,456.074,0.666369,0.0867826,-0.00482458,-0.740539,4.31892e+06,606457,4.64511e+06,-31.855,17.8491,24.838,1,0,0,0,35739.7,693.405,1.68294
108.39,4.29569e+06,592121,4.66829e+06,-464.398,-309.989,457.519,0.670053,0.0862235,-0.00595639,-0.737265,4.31892e+06,606458,4.64511e+06,-31.6892,18.004,24.7996,1,0,0,0,35808.9,694.307,1.67303
108.49,4.29564e+06,592090,4.66833e+06,-465.369,-310.152,457.574,0.673697,0.0856476,-0.00705979,-0.733994,4.31891e+06,606460,4.64511e+06,-31.5224,18.1585,24.7608,1,0,0,0,35878.1,695.225,1.66319
108.59,4.29559e+06,592059,4.66838e+06,-464.863,-310.11,459.234,0.677399,0.0850813,-0.00814401,-0.730633,4.31891e+06,606462,4.64512e+06,-31.3549,18.3126,24.7214,1,0,0,0,35947.5,696.126,1.65315
108.69,4.29555e+06,592028,4.66842e+06,-464.906,-310.141,460.299,0.68107,0.0844936,-0.00922086,-0.727269,4.31891e+06,606464,4.64512e+06,-31.1864,18.4661,24.6814,1,0,0,0,36016.9,697.035,1.64315
108.79,4.2955e+06,591997,4.66847e+06,-464.893,-310.164,461.425,0.68474,0.0839252,-0.0103052,-0.723865,4.3189e+06,606466,4.64512e+06,-31.0172,18.6193,24.6409,1,0,0,0,36086.5,697.945,1.6331
108.89,4.29545e+06,591966,4.66852e+06,-466.505,-310.408,460.784,0.688262,0.0833471,-0.0113871,-0.720569,4.3189e+06,606468,4.64512e+06,-30.847,18.772,24.5998,1,0,0,0,36156.1,698.866,1.62341
108.99,4.29541e+06,591935,4.66856e+06,-467.143,-310.516,461.203,0.69185,0.0827954,-0.0124544,-0.71717,4.3189e+06,606470,4.64513e+06,-30.6761,18.9242,24.5582,1,0,0,0,36225.8,699.781,1.6135
109.09,4.29536e+06,591904,4.66861e+06,-467.94,-310.645,461.45,0.695456,0.0818621,-0.0135656,-0.713761,4.31889e+06,606471,4.64513e+06,-30.5044,19.0759,24.516,1,0,0,0,36295.6,700.697,1.60348
109.19,4.29531e+06,591873,4.66866e+06,-468.539,-310.744,461.912,0.699015,0.0812647,-0.0145779,-0.710325,4.31889e+06,606473,4.64513e+06,-30.3318,19.2272,24.4733,1,0,0,0,36365.5,701.612,1.59355
109.29,4.29527e+06,591841,4.6687e+06,-469.561,-310.899,461.914,0.702547,0.0806742,-0.0155973,-0.706878,4.31889e+06,606475,4.64513e+06,-30.1584,19.378,24.43,1,0,0,0,36435.5,702.532,1.58365
109.39,4.29522e+06,591810,4.66875e+06,-472.499,-311.317,459.835,0.706037,0.0800909,-0.0165936,-0.703436,4.31888e+06,606477,4.64513e+06,-29.9843,19.5284,24.3861,1,0,0,0,36505.6,703.487,1.57382
109.49,4.29517e+06,591779,4.66879e+06,-469.653,-310.937,464.043,0.709593,0.0795198,-0.0176045,-0.699888,4.31888e+06,606479,4.64514e+06,-29.8094,19.6782,24.3416,1,0,0,0,36575.9,704.348,1.56375
109.59,4.29513e+06,591748,4.66884e+06,-469.266,-310.894,465.579,0.71309,0.0789187,-0.0185704,-0.696369,4.31888e+06,606481,4.64514e+06,-29.6337,19.8276,24.2966,1,0,0,0,36646.2,705.254,1.5538
109.69,4.29508e+06,591717,4.66889e+06,-469.494,-310.935,466.445,0.716567,0.0783433,-0.0194983,-0.69283,4.31888e+06,606483,4.64514e+06,-29.4572,19.9764,24.2509,1,0,0,0,36716.6,706.166,1.54386
109.79,4.29503e+06,591686,4.66893e+06,-471.018,-311.152,465.903,0.719982,0.0777486,-0.0204501,-0.689321,4.31887e+06,606485,4.64514e+06,-29.28,20.1248,24.2047,1,0,0,0,36787,707.089,1.53404
109.89,4.29499e+06,591655,4.66898e+06,-471.314,-311.198,466.698,0.723446,0.0771331,-0.0213761,-0.685725,4.31887e+06,606487,4.64515e+06,-29.1021,20.2726,24.1579,1,0,0,0,36857.6,708.002,1.52403
109.99,4.29494e+06,591624,4.66903e+06,-472.415,-311.355,466.617,0.726815,0.0765563,-0.0223208,-0.682188,4.31887e+06,606489,4.64515e+06,-28.9234,20.42,24.1105,1,0,0,0,36928.2,708.922,1.51424
110.09,4.29489e+06,591593,4.66908e+06,-473.213,-311.464,466.863,0.73041,0.0735624,-0.0235953,-0.678626,4.31886e+06,606491,4.64515e+06,-28.744,20.5668,24.0624,1,0,0,0,36999,709.838,1.50375
110.19,4.29485e+06,591562,4.66912e+06,-473.977,-311.568,467.147,0.73379,0.0729746,-0.0244375,-0.675004,4.31886e+06,606493,4.64515e+06,-28.5639,20.7132,24.0138,1,0,0,0,37069.9,710.753,1.49383
110.29,4.2948e+06,591531,4.66917e+06,-471.075,-311.165,471.416,0.737164,0.0723679,-0.0252457,-0.671353,4.31886e+06,606495,4.64516e+06,-28.3831,20.859,23.9646,1,0,0,0,37140.9,711.639,1.48387
110.39,4.29475e+06,591499,4.66922e+06,-473.639,-311.514,469.745,0.7405,0.0717709,-0.0260673,-0.667705,4.31886e+06,606497,4.64516e+06,-28.2016,21.0043,23.9147,1,0,0,0,37211.9,712.563,1.47397
110.49,4.2947e+06,591468,4.66926e+06,-475.729,-311.796,468.587,0.743805,0.0711511,-0.026878,-0.664055,4.31885e+06,606500,4.64516e+06,-28.0194,21.149,23.8642,1,0,0,0,37283,713.495,1.4641
110.59,4.29466e+06,591437,4.66931e+06,-474.145,-311.571,471.425,0.747126,0.070532,-0.0276849,-0.660349,4.31885e+06,606502,4.64516e+06,-27.8366,21.2933,23.8131,1,0,0,0,37354.2,714.385,1.45414
110.69,4.29461e+06,591406,4.66936e+06,-474.46,-311.606,472.198,0.750417,0.0699362,-0.0284643,-0.656638,4.31885e+06,606504,4.64517e+06,-27.6531,21.437,23.7614,1,0,0,0,37425.5,715.297,1.44421
110.79,4.29456e+06,591375,4.66941e+06,-475.182,-311.696,472.529,0.753691,0.0693372,-0.0292609,-0.652906,4.31884e+06,606506,4.64517e+06,-27.4689,21.5801,23.709,1,0,0,0,37496.9,716.212,1.43427
110.89,4.29451e+06,591344,4.66945e+06,-475.867,-311.78,472.901,0.756948,0.0687074,-0.0300334,-0.649159,4.31884e+06,606508,4.64517e+06,-27.2841,21.7227,23.656,1,0,0,0,37568.4,717.127,1.42433
110.99,4.29447e+06,591313,4.6695e+06,-477.142,-311.943,472.631,0.760154,0.0680842,-0.0307564,-0.645433,4.31884e+06,606510,4.64517e+06,-27.0986,21.8648,23.6023,1,0,0,0,37640,718.048,1.41449
111.09,4.29442e+06,591281,4.66955e+06,-477.941,-312.042,472.878,0.763297,0.068001,-0.0302717,-0.641746,4.31884e+06,606513,4.64518e+06,-26.9126,22.0063,23.548,1,0,0,0,37711.7,718.966,1.40479
111.19,4.29437e+06,591250,4.6696e+06,-478.804,-312.15,473.055,0.766483,0.0674083,-0.0310115,-0.637964,4.31883e+06,606515,4.64518e+06,-26.7259,22.1472,23.4931,1,0,0,0,37783.5,719.886,1.3949
111.29,4.29432e+06,591219,4.66964e+06,-480.556,-312.378,472.267,0.76968,0.0667909,-0.0316854,-0.634135,4.31883e+06,606517,4.64518e+06,-26.5386,22.2876,23.4375,1,0,0,0,37855.4,720.819,1.38491
111.39,4.29428e+06,591188,4.66969e+06,-481.15,-312.446,472.737,0.772828,0.0661581,-0.0323602,-0.630328,4.31883e+06,606519,4.64518e+06,-26.3507,22.4274,23.3812,1,0,0,0,37927.3,721.736,1.37502
111.49,4.29423e+06,591157,4.66974e+06,-480.628,-312.359,474.421,0.775961,0.0655378,-0.033003,-0.626499,4.31883e+06,606521,4.64518e+06,-26.1622,22.5666,23.3243,1,0,0,0,37999.4,722.636,1.36512
111.59,4.29418e+06,591125,4.66979e+06,-479.006,-312.119,477.301,0.779066,0.0648769,-0.0336766,-0.622666,4.31882e+06,606524,4.64519e+06,-25.9731,22.7053,23.2667,1,0,0,0,38071.6,723.529,1.35524
111.69,4.29413e+06,591094,4.66983e+06,-480.298,-312.28,477.013,0.78216,0.064262,-0.0342829,-0.618805,4.31882e+06,606526,4.64519e+06,-25.7835,22.8434,23.2084,1,0,0,0,38143.9,724.451,1.34534
111.79,4.29409e+06,591063,4.66988e+06,-480.959,-312.353,477.411,0.785247,0.0636586,-0.0348908,-0.614912,4.31882e+06,606528,4.64519e+06,-25.5933,22.9809,23.1495,1,0,0,0,38216.2,725.369,1.3354
111.89,4.29404e+06,591032,4.66993e+06,-481.792,-312.448,477.621,0.788302,0.0630403,-0.0355142,-0.611019,4.31882e+06,606531,4.64519e+06,-25.4026,23.1178,23.0898,1,0,0,0,38288.6,726.289,1.3255
111.99,4.29399e+06,591001,4.66998e+06,-482.357,-312.506,478.125,0.791333,0.0624401,-0.0360932,-0.607117,4.31881e+06,606533,4.6452e+06,-25.2114,23.2542,23.0295,1,0,0,0,38361.2,727.206,1.31562
112.09,4.29394e+06,590969,4.67003e+06,-483.154,-312.597,478.373,0.794336,0.0619488,-0.0350583,-0.603294,4.31881e+06,606535,4.6452e+06,-25.0196,23.3899,22.9686,1,0,0,0,38433.8,728.126,1.30577
112.19,4.29389e+06,590938,4.67007e+06,-481.393,-312.336,481.403,0.797341,0.0613226,-0.0355864,-0.59935,4.31881e+06,606538,4.6452e+06,-24.8272,23.525,22.9069,1,0,0,0,38506.6,729.022,1.29584
112.29,4.29385e+06,590907,4.67012e+06,-482.305,-312.441,481.526,0.800323,0.0607029,-0.0360915,-0.595395,4.31881e+06,606540,4.6452e+06,-24.6344,23.6595,22.8445,1,0,0,0,38579.4,729.942,1.28592
112.39,4.2938e+06,590876,4.67017e+06,-482.121,-312.395,482.841,0.803278,0.0601075,-0.0365973,-0.591432,4.3188e+06,606542,4.64521e+06,-24.4411,23.7935,22.7814,1,0,0,0,38652.3,730.854,1.27603
112.49,4.29375e+06,590844,4.67022e+06,-485.03,-312.773,480.792,0.806241,0.0594962,-0.0370969,-0.587418,4.3188e+06,606545,4.64521e+06,-24.2473,23.9268,22.7177,1,0,0,0,38725.2,731.792,1.26605
112.59,4.2937e+06,590813,4.67027e+06,-485.857,-312.865,481.007,0.809168,0.058899,-0.0375887,-0.583408,4.3188e+06,606547,4.64521e+06,-24.053,24.0595,22.6532,1,0,0,0,38798.3,732.714,1.25612
112.69,4.29365e+06,590782,4.67032e+06,-485.91,-312.848,482.065,0.812054,0.0582823,-0.0380489,-0.579417,4.3188e+06,606550,4.64521e+06,-23.8583,24.1915,22.588,1,0,0,0,38871.5,733.626,1.24627
112.79,4.2936e+06,590751,4.67036e+06,-487.205,-313.003,481.771,0.814957,0.0576713,-0.0384456,-0.575362,4.31879e+06,606552,4.64521e+06,-23.6631,24.323,22.5221,1,0,0,0,38944.8,734.554,1.23628
112.89,4.29355e+06,590719,4.67041e+06,-487.014,-312.952,483.095,0.817775,0.057062,-0.038896,-0.57138,4.31879e+06,606554,4.64522e+06,-23.4674,24.4538,22.4555,1,0,0,0,39018.2,735.463,1.22652
112.99,4.29351e+06,590688,4.67046e+06,-488.276,-313.1,482.836,0.820669,0.0564315,-0.0392927,-0.567251,4.31879e+06,606557,4.64522e+06,-23.2713,24.584,22.3882,1,0,0,0,39091.6,736.392,1.21643
113.09,4.29346e+06,590657,4.67051e+06,-489.072,-313.186,483.085,0.82343,0.0568537,-0.0388175,-0.563226,4.31879e+06,606559,4.64522e+06,-23.0748,24.7136,22.3201,1,0,0,0,39165.2,737.315,1.20673
113.19,4.29341e+06,590626,4.67056e+06,-488.241,-313.048,485.104,0.826257,0.0562261,-0.039201,-0.559107,4.31878e+06,606562,4.64522e+06,-22.8778,24.8425,22.2513,1,0,0,0,39238.9,738.217,1.19673
113.29,4.29336e+06,590594,4.67061e+06,-488.051,-312.997,486.425,0.829064,0.0556033,-0.0395643,-0.554974,4.31878e+06,606564,4.64523e+06,-22.6804,24.9707,22.1818,1,0,0,0,39312.6,739.13,1.18673
113.39,4.29331e+06,590563,4.67066e+06,-486.141,-312.709,489.617,0.831829,0.0550043,-0.0398987,-0.550857,4.31878e+06,606567,4.64523e+06,-22.4827,25.0984,22.1116,1,0,0,0,39386.5,740.036,1.1768
113.49,4.29326e+06,590532,4.67071e+06,-487.598,-312.884,489.146,0.834598,0.0544,-0.0402362,-0.546688,4.31878e+06,606569,4.64523e+06,-22.2845,25.2253,22.0406,1,0,0,0,39460.5,740.96,1.16679
113.59,4.29322e+06,590501,4.67076e+06,-488.351,-312.961,489.44,0.837327,0.0538025,-0.0405488,-0.542535,4.31877e+06,606572,4.64523e+06,-22.086,25.3517,21.9689,1,0,0,0,39534.5,741.882,1.15684
113.69,4.29317e+06,590469,4.6708e+06,-490.178,-313.186,488.566,0.84006,0.0532122,-0.0408338,-0.538331,4.31877e+06,606574,4.64523e+06,-21.8871,25.4773,21.8964,1,0,0,0,39608.6,742.812,1.14681
113.79,4.29312e+06,590438,4.67085e+06,-490.469,-313.198,489.363,0.842717,0.0526106,-0.0411207,-0.534199,4.31877e+06,606577,4.64524e+06,-21.6878,25.6023,21.8232,1,0,0,0,39682.8,743.731,1.13697
113.89,4.29307e+06,590407,4.6709e+06,-491.351,-313.292,489.517,0.845407,0.051996,-0.0413688,-0.529973,4.31877e+06,606579,4.64524e+06,-21.4882,25.7267,21.7492,1,0,0,0,39757.1,744.655,1.12694
113.99,4.29302e+06,590375,4.67095e+06,-492.402,-313.408,489.485,0.848082,0.0513878,-0.0416063,-0.525724,4.31877e+06,606582,4.64524e+06,-21.2882,25.8503,21.6745,1,0,0,0,39831.5,745.581,1.11688
114.09,4.29297e+06,590344,4.671e+06,-493.198,-313.491,489.734,0.850572,0.0527103,-0.0420616,-0.521517,4.31876e+06,606585,4.64524e+06,-21.0879,25.9733,21.599,1,0,0,0,39906.1,746.509,1.10745
114.19,4.29292e+06,590312,4.67105e+06,-494.133,-313.594,489.831,0.853183,0.0521371,-0.0422537,-0.517276,4.31876e+06,606587,4.64525e+06,-20.8873,26.0956,21.5228,1,0,0,0,39980.6,747.438,1.09748
114.29,4.29287e+06,590281,4.6711e+06,-492.505,-313.343,492.718,0.855774,0.0515248,-0.0424508,-0.513025,4.31876e+06,606590,4.64525e+06,-20.6863,26.2172,21.4458,1,0,0,0,40055.4,748.339,1.0875
114.39,4.29282e+06,590250,4.67115e+06,-494.943,-313.651,491.179,0.858352,0.0509115,-0.042595,-0.508749,4.31876e+06,606592,4.64525e+06,-20.4851,26.3382,21.368,1,0,0,0,40130.1,749.283,1.0775
114.49,4.29277e+06,590218,4.6712e+06,-495.33,-313.677,491.871,0.860893,0.0502968,-0.0427802,-0.504482,4.31876e+06,606595,4.64525e+06,-20.2835,26.4584,21.2895,1,0,0,0,40205,750.206,1.06755
114.59,4.29272e+06,590187,4.67125e+06,-494.513,-313.536,493.874,0.863407,0.0496663,-0.0429181,-0.50022,4.31875e+06,606598,4.64525e+06,-20.0817,26.578,21.2102,1,0,0,0,40280,751.115,1.05762
114.69,4.29267e+06,590156,4.6713e+06,-494.728,-313.537,494.753,0.865905,0.0490798,-0.0430512,-0.49593,4.31875e+06,606600,4.64526e+06,-19.8796,26.6969,21.1301,1,0,0,0,40355.1,752.037,1.04768
114.79,4.29262e+06,590125,4.67135e+06,-495.803,-313.657,494.695,0.868404,0.0484749,-0.043185,-0.491589,4.31875e+06,606603,4.64526e+06,-19.6772,26.815,21.0492,1,0,0,0,40430.2,752.966,1.03764
114.89,4.29258e+06,590093,4.6714e+06,-495.704,-313.614,495.917,0.870833,0.0478535,-0.0432938,-0.487325,4.31875e+06,606606,4.64526e+06,-19.4746,26.9325,20.9676,1,0,0,0,40505.5,753.885,1.0278
114.99,4.29253e+06,590062,4.67145e+06,-496.258,-313.661,496.426,0.873271,0.0472536,-0.0433529,-0.482996,4.31875e+06,606608,4.64526e+06,-19.2718,27.0492,20.8852,1,0,0,0,40580.8,754.81,1.01784
115.09,4.29248e+06,590031,4.6715e+06,-497.049,-313.741,496.676,0.875693,0.0467773,-0.0429451,-0.478674,4.31874e+06,606611,4.64526e+06,-19.0686,27.1653,20.802,1,0,0,0,40656.3,755.737,1.00785
115.19,4.29243e+06,589999,4.67155e+06,-497.284,-313.745,497.53,0.878116,0.0461601,-0.0430018,-0.47427,4.31874e+06,606614,4.64527e+06,-18.8653,27.2806,20.718,1,0,0,0,40731.8,756.659,0.997773
115.29,4.29238e+06,589968,4.67159e+06,-498.917,-313.94,496.862,0.880508,0.0455517,-0.0429996,-0.469874,4.31874e+06,606617,4.64527e+06,-18.6618,27.3952,20.6332,1,0,0,0,40807.4,757.594,0.987727
115.39,4.29233e+06,589936,4.67164e+06,-499,-313.922,497.881,0.882861,0.0449458,-0.0429932,-0.465498,4.31874e+06,606619,4.64527e+06,-18.458,27.5091,20.5476,1,0,0,0,40883.2,758.514,0.977754
115.49,4.29228e+06,589905,4.67169e+06,-501.912,-314.292,495.82,0.885214,0.0443612,-0.042996,-0.461063,4.31874e+06,606622,4.64527e+06,-18.254,27.6223,20.4612,1,0,0,0,40958.9,759.471,0.967684
115.59,4.29223e+06,589874,4.67174e+06,-499.666,-313.954,499.373,0.887505,0.0437744,-0.0429714,-0.456697,4.31873e+06,606625,4.64527e+06,-18.0499,27.7348,20.374,1,0,0,0,41034.9,760.358,0.957789
115.69,4.29218e+06,589842,4.67179e+06,-500.767,-314.075,499.281,0.889805,0.0432054,-0.0429001,-0.45226,4.31873e+06,606628,4.64528e+06,-17.8456,27.8465,20.286,1,0,0,0,41110.9,761.288,0.947756
115.79,4.29213e+06,589811,4.67184e+06,-501.023,-314.08,500.109,0.892058,0.0426472,-0.0428827,-0.447855,4.31873e+06,606631,4.64528e+06,-17.6411,27.9574,20.1972,1,0,0,0,41187,762.209,0.937834
115.89,4.29208e+06,589780,4.6719e+06,-501.015,-314.049,501.224,0.894279,0.0420704,-0.0428227,-0.443466,4.31873e+06,606633,4.64528e+06,-17.4364,28.0677,20.1076,1,0,0,0,41263.2,763.129,0.927959
115.99,4.29203e+06,589748,4.67195e+06,-501.732,-314.117,501.55,0.896519,0.0414707,-0.0427228,-0.438986,4.31873e+06,606636,4.64528e+06,-17.2316,28.1772,20.0172,1,0,0,0,41339.5,764.055,0.917896
116.09,4.29198e+06,589717,4.672e+06,-502.517,-314.195,501.801,0.898697,0.0414133,-0.0429452,-0.434493,4.31873e+06,606639,4.64529e+06,-17.0266,28.2859,19.926,1,0,0,0,41415.9,764.982,0.908014
116.19,4.29193e+06,589685,4.67205e+06,-503.007,-314.233,502.371,0.900901,0.0408151,-0.042828,-0.429973,4.31872e+06,606642,4.64529e+06,-16.8215,28.3939,19.834,1,0,0,0,41492.3,765.906,0.897909
116.29,4.29188e+06,589654,4.6721e+06,-504.352,-314.388,502.011,0.903055,0.0402521,-0.0427203,-0.425495,4.31872e+06,606645,4.64529e+06,-16.6163,28.5012,19.7411,1,0,0,0,41568.9,766.84,0.887933
116.39,4.29183e+06,589623,4.67215e+06,-504.341,-314.356,503.126,0.905195,0.0396722,-0.0425482,-0.420996,4.31872e+06,606647,4.64529e+06,-16.411,28.6077,19.6475,1,0,0,0,41645.6,767.758,0.877915
116.49,4.29178e+06,589591,4.6722e+06,-504.985,-314.414,503.527,0.907311,0.0391166,-0.042394,-0.416484,4.31872e+06,606650,4.64529e+06,-16.2055,28.7134,19.553,1,0,0,0,41722.3,768.683,0.867905
116.59,4.29173e+06,589560,4.67225e+06,-504.825,-314.362,504.803,0.909393,0.0385622,-0.0421961,-0.411992,4.31872e+06,606653,4.64529e+06,-16,28.8184,19.4577,1,0,0,0,41799.2,769.599,0.85795
116.69,4.29168e+06,589528,4.6723e+06,-505.445,-314.417,505.228,0.911475,0.0379748,-0.0420154,-0.407439,4.31872e+06,606656,4.6453e+06,-15.7944,28.9226,19.3615,1,0,0,0,41876.1,770.524,0.847882
116.79,4.29163e+06,589497,4.67235e+06,-506.167,-314.486,505.542,0.913525,0.03742,-0.0417883,-0.402895,4.31871e+06,606659,4.6453e+06,-15.5887,29.0261,19.2646,1,0,0,0,41953.2,771.449,0.837856
116.89,4.29158e+06,589465,4.6724e+06,-505.952,-314.427,506.875,0.915519,0.0368378,-0.0415955,-0.39842,4.31871e+06,606662,4.6453e+06,-15.3829,29.1288,19.1668,1,0,0,0,42030.3,772.366,0.828002
116.99,4.29153e+06,589434,4.67245e+06,-506.621,-314.488,507.246,0.91753,0.0362758,-0.0413425,-0.393845,4.31871e+06,606665,4.6453e+06,-15.177,29.2307,19.0682,1,0,0,0,42107.5,773.29,0.817946
117.09,4.29148e+06,589403,4.67251e+06,-507.397,-314.567,507.498,0.919476,0.0368044,-0.0406343,-0.389305,4.31871e+06,606668,4.6453e+06,-14.9712,29.3318,18.9687,1,0,0,0,42184.9,774.216,0.808102
117.19,4.29143e+06,589371,4.67256e+06,-509.372,-314.81,506.444,0.921444,0.0362692,-0.0403471,-0.384705,4.31871e+06,606671,4.64531e+06,-14.7652,29.4322,18.8684,1,0,0,0,42262.3,775.157,0.798031
117.29,4.29137e+06,589340,4.67261e+06,-510.845,-314.985,505.933,0.923396,0.0357347,-0.0400719,-0.380075,4.31871e+06,606674,4.64531e+06,-14.5593,29.5317,18.7673,1,0,0,0,42339.8,776.094,0.787922
117.39,4.29132e+06,589308,4.67266e+06,-510.299,-314.882,507.622,0.925297,0.035208,-0.0398008,-0.375501,4.31871e+06,606677,4.64531e+06,-14.3533,29.6305,18.6654,1,0,0,0,42417.4,777,0.777955
117.49,4.29127e+06,589277,4.67271e+06,-511.054,-314.958,507.894,0.927198,0.0346837,-0.0395089,-0.370863,4.3187e+06,606680,4.64531e+06,-14.1473,29.7285,18.5626,1,0,0,0,42495.1,777.926,0.767869
117.59,4.29122e+06,589245,4.67276e+06,-510.824,-314.899,509.236,0.92906,0.0341367,-0.0391829,-0.36626,4.3187e+06,606683,4.64531e+06,-13.9413,29.8257,18.459,1,0,0,0,42572.9,778.838,0.757865
117.69,4.29117e+06,589214,4.67281e+06,-512.266,-315.07,508.755,0.930916,0.0336381,-0.0388509,-0.3616,4.3187e+06,606686,4.64532e+06,-13.7352,29.9221,18.3545,1,0,0,0,42650.7,779.773,0.747767
117.79,4.29112e+06,589182,4.67286e+06,-513.034,-315.148,509.008,0.932739,0.0331311,-0.0384867,-0.356957,4.3187e+06,606689,4.64532e+06,-13.5292,30.0178,18.2492,1,0,0,0,42728.7,780.698,0.737718
117.89,4.29107e+06,589151,4.67291e+06,-512.809,-315.09,510.342,0.934514,0.0326437,-0.0381126,-0.352371,4.3187e+06,606692,4.64532e+06,-13.3233,30.1126,18.143,1,0,0,0,42806.8,781.608,0.72781
117.99,4.29102e+06,589120,4.67296e+06,-512.924,-315.079,511.305,0.93627,0.0321269,-0.037756,-0.347765,4.3187e+06,606695,4.64532e+06,-13.1173,30.2066,18.036,1,0,0,0,42884.9,782.523,0.717878
118.09,4.29097e+06,589088,4.67302e+06,-513.689,-315.158,511.558,0.938009,0.032115,-0.0371799,-0.34311,4.3187e+06,606698,4.64532e+06,-12.9114,30.2998,17.9282,1,0,0,0,42963.2,783.447,0.707909
118.19,4.29092e+06,589057,4.67307e+06,-514.455,-315.238,511.808,0.939741,0.0316114,-0.0367807,-0.338429,4.31869e+06,606701,4.64532e+06,-12.7055,30.3922,17.8195,1,0,0,0,43041.5,784.371,0.697847
118.29,4.29087e+06,589025,4.67312e+06,-512.801,-314.986,514.694,0.941456,0.0310825,-0.0363603,-0.333726,4.31869e+06,606704,4.64533e+06,-12.4997,30.4838,17.71,1,0,0,0,43120,785.267,0.687747
118.39,4.29081e+06,588994,4.67317e+06,-512.749,-314.953,515.833,0.943153,0.0305957,-0.0359087,-0.328993,4.31869e+06,606707,4.64533e+06,-12.294,30.5745,17.5996,1,0,0,0,43198.6,786.181,0.677605
118.49,4.29076e+06,588962,4.67322e+06,-514.2,-315.127,515.334,0.944829,0.0301023,-0.035463,-0.324245,4.31869e+06,606710,4.64533e+06,-12.0883,30.6645,17.4883,1,0,0,0,43277.2,787.108,0.667449
118.59,4.29071e+06,588931,4.67327e+06,-515.209,-315.241,515.314,0.946478,0.0295966,-0.0350195,-0.319496,4.31869e+06,606713,4.64533e+06,-11.8827,30.7536,17.3762,1,0,0,0,43355.9,788.031,0.657308
118.69,4.29066e+06,588899,4.67333e+06,-515.581,-315.267,515.988,0.948086,0.0291157,-0.0345394,-0.314789,4.31869e+06,606716,4.64533e+06,-11.6772,30.8419,17.2633,1,0,0,0,43434.7,788.947,0.647267
118.79,4.29061e+06,588868,4.67338e+06,-516.07,-315.31,516.533,0.949683,0.0286456,-0.0340444,-0.310036,4.31869e+06,606719,4.64534e+06,-11.4717,30.9294,17.1495,1,0,0,0,43513.6,789.864,0.637147
118.89,4.29056e+06,588836,4.67343e+06,-516.997,-315.413,516.599,0.951259,0.0281703,-0.0335503,-0.305267,4.31869e+06,606722,4.64534e+06,-11.2664,31.0161,17.0349,1,0,0,0,43592.6,790.785,0.627009
118.99,4.29051e+06,588805,4.67348e+06,-517.377,-315.441,517.26,0.952795,0.0276849,-0.0330523,-0.300537,4.31869e+06,606725,4.64534e+06,-11.0612,31.1019,16.9194,1,0,0,0,43671.7,791.7,0.616967
119.09,4.29045e+06,588773,4.67353e+06,-518.127,-315.522,517.515,0.954331,0.0275285,-0.0315706,-0.295801,4.31868e+06,606728,4.64534e+06,-10.8561,31.1869,16.803,1,0,0,0,43750.9,792.618,0.606769
119.19,4.2904e+06,588742,4.67358e+06,-519.761,-315.724,516.805,0.955831,0.0270882,-0.0310324,-0.291015,4.31868e+06,606731,4.64534e+06,-10.6512,31.271,16.6858,1,0,0,0,43830.1,793.547,0.596643
119.29,4.29035e+06,588710,4.67364e+06,-518.24,-315.493,519.53,0.957301,0.0266421,-0.0304743,-0.286245,4.31868e+06,606735,4.64534e+06,-10.4464,31.3544,16.5678,1,0,0,0,43909.5,794.436,0.586559
119.39,4.2903e+06,588679,4.67369e+06,-518.827,-315.551,519.958,0.958756,0.0261963,-0.0299061,-0.281437,4.31868e+06,606738,4.64535e+06,-10.2417,31.4368,16.4489,1,0,0,0,43989,795.35,0.576408
119.49,4.29025e+06,588647,4.67374e+06,-518.952,-315.547,520.888,0.96018,0.0257316,-0.0293287,-0.276645,4.31868e+06,606741,4.64535e+06,-10.0372,31.5185,16.3291,1,0,0,0,44068.5,796.259,0.566303
119.59,4.2902e+06,588615,4.67379e+06,-519.43,-315.591,521.432,0.961577,0.0252992,-0.0287553,-0.271849,4.31868e+06,606744,4.64535e+06,-9.83285,31.5993,16.2085,1,0,0,0,44148.2,797.17,0.55621
119.69,4.29014e+06,588584,4.67385e+06,-520.219,-315.678,521.635,0.962958,0.0248758,-0.0281986,-0.267017,4.31868e+06,606747,4.64535e+06,-9.62867,31.6792,16.087,1,0,0,0,44227.9,798.084,0.546063
119.79,4.29009e+06,588552,4.6739e+06,-519.71,-315.587,523.251,0.964293,0.0244566,-0.0276126,-0.262258,4.31868e+06,606750,4.64535e+06,-9.42466,31.7583,15.9647,1,0,0,0,44307.8,798.986,0.536075
119.89,4.29004e+06,588521,4.67395e+06,-520.539,-315.68,523.407,0.965627,0.0240144,-0.0270204,-0.257407,4.31868e+06,606754,4.64535e+06,-9.22085,31.8365,15.8415,1,0,0,0,44387.7,799.898,0.525905
119.99,4.28999e+06,588489,4.674e+06,-521.316,-315.766,523.618,0.966943,0.023605,-0.0264118,-0.252519,4.31868e+06,606757,4.64535e+06,-9.01723,31.9139,15.7174,1,0,0,0,44467.7,800.809,0.515677
