timestamp,est_pos_x,est_pos_y,est_pos_z,est_vel_x,est_vel_y,est_vel_z,est_q_w,est_q_x,est_q_y,est_q_z,true_pos_x,true_pos_y,true_pos_z,true_vel_x,true_vel_y,true_vel_z,true_q_w,true_q_x,true_q_y,true_q_z,pos_error,vel_error,att_error
0.09,4.31866e+06,606948,4.64542e+06,9.33924,-0.0631214,0.265232,0.999987,-0.000412838,0.000845106,0.00499547,4.31866e+06,606951,4.64542e+06,2.15304,34.8648,7.1597,1,0,0,0,3.29082,36.3199,0.0101665
0.19,4.31866e+06,606948,4.64542e+06,8.68846,-0.125324,0.540083,0.999948,-0.000393167,0.0018323,0.010005,4.31866e+06,606954,4.64542e+06,2.3334,34.8889,6.98809,1,0,0,0,6.90004,36.1657,0.0203584
0.29,4.31866e+06,606947,4.64542e+06,7.93237,-0.202695,0.698839,0.999883,-0.000368589,0.00281572,0.0150359,4.31866e+06,606958,4.64542e+06,2.51318,34.9121,6.81575,1,0,0,0,10.5496,36.0532,0.0306046
0.39,4.31866e+06,606947,4.64542e+06,7.40695,-0.247971,1.10423,0.999793,-0.000338522,0.00381939,0.0199917,4.31866e+06,606961,4.64542e+06,2.6924,34.9344,6.64269,1,0,0,0,14.1066,35.9263,0.040715
0.49,4.31866e+06,606948,4.64542e+06,7.14995,-0.255224,1.79606,0.99968,-0.00030294,0.00480633,0.0248412,4.31866e+06,606965,4.64542e+06,2.87104,34.9557,6.46892,1,0,0,0,17.6263,35.7764,0.0506128
0.59,4.31866e+06,606947,4.64542e+06,6.57776,-0.307213,2.14596,0.999539,-0.000269817,0.0057994,0.0297974,4.31866e+06,606968,4.64543e+06,3.04911,34.9761,6.29444,1,0,0,0,21.1779,35.7011,0.0607248
0.69,4.31866e+06,606947,4.64542e+06,6.13703,-0.341115,2.63483,0.999375,-0.000200875,0.00679809,0.0347005,4.31866e+06,606972,4.64543e+06,3.22659,34.9955,6.11925,1,0,0,0,24.7105,35.6271,0.0707361
0.79,4.31866e+06,606947,4.64542e+06,5.5576,-0.394821,2.97222,0.999183,-0.000145847,0.00780944,0.0396478,4.31866e+06,606975,4.64543e+06,3.40349,35.014,5.94336,1,0,0,0,28.2445,35.5985,0.0808418
0.89,4.31866e+06,606947,4.64542e+06,5.16433,-0.422489,3.50724,0.998974,-2.85449e-05,0.00879695,0.0444308,4.31866e+06,606979,4.64543e+06,3.5798,35.0315,5.76678,1,0,0,0,31.758,35.5613,0.0906176
0.99,4.31866e+06,606947,4.64542e+06,4.54239,-0.48234,3.79478,0.99873,4.91274e-05,0.00978294,0.0494281,4.31866e+06,606982,4.64543e+06,3.75551,35.0481,5.58951,1,0,0,0,35.28,35.5845,0.100817
1.09,4.31866e+06,606947,4.64543e+06,4.29634,-0.479439,4.46956,0.998385,-0.000427702,0.0114322,0.0556457,4.31866e+06,606986,4.64543e+06,3.93063,35.0638,5.41155,1,0,0,0,38.766,35.5576,0.11368
1.19,4.31867e+06,606947,4.64543e+06,3.80723,-0.520411,4.89351,0.998095,-0.000317928,0.0124119,0.0604405,4.31866e+06,606989,4.64543e+06,4.10514,35.0785,5.23291,1,0,0,0,42.2684,35.6017,0.123484
1.29,4.31867e+06,606947,4.64543e+06,3.5818,-0.524757,5.59844,0.997809,-0.00020151,0.0133761,0.0647993,4.31866e+06,606993,4.64543e+06,4.27905,35.0922,5.05359,1,0,0,0,45.7525,35.628,0.132428
1.39,4.31867e+06,606947,4.64543e+06,3.23601,-0.546099,6.17148,0.997494,-5.59778e-05,0.0143339,0.0692776,4.31866e+06,606996,4.64543e+06,4.45235,35.105,4.87361,1,0,0,0,49.2449,35.6955,0.141608
1.49,4.31867e+06,606947,4.64543e+06,2.90603,-0.565628,6.75931,0.997168,0.000103096,0.015274,0.0736339,4.31866e+06,607000,4.64543e+06,4.62503,35.1169,4.69295,1,0,0,0,52.737,35.7836,0.150545
1.59,4.31867e+06,606947,4.64543e+06,2.50521,-0.595594,7.26886,0.996815,0.000272633,0.0162377,0.0780833,4.31866e+06,607003,4.64543e+06,4.79711,35.1278,4.51165,1,0,0,0,56.236,35.9028,0.159678
1.69,4.31867e+06,606947,4.64543e+06,2.02859,-0.636258,7.69453,0.996432,0.000447582,0.0172207,0.0826287,4.31866e+06,607007,4.64543e+06,4.96855,35.1377,4.32968,1,0,0,0,59.7451,36.052,0.169012
1.79,4.31867e+06,606947,4.64543e+06,1.68588,-0.658998,8.26114,0.996071,0.00067214,0.0182043,0.0866698,4.31866e+06,607010,4.64543e+06,5.13938,35.1467,4.14707,1,0,0,0,63.2532,36.2064,0.17736
1.89,4.31867e+06,606947,4.64543e+06,1.31673,-0.685586,8.79702,0.995693,0.000869055,0.0191749,0.0907049,4.31866e+06,607014,4.64543e+06,5.30958,35.1548,3.96381,1,0,0,0,66.7732,36.3846,0.185694
1.99,4.31867e+06,606947,4.64543e+06,0.895902,-0.72011,9.27454,0.995291,0.00108535,0.0201327,0.0948106,4.31866e+06,607017,4.64543e+06,5.47915,35.1619,3.77991,1,0,0,0,70.3042,36.5885,0.194166
2.09,4.31867e+06,606947,4.64544e+06,0.395606,-0.789862,9.66215,0.994136,0.00194804,0.0213044,0.106002,4.31866e+06,607021,4.64543e+06,5.64809,35.1681,3.59539,1,0,0,0,73.8766,36.8425,0.216703
2.19,4.31867e+06,606947,4.64544e+06,-0.168291,-0.845504,9.98243,0.993602,0.00217865,0.0222762,0.110696,4.31866e+06,607024,4.64543e+06,5.81638,35.1733,3.41023,1,0,0,0,77.4392,37.0994,0.226355
2.29,4.31867e+06,606947,4.64544e+06,-0.690151,-0.895669,10.3449,0.993082,0.00242986,0.0232236,0.115074,4.31866e+06,607028,4.64543e+06,5.98405,35.1776,3.22446,1,0,0,0,81.0158,37.3701,0.235381
2.39,4.31867e+06,606947,4.64544e+06,-1.22743,-0.947799,10.6883,0.992536,0.00270053,0.0241879,0.119495,4.31867e+06,607031,4.64543e+06,6.15106,35.1809,3.03807,1,0,0,0,84.6099,37.6597,0.244505
2.49,4.31867e+06,606947,4.64544e+06,-1.75971,-1.00023,11.0348,0.991981,0.00297084,0.0251384,0.123829,4.31867e+06,607035,4.64543e+06,6.31743,35.1833,2.85107,1,0,0,0,88.2221,37.9665,0.253458
2.59,4.31867e+06,606947,4.64544e+06,-2.33532,-1.05862,11.3327,0.991361,0.00322898,0.026067,0.128507,4.31867e+06,607038,4.64543e+06,6.48315,35.1847,2.66346,1,0,0,0,91.8549,38.2949,0.263086
2.69,4.31867e+06,606947,4.64544e+06,-2.82279,-1.10653,11.7216,0.990853,0.00349811,0.0269705,0.132174,4.31867e+06,607042,4.64543e+06,6.64823,35.1852,2.47527,1,0,0,0,95.5062,38.6301,0.270711
2.79,4.31867e+06,606947,4.64544e+06,-3.32293,-1.15657,12.0937,0.990326,0.00379622,0.0278793,0.135874,4.31867e+06,607045,4.64544e+06,6.81264,35.1847,2.28647,1,0,0,0,99.1818,38.982,0.278412
2.89,4.31867e+06,606946,4.64545e+06,-3.92208,-1.21862,12.3604,0.989609,0.00409536,0.0287835,0.140816,4.31867e+06,607049,4.64544e+06,6.9764,35.1833,2.0971,1,0,0,0,102.885,39.36,0.288572
2.99,4.31867e+06,606946,4.64545e+06,-4.40063,-1.26773,12.7502,0.98913,0.00441988,0.029665,0.14395,4.31867e+06,607052,4.64544e+06,7.1395,35.1809,1.90715,1,0,0,0,106.61,39.7398,0.295154
3.09,4.31867e+06,606946,4.64545e+06,-4.92056,-1.31257,13.1016,0.988854,0.00458798,0.0303911,0.145681,4.31867e+06,607056,4.64544e+06,7.30193,35.1776,1.71662,1,0,0,0,110.347,40.1315,0.298887
3.19,4.31867e+06,606946,4.64545e+06,-5.41678,-1.3653,13.468,0.988363,0.00496255,0.0312773,0.148779,4.31867e+06,607059,4.64544e+06,7.4637,35.1733,1.52553,1,0,0,0,114.128,40.5413,0.30541
3.29,4.31867e+06,606946,4.64545e+06,-5.8894,-1.41711,13.855,0.987959,0.00535684,0.0321622,0.15124,4.31867e+06,607063,4.64544e+06,7.62481,35.1681,1.33388,1,0,0,0,117.94,40.9621,0.310677
3.39,4.31867e+06,606946,4.64545e+06,-6.38517,-1.47236,14.2155,0.987496,0.00576629,0.0330438,0.154033,4.31867e+06,607066,4.64544e+06,7.78524,35.162,1.14168,1,0,0,0,121.784,41.398,0.316608
3.49,4.31867e+06,606946,4.64545e+06,-6.89659,-1.52996,14.5576,0.986989,0.00620847,0.033914,0.15705,4.31867e+06,607070,4.64544e+06,7.945,35.1549,0.948932,1,0,0,0,125.66,41.8479,0.322982
3.59,4.31867e+06,606946,4.64546e+06,-7.44344,-1.59069,14.8611,0.986333,0.00662308,0.0347689,0.160918,4.31867e+06,607073,4.64544e+06,8.10409,35.1468,0.755645,1,0,0,0,129.572,42.3123,0.331039
3.69,4.31867e+06,606946,4.64546e+06,-7.97555,-1.65155,15.177,0.985745,0.00702482,0.035614,0.164283,4.31867e+06,607077,4.64544e+06,8.2625,35.1378,0.561826,1,0,0,0,133.518,42.7871,0.3381
3.79,4.31867e+06,606945,4.64546e+06,-8.45616,-1.71201,15.5411,0.985438,0.00753338,0.036431,0.165914,4.31868e+06,607081,4.64544e+06,8.42023,35.1279,0.367478,1,0,0,0,137.503,43.2693,0.341728
3.89,4.31867e+06,606945,4.64546e+06,-8.98996,-1.77517,15.85,0.984838,0.00799559,0.0372948,0.169233,4.31868e+06,607084,4.64544e+06,8.57728,35.117,0.172616,1,0,0,0,141.526,43.7655,0.348721
3.99,4.31866e+06,606945,4.64546e+06,-9.46967,-1.83971,16.2085,0.984599,0.00852781,0.0381025,0.170412,4.31868e+06,607088,4.64544e+06,8.73365,35.1052,-0.0227606,1,0,0,0,145.592,44.2689,0.351463
4.09,4.31866e+06,606945,4.64547e+06,-9.99443,-1.90631,16.5144,0.983964,0.00906289,0.0390087,0.173816,4.31868e+06,607091,4.64544e+06,8.88933,35.0924,-0.218642,1,0,0,0,149.694,44.7828,0.358658
4.19,4.31866e+06,606945,4.64547e+06,-10.4688,-1.97555,16.8714,0.983829,0.00968189,0.0397802,0.174367,4.31868e+06,607095,4.64544e+06,9.04432,35.0787,-0.415024,1,0,0,0,153.846,45.3056,0.360162
4.29,4.31866e+06,606944,4.64547e+06,-10.959,-2.04687,17.2105,0.983602,0.0102598,0.0405564,0.175431,4.31868e+06,607098,4.64544e+06,9.19863,35.0641,-0.611893,1,0,0,0,158.041,45.8387,0.362685
4.39,4.31866e+06,606944,4.64547e+06,-11.4539,-2.12008,17.542,0.983353,0.0108409,0.0413383,0.176606,4.31868e+06,607102,4.64544e+06,9.35224,35.0485,-0.809249,1,0,0,0,162.281,46.3807,0.365436
4.49,4.31866e+06,606944,4.64547e+06,-12.0205,-2.18712,17.8061,0.982417,0.0113013,0.0421241,0.181537,4.31868e+06,607105,4.64544e+06,9.50517,35.0319,-1.00708,1,0,0,0,166.553,46.9313,0.375608
4.59,4.31866e+06,606944,4.64547e+06,-12.4918,-2.26767,18.1529,0.982459,0.0119904,0.0428434,0.181095,4.31868e+06,607109,4.64544e+06,9.6574,35.0145,-1.20538,1,0,0,0,170.893,47.4899,0.375155
4.69,4.31866e+06,606944,4.64548e+06,-13.0037,-2.34464,18.461,0.982072,0.012608,0.0435569,0.182969,4.31868e+06,607112,4.64544e+06,9.80893,34.9961,-1.40414,1,0,0,0,175.274,48.0559,0.379278
4.79,4.31866e+06,606943,4.64548e+06,-13.5643,-2.41347,18.7244,0.981105,0.0130554,0.044305,0.18788,4.31869e+06,607116,4.64544e+06,9.95977,34.9767,-1.60335,1,0,0,0,179.688,48.6274,0.389404
4.89,4.31866e+06,606943,4.64548e+06,-14.1231,-2.48274,18.9876,0.980114,0.013535,0.0450495,0.192779,4.31869e+06,607119,4.64544e+06,10.1099,34.9564,-1.80302,1,0,0,0,184.152,49.2055,0.399521
4.99,4.31865e+06,606943,4.64548e+06,-14.6807,-2.55165,19.2509,0.979097,0.0140439,0.0457942,0.197673,4.31869e+06,607123,4.64544e+06,10.2593,34.9352,-2.00312,1,0,0,0,188.667,49.7896,0.409645
5.09,4.31865e+06,606943,4.64548e+06,-15.2286,-2.61946,19.5114,0.978041,0.0145579,0.046627,0.202608,4.31869e+06,607126,4.64544e+06,10.4081,34.913,-2.20365,1,0,0,0,193.224,50.3733,0.419904
5.19,4.31865e+06,606942,4.64549e+06,-15.782,-2.68814,19.7742,0.976966,0.0150889,0.0473386,0.207529,4.31869e+06,607130,4.64543e+06,10.5561,34.8899,-2.40461,1,0,0,0,197.839,50.9677,0.430094
5.29,4.31865e+06,606942,4.64549e+06,-16.3338,-2.75683,20.0369,0.975873,0.0156355,0.0480566,0.212412,4.31869e+06,607133,4.64543e+06,10.7034,34.8659,-2.60598,1,0,0,0,202.507,51.5673,0.440227
5.39,4.31865e+06,606942,4.64549e+06,-16.884,-2.82593,20.2996,0.974763,0.0161412,0.0487222,0.217262,4.31869e+06,607137,4.64543e+06,10.8501,34.841,-2.80776,1,0,0,0,207.227,52.172,0.450279
5.49,4.31865e+06,606942,4.64549e+06,-17.4322,-2.89505,20.5622,0.973625,0.0167014,0.0494035,0.222113,4.31869e+06,607140,4.64543e+06,10.996,34.8151,-3.00995,1,0,0,0,212.004,52.7813,0.46036
5.59,4.31864e+06,606941,4.64549e+06,-17.9787,-2.96434,20.825,0.97246,0.017218,0.0500603,0.22698,4.31869e+06,607143,4.64543e+06,11.1412,34.7883,-3.21252,1,0,0,0,216.833,53.395,0.47047
5.69,4.31864e+06,606941,4.6455e+06,-18.524,-3.03337,21.0872,0.971268,0.0177438,0.0506976,0.231847,4.31869e+06,607147,4.64543e+06,11.2857,34.7605,-3.41548,1,0,0,0,221.718,54.0128,0.480587
5.79,4.31864e+06,606941,4.6455e+06,-19.0676,-3.10231,21.3491,0.970055,0.0183174,0.051351,0.236687,4.3187e+06,607150,4.64543e+06,11.4295,34.7318,-3.61882,1,0,0,0,226.659,54.6342,0.490677
5.89,4.31864e+06,606940,4.6455e+06,-19.6095,-3.17124,21.6111,0.968818,0.0188595,0.0520061,0.241519,4.3187e+06,607154,4.64543e+06,11.5726,34.7022,-3.82253,1,0,0,0,231.654,55.2593,0.500763
5.99,4.31864e+06,606940,4.6455e+06,-20.1497,-3.24021,21.8725,0.967553,0.0194208,0.0526378,0.246361,4.3187e+06,607157,4.64543e+06,11.715,34.6717,-4.0266,1,0,0,0,236.711,55.8877,0.510876
6.09,4.31863e+06,606940,4.6455e+06,-20.6983,-3.30831,22.1375,0.965577,0.0200228,0.0532166,0.253829,4.3187e+06,607161,4.64543e+06,11.8566,34.6402,-4.23101,1,0,0,0,241.851,56.5262,0.526291
6.19,4.31863e+06,606939,4.64551e+06,-21.2354,-3.37706,22.3992,0.964251,0.0206002,0.0538063,0.25865,4.3187e+06,607164,4.64543e+06,11.9976,34.6078,-4.43578,1,0,0,0,247.022,57.1612,0.536385
6.29,4.31863e+06,606939,4.64551e+06,-21.7709,-3.44614,22.6606,0.962904,0.0211579,0.0543513,0.263464,4.3187e+06,607168,4.64543e+06,12.1378,34.5745,-4.64088,1,0,0,0,252.252,57.7992,0.546459
6.39,4.31863e+06,606939,4.64551e+06,-22.3053,-3.51517,22.922,0.961539,0.0217446,0.0548941,0.268246,4.3187e+06,607171,4.64543e+06,12.2774,34.5403,-4.84631,1,0,0,0,257.542,58.4402,0.556486
6.49,4.31863e+06,606938,4.64551e+06,-22.8381,-3.58415,23.1832,0.960143,0.0223348,0.0554445,0.273044,4.3187e+06,607175,4.64543e+06,12.4162,34.5052,-5.05205,1,0,0,0,262.893,59.0838,0.566568
6.59,4.31862e+06,606938,4.64552e+06,-23.3693,-3.65335,23.4441,0.958722,0.0229364,0.055997,0.277832,4.31871e+06,607178,4.64543e+06,12.5543,34.4691,-5.25811,1,0,0,0,268.304,59.7297,0.576648
6.69,4.31862e+06,606938,4.64552e+06,-23.8989,-3.72244,23.7052,0.957276,0.0235638,0.0565271,0.282615,4.31871e+06,607182,4.64543e+06,12.6917,34.4321,-5.46447,1,0,0,0,273.777,60.378,0.586728
6.79,4.31862e+06,606937,4.64552e+06,-24.4273,-3.79175,23.966,0.955811,0.0241886,0.0570622,0.287376,4.31871e+06,607185,4.64543e+06,12.8283,34.3942,-5.67112,1,0,0,0,279.31,61.0287,0.596782
6.89,4.31862e+06,606937,4.64552e+06,-24.9542,-3.86131,24.2263,0.954315,0.0247809,0.0575704,0.292154,4.31871e+06,607188,4.64543e+06,12.9643,34.3554,-5.87806,1,0,0,0,284.904,61.6814,0.606872
6.99,4.31861e+06,606936,4.64553e+06,-25.4795,-3.93082,24.4866,0.952802,0.0253886,0.0580485,0.296908,4.31871e+06,607192,4.64543e+06,13.0995,34.3157,-6.08528,1,0,0,0,290.563,62.336,0.616923
7.09,4.31861e+06,606936,4.64553e+06,-26.0048,-3.99973,24.7468,0.951137,0.0260033,0.0585224,0.302056,4.31871e+06,607195,4.64543e+06,13.2341,34.275,-6.29276,1,0,0,0,296.288,62.9928,0.627799
7.19,4.31861e+06,606936,4.64553e+06,-26.5275,-4.06934,25.0073,0.949564,0.0266576,0.0590211,0.306814,4.31871e+06,607199,4.64543e+06,13.3679,34.2335,-6.50051,1,0,0,0,302.073,63.6513,0.63791
7.29,4.31861e+06,606935,4.64553e+06,-27.0489,-4.13898,25.2673,0.947969,0.0272945,0.0594735,0.311566,4.31871e+06,607202,4.64543e+06,13.501,34.191,-6.7085,1,0,0,0,307.922,64.3112,0.648006
7.39,4.3186e+06,606935,4.64554e+06,-27.5689,-4.20835,25.527,0.946352,0.0279134,0.0598726,0.316314,4.31872e+06,607206,4.64542e+06,13.6333,34.1476,-6.91673,1,0,0,0,313.831,64.9723,0.658087
7.49,4.3186e+06,606934,4.64554e+06,-28.0878,-4.27787,25.7867,0.944707,0.0285653,0.0603002,0.321054,4.31872e+06,607209,4.64542e+06,13.765,34.1033,-7.1252,1,0,0,0,319.804,65.6351,0.66819
7.59,4.3186e+06,606934,4.64554e+06,-28.6053,-4.34739,26.0464,0.943048,0.0292197,0.0607295,0.325758,4.31872e+06,607212,4.64542e+06,13.896,34.0582,-7.33389,1,0,0,0,325.84,66.2993,0.678237
7.69,4.31859e+06,606933,4.64554e+06,-29.1216,-4.41725,26.3061,0.941361,0.0298675,0.0611193,0.330472,4.31872e+06,607216,4.64542e+06,14.0262,34.0121,-7.5428,1,0,0,0,331.942,66.9649,0.68831
7.79,4.31859e+06,606933,4.64555e+06,-29.6365,-4.48687,26.5652,0.939662,0.0305166,0.0615192,0.335142,4.31872e+06,607219,4.64542e+06,14.1557,33.9651,-7.75191,1,0,0,0,338.111,67.6312,0.698313
7.89,4.31859e+06,606933,4.64555e+06,-30.1502,-4.55646,26.8247,0.937939,0.0311839,0.0618764,0.339808,4.31872e+06,607223,4.64542e+06,14.2845,33.9172,-7.96122,1,0,0,0,344.344,68.2988,0.708315
7.99,4.31859e+06,606932,4.64555e+06,-30.6624,-4.62633,27.0841,0.936186,0.0318665,0.0622294,0.344483,4.31872e+06,607226,4.64542e+06,14.4126,33.8684,-8.17071,1,0,0,0,350.648,68.9674,0.718359
8.09,4.31858e+06,606932,4.64555e+06,-31.1428,-4.71089,27.3358,0.93471,0.032671,0.0626947,0.348308,4.31873e+06,607229,4.64542e+06,14.54,33.8187,-8.38039,1,0,0,0,356.989,69.6211,0.726706
8.19,4.31858e+06,606931,4.64556e+06,-31.6524,-4.78145,27.5946,0.932916,0.0333469,0.0630014,0.352968,4.31873e+06,607233,4.64542e+06,14.6666,33.7682,-8.59023,1,0,0,0,363.419,70.2913,0.736737
8.29,4.31858e+06,606931,4.64556e+06,-32.1613,-4.85208,27.8529,0.931106,0.0340269,0.063318,0.357596,4.31873e+06,607236,4.64542e+06,14.7926,33.7167,-8.80023,1,0,0,0,369.917,70.9624,0.746727
8.39,4.31857e+06,606930,4.64556e+06,-32.6692,-4.9228,28.1112,0.929273,0.0347139,0.0636067,0.362217,4.31873e+06,607239,4.64542e+06,14.9178,33.6643,-9.01039,1,0,0,0,376.483,71.6346,0.756714
8.49,4.31857e+06,606930,4.64557e+06,-33.1759,-4.99354,28.3697,0.927412,0.0354036,0.0639018,0.366837,4.31873e+06,607243,4.64542e+06,15.0424,33.6111,-9.22068,1,0,0,0,383.111,72.3074,0.766724
8.59,4.31857e+06,606929,4.64557e+06,-33.6813,-5.06434,28.6281,0.92553,0.0360947,0.0641455,0.371452,4.31873e+06,607246,4.64541e+06,15.1662,33.557,-9.43111,1,0,0,0,389.809,72.9807,0.776726
8.69,4.31856e+06,606929,4.64557e+06,-34.1853,-5.1351,28.8863,0.923627,0.0367867,0.0644294,0.376043,4.31873e+06,607250,4.64541e+06,15.2893,33.502,-9.64166,1,0,0,0,396.574,73.6543,0.786715
8.79,4.31856e+06,606928,4.64557e+06,-34.6886,-5.20631,29.1443,0.921703,0.0374915,0.0646677,0.380625,4.31874e+06,607253,4.64541e+06,15.4117,33.446,-9.85233,1,0,0,0,403.406,74.3289,0.796694
8.89,4.31856e+06,606928,4.64558e+06,-35.1905,-5.27744,29.4024,0.919746,0.0381967,0.064882,0.385225,4.31874e+06,607256,4.64541e+06,15.5334,33.3893,-10.0631,1,0,0,0,410.309,75.0037,0.806727
8.99,4.31855e+06,606927,4.64558e+06,-35.6919,-5.34898,29.6602,0.917768,0.0388928,0.0650863,0.389812,4.31874e+06,607260,4.64541e+06,15.6544,33.3316,-10.274,1,0,0,0,417.278,75.6794,0.816747
9.09,4.31855e+06,606927,4.64558e+06,-36.1898,-5.39746,29.917,0.914575,0.0395761,0.0654186,0.397123,4.31874e+06,607263,4.64541e+06,15.7746,33.2731,-10.4849,1,0,0,0,424.277,76.3415,0.832682
9.19,4.31855e+06,606926,4.64559e+06,-36.689,-5.46886,30.1749,0.912545,0.0402973,0.0655799,0.401667,4.31874e+06,607266,4.64541e+06,15.8942,33.2136,-10.6959,1,0,0,0,431.38,77.0179,0.842662
9.29,4.31854e+06,606925,4.64559e+06,-37.1877,-5.54011,30.4324,0.910493,0.0410061,0.0657225,0.406203,4.31874e+06,607270,4.64541e+06,16.0131,33.1534,-10.907,1,0,0,0,438.547,77.6946,0.852641
9.39,4.31854e+06,606925,4.64559e+06,-37.6853,-5.61177,30.6897,0.908416,0.0417098,0.0658293,0.410739,4.31875e+06,607273,4.64541e+06,16.1312,33.0922,-11.1181,1,0,0,0,445.782,78.3717,0.862633
9.49,4.31853e+06,606924,4.6456e+06,-38.1819,-5.68324,30.9472,0.906322,0.0424098,0.065964,0.415249,4.31875e+06,607276,4.64541e+06,16.2487,33.0302,-11.3293,1,0,0,0,453.09,79.0489,0.872599
9.59,4.31853e+06,606924,4.6456e+06,-38.6779,-5.75512,31.2046,0.904193,0.0431145,0.0660692,0.419775,4.31875e+06,607279,4.6454e+06,16.3655,32.9673,-11.5406,1,0,0,0,460.464,79.7267,0.882619
9.69,4.31853e+06,606923,4.6456e+06,-39.1729,-5.8275,31.4618,0.902058,0.0438156,0.0661536,0.424259,4.31875e+06,607283,4.6454e+06,16.4815,32.9035,-11.7518,1,0,0,0,467.905,80.4047,0.892566
9.79,4.31852e+06,606923,4.6456e+06,-39.6673,-5.89976,31.7189,0.899902,0.0444996,0.0662452,0.428727,4.31875e+06,607286,4.6454e+06,16.5969,32.8389,-11.9631,1,0,0,0,475.413,81.083,0.902502
9.89,4.31852e+06,606922,4.64561e+06,-40.1609,-5.97225,31.9759,0.897713,0.0452067,0.0663403,0.433205,4.31875e+06,607289,4.6454e+06,16.7115,32.7734,-12.1744,1,0,0,0,482.992,81.7615,0.91249
9.99,4.31851e+06,606921,4.64561e+06,-40.6535,-6.04512,32.2328,0.895504,0.0458972,0.066377,0.437677,4.31876e+06,607293,4.6454e+06,16.8255,32.7071,-12.3856,1,0,0,0,490.637,82.4401,0.922469
10.09,4.31853e+06,606948,4.64559e+06,-40.037,-4.49535,31.2137,0.885861,0.0455001,0.0671133,0.45681,4.31876e+06,607296,4.6454e+06,16.9388,32.6399,-12.5969,1,0,0,0,455.142,80.8989,0.964898
10.19,4.31853e+06,606948,4.64559e+06,-40.5291,-4.56294,31.4703,0.883533,0.0462301,0.0671227,0.461223,4.31876e+06,607299,4.6454e+06,17.0514,32.5718,-12.8081,1,0,0,0,462.644,81.5787,0.974887
10.29,4.31853e+06,606947,4.64559e+06,-41.0204,-4.63086,31.727,0.88118,0.0469879,0.0671096,0.46563,4.31876e+06,607302,4.6454e+06,17.1632,32.5029,-13.0193,1,0,0,0,470.218,82.2587,0.98489
10.39,4.31852e+06,606947,4.6456e+06,-41.5113,-4.69862,31.9837,0.87881,0.0477134,0.0670914,0.470016,4.31876e+06,607306,4.64539e+06,17.2744,32.4331,-13.2305,1,0,0,0,477.865,82.9388,0.994867
10.49,4.31852e+06,606946,4.6456e+06,-42.0011,-4.76729,32.2402,0.876419,0.0484302,0.0670504,0.474394,4.31876e+06,607309,4.64539e+06,17.3849,32.3625,-13.4416,1,0,0,0,485.578,83.6191,1.00485
10.59,4.31851e+06,606946,4.6456e+06,-42.4906,-4.83593,32.4967,0.874013,0.0491502,0.0670051,0.478744,4.31877e+06,607312,4.64539e+06,17.4948,32.2911,-13.6527,1,0,0,0,493.365,84.2996,1.01479
10.69,4.31851e+06,606945,4.64561e+06,-42.9795,-4.90496,32.7535,0.871579,0.0498883,0.0668901,0.483101,4.31877e+06,607315,4.64539e+06,17.6039,32.2188,-13.8636,1,0,0,0,501.221,84.9805,1.02476
10.79,4.3185e+06,606945,4.64561e+06,-43.4681,-4.97428,33.0099,0.869121,0.0506252,0.066792,0.487447,4.31877e+06,607319,4.64539e+06,17.7124,32.1457,-14.0745,1,0,0,0,509.147,85.6614,1.03475
10.89,4.3185e+06,606944,4.64561e+06,-43.956,-5.04393,33.2664,0.866632,0.0513548,0.0667076,0.491794,4.31877e+06,607322,4.64539e+06,17.8201,32.0717,-14.2853,1,0,0,0,517.145,86.3425,1.04477
10.99,4.3185e+06,606944,4.64562e+06,-44.4433,-5.1141,33.5229,0.864148,0.052089,0.0666002,0.496084,4.31877e+06,607325,4.64539e+06,17.9272,31.9969,-14.496,1,0,0,0,525.211,87.0237,1.05468
11.09,4.31849e+06,606943,4.64562e+06,-44.9288,-5.17606,33.7787,0.861224,0.0528543,0.066507,0.501075,4.31877e+06,607328,4.64538e+06,18.0336,31.9213,-14.7066,1,0,0,0,533.342,87.7001,1.06625
11.19,4.31849e+06,606943,4.64562e+06,-45.4148,-5.24652,34.035,0.858692,0.0536022,0.0663389,0.505346,4.31878e+06,607331,4.64538e+06,18.1394,31.8448,-14.9171,1,0,0,0,541.55,88.381,1.07617
11.29,4.31848e+06,606942,4.64563e+06,-45.9006,-5.3173,34.2912,0.856132,0.0543477,0.0661667,0.509614,4.31878e+06,607335,4.64538e+06,18.2444,31.7675,-15.1274,1,0,0,0,549.833,89.0621,1.08612
11.39,4.31848e+06,606942,4.64563e+06,-46.3859,-5.38901,34.5476,0.85355,0.0550873,0.0659648,0.513874,4.31878e+06,607338,4.64538e+06,18.3488,31.6894,-15.3376,1,0,0,0,558.188,89.7436,1.09607
11.49,4.31847e+06,606941,4.64563e+06,-46.8708,-5.46092,34.8038,0.850941,0.0558294,0.0657616,0.51813,4.31878e+06,607341,4.64538e+06,18.4525,31.6105,-15.5476,1,0,0,0,566.61,90.425,1.10605
11.59,4.31847e+06,606941,4.64564e+06,-47.3552,-5.53334,35.0601,0.848324,0.0565543,0.0655265,0.522355,4.31878e+06,607344,4.64538e+06,18.5556,31.5307,-15.7575,1,0,0,0,575.098,91.1066,1.11597
11.69,4.31846e+06,606940,4.64564e+06,-47.8395,-5.60612,35.3168,0.845684,0.0572967,0.0652766,0.526569,4.31879e+06,607347,4.64538e+06,18.6579,31.4502,-15.9672,1,0,0,0,583.661,91.7884,1.1259
11.79,4.31846e+06,606939,4.64565e+06,-48.3233,-5.67926,35.5727,0.843039,0.058004,0.0650064,0.53075,4.31879e+06,607350,4.64537e+06,18.7597,31.3688,-16.1767,1,0,0,0,592.296,92.4698,1.13578
11.89,4.31845e+06,606939,4.64565e+06,-48.807,-5.75297,35.8289,0.840347,0.0587573,0.0647349,0.534951,4.31879e+06,607353,4.64537e+06,18.8607,31.2866,-16.386,1,0,0,0,601.002,93.1517,1.14574
11.99,4.31845e+06,606938,4.64565e+06,-49.2901,-5.82735,36.0853,0.837657,0.0594976,0.0644128,0.539112,4.31879e+06,607357,4.64537e+06,18.9611,31.2036,-16.5951,1,0,0,0,609.775,93.8336,1.15563
12.09,4.31844e+06,606938,4.64566e+06,-49.7958,-5.83293,36.3444,0.832904,0.0601373,0.0642307,0.546378,4.31879e+06,607360,4.64537e+06,19.0608,31.1198,-16.804,1,0,0,0,618.544,94.5065,1.17292
12.19,4.31844e+06,606937,4.64566e+06,-50.2786,-5.90714,36.6005,0.830156,0.0608776,0.0638711,0.550505,4.3188e+06,607363,4.64537e+06,19.1599,31.0351,-17.0127,1,0,0,0,627.465,95.1883,1.18282
12.29,4.31843e+06,606937,4.64566e+06,-50.7612,-5.98222,36.8567,0.827384,0.0616224,0.0635041,0.554623,4.3188e+06,607366,4.64537e+06,19.2583,30.9497,-17.2211,1,0,0,0,636.444,95.8703,1.19273
12.39,4.31843e+06,606936,4.64567e+06,-51.2437,-6.058,37.1131,0.8246,0.0623797,0.0631065,0.558714,4.3188e+06,607369,4.64536e+06,19.3561,30.8635,-17.4293,1,0,0,0,645.497,96.5526,1.2026
12.49,4.31842e+06,606935,4.64567e+06,-51.7258,-6.13442,37.3693,0.82178,0.0630973,0.0627032,0.562819,4.3188e+06,607372,4.64536e+06,19.4532,30.7765,-17.6372,1,0,0,0,654.625,97.2347,1.21254
12.59,4.31842e+06,606935,4.64567e+06,-52.2081,-6.21156,37.6257,0.818944,0.0638174,0.0623257,0.566899,4.3188e+06,607375,4.64536e+06,19.5497,30.6887,-17.8449,1,0,0,0,663.823,97.9172,1.22246
12.69,4.31841e+06,606934,4.64568e+06,-52.6899,-6.28885,37.8821,0.816095,0.0645453,0.0619104,0.570955,4.3188e+06,607378,4.64536e+06,19.6455,30.6001,-18.0522,1,0,0,0,673.088,98.5995,1.23235
12.79,4.31841e+06,606934,4.64568e+06,-53.1716,-6.36725,38.1384,0.813226,0.0652991,0.0614674,0.574996,4.31881e+06,607381,4.64536e+06,19.7407,30.5107,-18.2593,1,0,0,0,682.431,99.282,1.24224
12.89,4.3184e+06,606933,4.64569e+06,-53.6533,-6.4462,38.3947,0.810338,0.0660462,0.0610186,0.579022,4.31881e+06,607384,4.64535e+06,19.8353,30.4206,-18.4661,1,0,0,0,691.842,99.9644,1.25213
12.99,4.3184e+06,606932,4.64569e+06,-54.1346,-6.52588,38.6512,0.807422,0.066742,0.0605644,0.583049,4.31881e+06,607387,4.64535e+06,19.9292,30.3296,-18.6726,1,0,0,0,701.326,100.647,1.26205
13.09,4.31839e+06,606932,4.64569e+06,-54.6113,-6.64864,38.9076,0.806037,0.0674625,0.0599526,0.584943,4.31881e+06,607390,4.64535e+06,20.0225,30.2379,-18.8788,1,0,0,0,710.942,101.341,1.26674
13.19,4.31839e+06,606931,4.6457e+06,-55.0926,-6.73043,39.1643,0.803087,0.0682007,0.0594218,0.588955,4.31881e+06,607393,4.64535e+06,20.1151,30.1454,-19.0846,1,0,0,0,720.567,102.024,1.27667
13.29,4.31838e+06,606930,4.6457e+06,-55.5742,-6.81279,39.4212,0.800142,0.0689207,0.0588826,0.592921,4.31882e+06,607396,4.64535e+06,20.2072,30.0522,-19.2901,1,0,0,0,730.256,102.708,1.28653
13.39,4.31837e+06,606930,4.64571e+06,-56.0552,-6.89601,39.6779,0.797167,0.0696775,0.0583321,0.596881,4.31882e+06,607399,4.64535e+06,20.2985,29.9581,-19.4953,1,0,0,0,740.025,103.39,1.29642
13.49,4.31837e+06,606929,4.64571e+06,-56.5365,-6.9803,39.9345,0.794195,0.0704058,0.057759,0.600801,4.31882e+06,607402,4.64534e+06,20.3893,29.8633,-19.7,1,0,0,0,749.864,104.074,1.30623
13.59,4.31836e+06,606928,4.64571e+06,-57.0177,-7.06529,40.1914,0.791183,0.0711365,0.0571662,0.604732,4.31882e+06,607405,4.64534e+06,20.4795,29.7678,-19.9045,1,0,0,0,759.773,104.757,1.31611
13.69,4.31836e+06,606927,4.64572e+06,-57.4991,-7.15113,40.4481,0.788156,0.0718728,0.0565658,0.608642,4.31882e+06,607408,4.64534e+06,20.569,29.6715,-20.1085,1,0,0,0,769.752,105.44,1.32598
13.79,4.31835e+06,606927,4.64572e+06,-57.9803,-7.238,40.7048,0.785089,0.0725998,0.0559758,0.612562,4.31883e+06,607411,4.64534e+06,20.6579,29.5744,-20.3121,1,0,0,0,779.799,106.123,1.33591
13.89,4.31835e+06,606926,4.64573e+06,-58.4617,-7.32586,40.9616,0.782029,0.0733243,0.0553663,0.616432,4.31883e+06,607414,4.64534e+06,20.7462,29.4766,-20.5154,1,0,0,0,789.922,106.807,1.34576
13.99,4.31834e+06,606925,4.64573e+06,-58.9429,-7.41455,41.2183,0.778951,0.0740564,0.0547434,0.620285,4.31883e+06,607417,4.64533e+06,20.8339,29.378,-20.7182,1,0,0,0,800.113,107.49,1.35561
14.09,4.31833e+06,606925,4.64573e+06,-59.4743,-7.40503,41.4827,0.773695,0.0745415,0.0541909,0.62682,4.31883e+06,607420,4.64533e+06,20.921,29.2787,-20.9206,1,0,0,0,810.313,108.182,1.37229
14.19,4.31833e+06,606924,4.64574e+06,-59.9559,-7.4945,41.7399,0.770563,0.0752751,0.0535052,0.630637,4.31884e+06,607423,4.64533e+06,21.0075,29.1786,-21.1225,1,0,0,0,820.645,108.865,1.38214
14.29,4.31832e+06,606923,4.64574e+06,-60.4377,-7.58498,41.9971,0.767407,0.0759898,0.0528057,0.634448,4.31884e+06,607426,4.64533e+06,21.0933,29.0778,-21.3241,1,0,0,0,831.044,109.549,1.39202
14.39,4.31832e+06,606923,4.64575e+06,-60.9197,-7.67643,42.2544,0.764233,0.0767285,0.052088,0.638238,4.31884e+06,607429,4.64532e+06,21.1786,28.9763,-21.5251,1,0,0,0,841.519,110.233,1.40189
14.49,4.31831e+06,606922,4.64575e+06,-61.4017,-7.76866,42.5114,0.761042,0.0774691,0.0513369,0.642011,4.31884e+06,607432,4.64532e+06,21.2633,28.874,-21.7257,1,0,0,0,852.065,110.917,1.41176
14.59,4.3183e+06,606921,4.64576e+06,-61.8836,-7.86252,42.7688,0.757836,0.0781873,0.0506129,0.645763,4.31884e+06,607435,4.64532e+06,21.3474,28.771,-21.9258,1,0,0,0,862.674,111.601,1.42161
14.69,4.3183e+06,606920,4.64576e+06,-62.3659,-7.95703,43.0265,0.754608,0.0789052,0.0498528,0.649505,4.31885e+06,607438,4.64532e+06,21.4309,28.6672,-22.1255,1,0,0,0,873.366,112.285,1.43148
14.79,4.31829e+06,606920,4.64576e+06,-62.8483,-8.05285,43.284,0.751373,0.0796273,0.0490746,0.653215,4.31885e+06,607440,4.64532e+06,21.5138,28.5628,-22.3246,1,0,0,0,884.126,112.97,1.44131
14.89,4.31828e+06,606919,4.64577e+06,-63.3309,-8.15002,43.5414,0.74811,0.0803716,0.048252,0.65692,4.31885e+06,607443,4.64531e+06,21.5961,28.4576,-22.5232,1,0,0,0,894.952,113.654,1.45118
14.99,4.31828e+06,606918,4.64577e+06,-63.8137,-8.24832,43.7989,0.744819,0.0811287,0.0474457,0.660614,4.31885e+06,607446,4.64531e+06,21.6779,28.3517,-22.7213,1,0,0,0,905.857,114.339,1.46106
15.09,4.31827e+06,606917,4.64578e+06,-64.2565,-8.43119,44.0507,0.743189,0.0820055,0.0464866,0.662408,4.31885e+06,607449,4.64531e+06,21.759,28.2451,-22.9189,1,0,0,0,916.875,115.016,1.46594
15.19,4.31827e+06,606916,4.64578e+06,-64.7395,-8.53278,44.3083,0.739889,0.0827378,0.0456295,0.666061,4.31886e+06,607452,4.64531e+06,21.8396,28.1378,-23.116,1,0,0,0,927.91,115.701,1.47578
15.29,4.31826e+06,606915,4.64579e+06,-65.2227,-8.63543,44.5662,0.736584,0.0834183,0.0447499,0.669688,4.31886e+06,607455,4.6453e+06,21.9197,28.0297,-23.3125,1,0,0,0,939.017,116.386,1.48558
15.39,4.31825e+06,606914,4.64579e+06,-65.7061,-8.73938,44.824,0.733245,0.084131,0.0438647,0.673313,4.31886e+06,607457,4.6453e+06,21.9991,27.921,-23.5084,1,0,0,0,950.198,117.07,1.49543
15.49,4.31825e+06,606913,4.64579e+06,-66.1898,-8.84481,45.0822,0.729885,0.0848681,0.0429637,0.676919,4.31886e+06,607460,4.6453e+06,22.078,27.8116,-23.7037,1,0,0,0,961.449,117.756,1.50528
15.59,4.31824e+06,606912,4.6458e+06,-66.6734,-8.95164,45.3402,0.726517,0.0855827,0.0420397,0.680501,4.31887e+06,607463,4.6453e+06,22.1563,27.7014,-23.8985,1,0,0,0,972.77,118.441,1.51511
15.69,4.31823e+06,606911,4.6458e+06,-67.1576,-9.05984,45.5982,0.723116,0.0862999,0.0411327,0.684079,4.31887e+06,607466,4.6453e+06,22.2341,27.5906,-24.0927,1,0,0,0,984.164,119.126,1.52499
15.79,4.31823e+06,606910,4.64581e+06,-67.6418,-9.16934,45.8562,0.719702,0.0869949,0.0401918,0.687638,4.31887e+06,607468,4.64529e+06,22.3113,27.4791,-24.2863,1,0,0,0,995.63,119.811,1.53485
15.89,4.31822e+06,606910,4.64581e+06,-68.1262,-9.28037,46.1142,0.716284,0.0877036,0.0392592,0.691162,4.31887e+06,607471,4.64529e+06,22.3879,27.3669,-24.4793,1,0,0,0,1007.17,120.496,1.54467
15.99,4.31821e+06,606909,4.64582e+06,-68.6109,-9.39281,46.3721,0.712832,0.0884226,0.0382718,0.694685,4.31887e+06,607474,4.64529e+06,22.464,27.254,-24.6716,1,0,0,0,1018.78,121.181,1.55454
16.09,4.31821e+06,606908,4.64582e+06,-69.0997,-9.5112,46.631,0.709642,0.0890846,0.0372683,0.697914,4.31888e+06,607477,4.64529e+06,22.5396,27.1404,-24.8634,1,0,0,0,1030.48,121.871,1.56361
16.19,4.3182e+06,606907,4.64583e+06,-69.5852,-9.62658,46.8895,0.706166,0.0897751,0.0362416,0.701397,4.31888e+06,607479,4.64528e+06,22.6146,27.0262,-25.0545,1,0,0,0,1042.23,122.557,1.57346
16.29,4.31819e+06,606906,4.64583e+06,-70.0706,-9.74333,47.1478,0.702672,0.0904579,0.0352217,0.704861,4.31888e+06,607482,4.64528e+06,22.689,26.9113,-25.2449,1,0,0,0,1054.05,123.242,1.5833
16.39,4.31818e+06,606905,4.64584e+06,-70.5564,-9.86169,47.4061,0.69916,0.0911448,0.0341687,0.708308,4.31888e+06,607485,4.64528e+06,22.763,26.7957,-25.4346,1,0,0,0,1065.95,123.928,1.59315
16.49,4.31818e+06,606904,4.64584e+06,-71.0426,-9.98145,47.6644,0.695635,0.0917989,0.0331032,0.711737,4.31889e+06,607487,4.64528e+06,22.8364,26.6795,-25.6237,1,0,0,0,1077.91,124.613,1.60299
16.59,4.31817e+06,606903,4.64585e+06,-71.5291,-10.1027,47.9228,0.692085,0.0924761,0.0320415,0.715151,4.31889e+06,607490,4.64527e+06,22.9092,26.5626,-25.8121,1,0,0,0,1089.94,125.299,1.61285
16.69,4.31816e+06,606902,4.64585e+06,-72.0161,-10.2259,48.1813,0.688511,0.0931693,0.0309287,0.718551,4.31889e+06,607493,4.64527e+06,22.9816,26.445,-25.9999,1,0,0,0,1102.05,125.985,1.62272
16.79,4.31816e+06,606901,4.64586e+06,-72.5029,-10.3507,48.4398,0.684935,0.0938408,0.0298038,0.721921,4.31889e+06,607495,4.64527e+06,23.0534,26.3268,-26.1869,1,0,0,0,1114.22,126.67,1.63257
16.89,4.31815e+06,606900,4.64586e+06,-72.9906,-10.4773,48.6982,0.681341,0.0945233,0.0286804,0.72527,4.3189e+06,607498,4.64526e+06,23.1247,26.2079,-26.3732,1,0,0,0,1126.47,127.356,1.64241
16.99,4.31814e+06,606899,4.64587e+06,-73.4786,-10.6057,48.9569,0.677728,0.0951895,0.0275586,0.728605,4.3189e+06,607501,4.64526e+06,23.1954,26.0884,-26.5588,1,0,0,0,1138.79,128.043,1.65226
17.09,4.31813e+06,606897,4.64587e+06,-73.91,-10.8391,49.2061,0.675883,0.0960196,0.0262861,0.730254,4.3189e+06,607503,4.64526e+06,23.2657,25.9682,-26.7436,1,0,0,0,1151.16,128.71,1.65727
17.19,4.31813e+06,606896,4.64587e+06,-74.3981,-10.9715,49.4645,0.672241,0.0966611,0.0251257,0.733565,4.3189e+06,607506,4.64526e+06,23.3354,25.8474,-26.9277,1,0,0,0,1163.62,129.396,1.66713
17.29,4.31812e+06,606895,4.64588e+06,-74.8869,-11.1053,49.7229,0.668593,0.0972903,0.023947,0.736848,4.3189e+06,607508,4.64525e+06,23.4047,25.726,-27.111,1,0,0,0,1176.15,130.082,1.67696
17.39,4.31811e+06,606894,4.64588e+06,-75.3758,-11.2408,49.9815,0.66493,0.0979428,0.0227618,0.740106,4.31891e+06,607511,4.64525e+06,23.4734,25.6039,-27.2936,1,0,0,0,1188.76,130.768,1.68679
17.49,4.3181e+06,606892,4.64589e+06,-75.8652,-11.3788,50.2404,0.661235,0.0985859,0.0215683,0.74336,4.31891e+06,607513,4.64525e+06,23.5416,25.4812,-27.4754,1,0,0,0,1201.43,131.454,1.69666
17.59,4.3181e+06,606891,4.64589e+06,-76.3552,-11.5179,50.4991,0.657539,0.0992392,0.0203838,0.746578,4.31891e+06,607516,4.64525e+06,23.6093,25.3579,-27.6564,1,0,0,0,1214.17,132.14,1.7065
17.69,4.31809e+06,606890,4.6459e+06,-76.8451,-11.659,50.7577,0.65382,0.0998703,0.0191741,0.749785,4.31891e+06,607519,4.64524e+06,23.6766,25.234,-27.8367,1,0,0,0,1226.99,132.826,1.71635
17.79,4.31808e+06,606889,4.64591e+06,-77.3355,-11.8021,51.0164,0.650083,0.100531,0.017943,0.75297,4.31892e+06,607521,4.64524e+06,23.7433,25.1094,-28.0161,1,0,0,0,1239.87,133.512,1.72621
17.89,4.31807e+06,606888,4.64591e+06,-77.826,-11.9469,51.2748,0.646359,0.101165,0.0167073,0.756113,4.31892e+06,607524,4.64524e+06,23.8096,24.9842,-28.1947,1,0,0,0,1252.82,134.198,1.73599
17.99,4.31807e+06,606887,4.64592e+06,-78.317,-12.0935,51.5334,0.642601,0.101817,0.0154366,0.759249,4.31892e+06,607526,4.64523e+06,23.8753,24.8585,-28.3725,1,0,0,0,1265.86,134.884,1.74582
18.09,4.31815e+06,606899,4.64602e+06,-78.8083,-12.2409,51.792,0.638895,0.101923,0.0147623,0.762369,4.31892e+06,607529,4.64523e+06,23.9406,24.7321,-28.5494,1,0,0,0,1270.66,135.569,1.75547
18.19,4.31815e+06,606898,4.64603e+06,-79.4716,-12.4144,51.8665,0.635117,0.102595,0.0134719,0.765453,4.31893e+06,607531,4.64523e+06,24.0054,24.6051,-28.7255,1,0,0,0,1283.75,136.283,1.76527
18.29,4.31814e+06,606896,4.64603e+06,-78.9971,-12.4296,53.1649,0.631288,0.103237,0.0122199,0.768549,4.31893e+06,607533,4.64523e+06,24.0697,24.4775,-28.9008,1,0,0,0,1296.91,136.82,1.77517
18.39,4.31813e+06,606895,4.64604e+06,-76.295,-12.1337,56.8603,0.627376,0.10387,0.010924,0.77168,4.31893e+06,607536,4.64522e+06,24.1336,24.3493,-29.0752,1,0,0,0,1310.14,137.12,1.78523
18.49,4.31813e+06,606894,4.64605e+06,-74.4263,-11.9567,59.6592,0.623437,0.104495,0.00962762,0.7748,4.31893e+06,607538,4.64522e+06,24.197,24.2205,-29.2487,1,0,0,0,1323.44,137.623,1.79533
18.59,4.31812e+06,606893,4.64605e+06,-73.461,-11.9086,61.4862,0.619473,0.105083,0.00832884,0.777908,4.31894e+06,607541,4.64522e+06,24.2599,24.0912,-29.4214,1,0,0,0,1336.82,138.237,1.80545
18.69,4.31811e+06,606892,4.64606e+06,-72.3381,-11.8399,63.4826,0.615395,0.105701,0.00705431,0.781067,4.31894e+06,607543,4.64521e+06,24.3224,23.9612,-29.5931,1,0,0,0,1350.25,138.881,1.81582
18.79,4.3181e+06,606891,4.64607e+06,-72.4561,-11.9479,64.1445,0.611446,0.106319,0.00573334,0.78409,4.31894e+06,607546,4.64521e+06,24.3843,23.8307,-29.764,1,0,0,0,1363.77,139.56,1.82582
18.89,4.3181e+06,606890,4.64607e+06,-73.5261,-12.1929,63.7826,0.607731,0.106917,0.00436624,0.786901,4.31894e+06,607548,4.64521e+06,24.4459,23.6996,-29.9339,1,0,0,0,1377.35,140.248,1.83519
18.99,4.31809e+06,606888,4.64608e+06,-73.756,-12.3202,64.3244,0.603706,0.107523,0.0030274,0.789917,4.31895e+06,607550,4.64521e+06,24.507,23.568,-30.1029,1,0,0,0,1391,140.926,1.84531
19.09,4.31808e+06,606887,4.64609e+06,-74.2508,-12.4884,64.5826,0.599725,0.10799,0.000946455,0.792886,4.31895e+06,607553,4.6452e+06,24.5676,23.4358,-30.271,1,0,0,0,1404.72,141.608,1.85528
19.19,4.31808e+06,606886,4.64609e+06,-73.1772,-12.4382,66.5284,0.595776,0.108561,-0.000433561,0.795779,4.31895e+06,607555,4.6452e+06,24.6278,23.303,-30.4381,1,0,0,0,1418.52,142.288,1.86513
19.29,4.31807e+06,606885,4.6461e+06,-76.6711,-13.0324,63.56,0.591895,0.109162,-0.00180229,0.798587,4.31895e+06,607557,4.6452e+06,24.6876,23.1696,-30.6043,1,0,0,0,1432.38,143.007,1.87478
19.39,4.31806e+06,606883,4.64611e+06,-76.1819,-13.0684,64.8778,0.58788,0.109737,-0.00317055,0.801464,4.31895e+06,607560,4.64519e+06,24.7469,23.0357,-30.7696,1,0,0,0,1446.31,143.661,1.88472
19.49,4.31805e+06,606882,4.64611e+06,-78.1783,-13.4561,63.521,0.583997,0.110326,-0.00460379,0.804211,4.31896e+06,607562,4.64519e+06,24.8057,22.9013,-30.9339,1,0,0,0,1460.32,144.393,1.89431
19.59,4.31804e+06,606881,4.64612e+06,-78.2527,-13.5758,64.2324,0.579937,0.110895,-0.00597065,0.807056,4.31896e+06,607564,4.64519e+06,24.8642,22.7663,-31.0972,1,0,0,0,1474.39,145.057,1.90429
19.69,4.31804e+06,606879,4.64613e+06,-78.683,-13.7478,64.56,0.575912,0.111455,-0.00736938,0.809845,4.31896e+06,607566,4.64518e+06,24.9222,22.6307,-31.2595,1,0,0,0,1488.55,145.735,1.91415
19.79,4.31803e+06,606878,4.64613e+06,-78.045,-13.7708,66.0374,0.571588,0.112044,-0.00874929,0.812808,4.31896e+06,607569,4.64518e+06,24.9798,22.4946,-31.4208,1,0,0,0,1502.77,146.381,1.92471
19.89,4.31802e+06,606877,4.64614e+06,-78.9544,-14.0147,65.8507,0.567703,0.112584,-0.0102023,0.815435,4.31897e+06,607571,4.64518e+06,25.0369,22.358,-31.5811,1,0,0,0,1517.06,147.072,1.93417
19.99,4.31801e+06,606875,4.64615e+06,-79.1046,-14.1529,66.4801,0.563436,0.113112,-0.0116273,0.818297,4.31897e+06,607573,4.64517e+06,25.0937,22.2209,-31.7404,1,0,0,0,1531.42,147.742,1.94451
20.09,4.31801e+06,606874,4.64615e+06,-79.6024,-14.3444,66.7368,0.559236,0.113804,-0.0141607,0.821038,4.31897e+06,607575,4.64517e+06,25.15,22.0832,-31.8987,1,0,0,0,1545.84,148.422,1.95467
20.19,4.318e+06,606872,4.64616e+06,-78.6741,-14.3381,68.5278,0.555103,0.114344,-0.0155957,0.823737,4.31897e+06,607578,4.64517e+06,25.2059,21.945,-32.056,1,0,0,0,1560.34,149.079,1.96462
20.29,4.31799e+06,606871,4.64617e+06,-79.6084,-14.5953,68.3145,0.550983,0.114866,-0.0170343,0.826398,4.31898e+06,607580,4.64517e+06,25.2614,21.8063,-32.2122,1,0,0,0,1574.91,149.761,1.97451
20.39,4.31798e+06,606870,4.64617e+06,-78.79,-14.6086,69.9872,0.546793,0.115407,-0.0184879,0.82907,4.31898e+06,607582,4.64516e+06,25.3165,21.6671,-32.3674,1,0,0,0,1589.55,150.435,1.98453
20.49,4.31798e+06,606868,4.64618e+06,-79.1936,-14.7958,70.3449,0.542662,0.115943,-0.0199228,0.831672,4.31898e+06,607584,4.64516e+06,25.3712,21.5273,-32.5215,1,0,0,0,1604.27,151.111,1.99439
20.59,4.31797e+06,606867,4.64619e+06,-79.0154,-14.9037,71.3277,0.538402,0.116478,-0.0213798,0.834326,4.31899e+06,607586,4.64516e+06,25.4255,21.3871,-32.6745,1,0,0,0,1619.04,151.794,2.00451
20.69,4.31796e+06,606865,4.6462e+06,-79.1488,-15.0573,71.9754,0.534171,0.116962,-0.0228477,0.836935,4.31899e+06,607588,4.64515e+06,25.4794,21.2463,-32.8265,1,0,0,0,1633.9,152.474,2.01454
20.79,4.31795e+06,606864,4.6462e+06,-81.1138,-15.4725,70.6532,0.53048,0.117458,-0.0243906,0.839166,4.31899e+06,607590,4.64515e+06,25.5328,21.1051,-32.9774,1,0,0,0,1648.82,153.136,2.02326
20.89,4.31794e+06,606862,4.64621e+06,-81.6392,-15.6862,70.8792,0.526296,0.117944,-0.0258585,0.841685,4.31899e+06,607593,4.64515e+06,25.5859,20.9634,-33.1272,1,0,0,0,1663.81,153.811,2.03311
20.99,4.31793e+06,606860,4.64622e+06,-82.5608,-15.9592,70.679,0.522424,0.118428,-0.0273804,0.843978,4.319e+06,607595,4.64514e+06,25.6387,20.8211,-33.2759,1,0,0,0,1678.87,154.488,2.04221
21.09,4.31793e+06,606859,4.64622e+06,-83.0585,-16.1741,70.933,0.518217,0.119438,-0.028694,0.846382,4.319e+06,607597,4.64514e+06,25.691,20.6784,-33.4235,1,0,0,0,1694.01,155.161,2.05206
21.19,4.31792e+06,606857,4.64623e+06,-82.9415,-16.3047,71.8483,0.513993,0.119899,-0.0301919,0.848837,4.319e+06,607599,4.64514e+06,25.7429,20.5353,-33.5699,1,0,0,0,1709.21,155.828,2.06193
21.29,4.31791e+06,606856,4.64624e+06,-82.266,-16.3592,73.3636,0.509714,0.120382,-0.0316565,0.851291,4.319e+06,607601,4.64513e+06,25.7945,20.3916,-33.7153,1,0,0,0,1724.49,156.504,2.07189
21.39,4.3179e+06,606854,4.64625e+06,-82.0027,-16.4741,74.4355,0.505435,0.120846,-0.0331583,0.853717,4.31901e+06,607603,4.64513e+06,25.8457,20.2474,-33.8595,1,0,0,0,1739.83,157.186,2.08182
21.49,4.31789e+06,606852,4.64625e+06,-82.2072,-16.657,75.0036,0.501133,0.121323,-0.0346534,0.856122,4.31901e+06,607605,4.64513e+06,25.8965,20.1028,-34.0026,1,0,0,0,1755.24,157.861,2.09178
21.59,4.31788e+06,606851,4.64626e+06,-83.9319,-17.0562,73.9355,0.497063,0.121751,-0.0361669,0.858369,4.31901e+06,607607,4.64512e+06,25.9469,19.9578,-34.1445,1,0,0,0,1770.72,158.508,2.10117
21.69,4.31788e+06,606849,4.64627e+06,-84.1743,-17.2489,74.4621,0.492712,0.12222,-0.0376621,0.860743,4.31901e+06,607609,4.64512e+06,25.997,19.8122,-34.2853,1,0,0,0,1786.27,159.177,2.11119
21.79,4.31787e+06,606847,4.64628e+06,-84.1528,-17.4066,75.2717,0.488192,0.122674,-0.0391187,0.863186,4.31902e+06,607611,4.64512e+06,26.0467,19.6663,-34.4249,1,0,0,0,1801.89,159.849,2.12156
21.89,4.31786e+06,606845,4.64628e+06,-85.0542,-17.6977,75.0888,0.484119,0.123089,-0.0407055,0.865344,4.31902e+06,607613,4.64511e+06,26.0961,19.5198,-34.5633,1,0,0,0,1817.58,160.509,2.13088
21.99,4.31785e+06,606844,4.64629e+06,-86.1723,-18.0228,74.6736,0.480347,0.123522,-0.0422882,0.867306,4.31902e+06,607615,4.64511e+06,26.145,19.3729,-34.7005,1,0,0,0,1833.34,161.172,2.13949
22.09,4.31784e+06,606842,4.6463e+06,-86.6732,-18.2589,74.9252,0.476073,0.121503,-0.0437396,0.869872,4.31902e+06,607617,4.6451e+06,26.1937,19.2256,-34.8366,1,0,0,0,1849.17,161.838,2.14922
22.19,4.31783e+06,606840,4.6463e+06,-86.7249,-18.4339,75.6601,0.471739,0.121923,-0.0452018,0.872097,4.31903e+06,607619,4.6451e+06,26.242,19.0779,-34.9715,1,0,0,0,1865.07,162.505,2.15907
22.29,4.31782e+06,606838,4.64631e+06,-87.4299,-18.7031,75.692,0.467372,0.122324,-0.0466898,0.874311,4.31903e+06,607621,4.6451e+06,26.2899,18.9297,-35.1051,1,0,0,0,1881.04,163.17,2.16896
22.39,4.31782e+06,606836,4.64632e+06,-86.0662,-18.6839,77.9488,0.462855,0.122756,-0.0481621,0.876571,4.31903e+06,607622,4.64509e+06,26.3375,18.781,-35.2375,1,0,0,0,1897.07,163.858,2.17917
22.49,4.31781e+06,606834,4.64633e+06,-87.644,-19.0807,77.0397,0.458599,0.123149,-0.049671,0.878666,4.31903e+06,607624,4.64509e+06,26.3847,18.632,-35.3688,1,0,0,0,1913.18,164.501,2.18876
22.59,4.3178e+06,606832,4.64634e+06,-87.7485,-19.272,77.7153,0.45411,0.123562,-0.0511352,0.880853,4.31904e+06,607626,4.64509e+06,26.4316,18.4825,-35.4988,1,0,0,0,1929.35,165.166,2.19885
22.69,4.31779e+06,606830,4.64634e+06,-89.8879,-19.7532,76.2017,0.450193,0.123911,-0.0526938,0.882721,4.31904e+06,607628,4.64508e+06,26.4781,18.3326,-35.6275,1,0,0,0,1945.59,165.823,2.20763
22.79,4.31778e+06,606828,4.64635e+06,-89.8737,-19.9322,77.0028,0.445548,0.124282,-0.0541179,0.884937,4.31904e+06,607630,4.64508e+06,26.5244,18.1823,-35.755,1,0,0,0,1961.9,166.48,2.21802
22.89,4.31777e+06,606826,4.64636e+06,-91.186,-20.3024,76.3786,0.441681,0.124599,-0.0556976,0.88673,4.31904e+06,607632,4.64508e+06,26.5703,18.0316,-35.8813,1,0,0,0,1978.28,167.148,2.22665
22.99,4.31776e+06,606824,4.64637e+06,-91.1255,-20.4777,77.2276,0.436615,0.125024,-0.0570833,0.889088,4.31905e+06,607633,4.64507e+06,26.6158,17.8805,-36.0063,1,0,0,0,1994.73,167.798,2.23793
23.09,4.31775e+06,606822,4.64637e+06,-91.6236,-20.7364,77.4754,0.432183,0.125737,-0.0584105,0.891065,4.31905e+06,607635,4.64507e+06,26.661,17.729,-36.13,1,0,0,0,2011.24,168.455,2.24777
23.19,4.31774e+06,606820,4.64638e+06,-93.7256,-21.2228,75.9964,0.427747,0.126055,-0.0598886,0.89306,4.31905e+06,607637,4.64507e+06,26.7059,17.577,-36.2525,1,0,0,0,2027.83,169.142,2.25759
23.29,4.31773e+06,606818,4.64639e+06,-94.1076,-21.4699,76.3671,0.423264,0.126411,-0.0613496,0.895044,4.31906e+06,607639,4.64506e+06,26.7505,17.4247,-36.3737,1,0,0,0,2044.49,169.794,2.2675
23.39,4.31772e+06,606816,4.6464e+06,-93.9528,-21.6437,77.3153,0.418722,0.126744,-0.0628192,0.897029,4.31906e+06,607640,4.64506e+06,26.7948,17.2721,-36.4936,1,0,0,0,2061.21,170.431,2.27752
23.49,4.31771e+06,606814,4.6464e+06,-95.6405,-22.0792,76.2792,0.414394,0.127052,-0.0643105,0.898888,4.31906e+06,607642,4.64505e+06,26.8387,17.119,-36.6122,1,0,0,0,2078,171.12,2.28704
23.59,4.31771e+06,606811,4.64641e+06,-95.3483,-22.2379,77.3728,0.409729,0.127372,-0.0657515,0.900875,4.31906e+06,607644,4.64505e+06,26.8823,16.9655,-36.7295,1,0,0,0,2094.86,171.746,2.29728
23.69,4.3177e+06,606809,4.64642e+06,-96.0325,-22.5362,77.4148,0.405254,0.127661,-0.0672111,0.902748,4.31907e+06,607646,4.64505e+06,26.9256,16.8117,-36.8455,1,0,0,0,2111.79,172.402,2.30708
23.79,4.31769e+06,606807,4.64643e+06,-95.7499,-22.6998,78.495,0.400288,0.127992,-0.0686133,0.90481,4.31907e+06,607647,4.64504e+06,26.9686,16.6575,-36.9602,1,0,0,0,2128.78,173.028,2.31793
23.89,4.31768e+06,606805,4.64644e+06,-95.4654,-22.8642,79.5752,0.395117,0.128354,-0.0699857,0.906923,4.31907e+06,607649,4.64504e+06,27.0113,16.5029,-37.0735,1,0,0,0,2145.85,173.658,2.3292
23.99,4.31767e+06,606802,4.64644e+06,-95.5353,-23.0809,80.273,0.390045,0.128677,-0.0713557,0.908964,4.31907e+06,607651,4.64504e+06,27.0537,16.348,-37.1856,1,0,0,0,2162.97,174.296,2.34023
24.09,4.31766e+06,606800,4.64645e+06,-96.0306,-23.3581,80.517,0.385602,0.127147,-0.0717136,0.911044,4.31908e+06,607652,4.64503e+06,27.0958,16.1927,-37.2963,1,0,0,0,2180.18,174.941,2.34987
24.19,4.31765e+06,606798,4.64646e+06,-95.4921,-23.4914,81.8733,0.38101,0.127433,-0.0731415,0.912821,4.31908e+06,607654,4.64503e+06,27.1376,16.0371,-37.4056,1,0,0,0,2197.43,175.579,2.35982
24.29,4.31764e+06,606796,4.64647e+06,-91.9939,-23.2108,86.4123,0.376243,0.127717,-0.0745337,0.914644,4.31908e+06,607655,4.64502e+06,27.1791,15.8811,-37.5136,1,0,0,0,2214.76,176.318,2.37012
24.39,4.31763e+06,606793,4.64648e+06,-92.35,-23.474,86.8036,0.371618,0.127964,-0.0759568,0.916382,4.31909e+06,607657,4.64502e+06,27.2202,15.7248,-37.6203,1,0,0,0,2232.16,176.96,2.38009
24.49,4.31762e+06,606791,4.64649e+06,-95.6924,-24.1599,83.9807,0.367428,0.128171,-0.0774135,0.917919,4.31909e+06,607659,4.64502e+06,27.2611,15.5682,-37.7256,1,0,0,0,2249.61,177.506,2.38911
24.59,4.31761e+06,606788,4.64649e+06,-96.6695,-24.5151,83.7018,0.362918,0.128372,-0.0788544,0.919562,4.31909e+06,607660,4.64501e+06,27.3017,15.4112,-37.8295,1,0,0,0,2267.14,178.137,2.3988
24.69,4.3176e+06,606786,4.6465e+06,-97.7275,-24.884,83.3351,0.358531,0.128585,-0.0802759,0.921128,4.31909e+06,607662,4.64501e+06,27.3421,15.2538,-37.9321,1,0,0,0,2284.73,178.771,2.4082
24.79,4.31759e+06,606783,4.64651e+06,-97.9283,-25.1338,83.8885,0.353716,0.128815,-0.0816511,0.922835,4.3191e+06,607663,4.64501e+06,27.3821,15.0962,-38.0333,1,0,0,0,2302.39,179.405,2.41851
24.89,4.31758e+06,606781,4.64652e+06,-98.7098,-25.4686,83.8171,0.349346,0.129026,-0.0830574,0.924344,4.3191e+06,607665,4.645e+06,27.4218,14.9382,-38.1331,1,0,0,0,2320.11,180.038,2.42785
24.99,4.31757e+06,606778,4.64653e+06,-99.7869,-25.8486,83.4292,0.345493,0.129121,-0.0845614,0.925641,4.3191e+06,607666,4.645e+06,27.4613,14.7799,-38.2315,1,0,0,0,2337.91,180.677,2.43607
25.09,4.31756e+06,606776,4.64654e+06,-100.278,-26.1455,83.6683,0.340849,0.129044,-0.0858471,0.927254,4.3191e+06,607668,4.64499e+06,27.5004,14.6213,-38.3285,1,0,0,0,2355.76,181.308,2.44595
25.19,4.31755e+06,606773,4.64654e+06,-101.537,-26.5528,83.0792,0.336228,0.129238,-0.0871898,0.928788,4.31911e+06,607669,4.64499e+06,27.5393,14.4624,-38.4242,1,0,0,0,2373.68,181.951,2.45578
25.29,4.31754e+06,606770,4.64655e+06,-102.649,-26.9412,82.647,0.331583,0.129397,-0.0885371,0.930306,4.31911e+06,607670,4.64499e+06,27.578,14.3032,-38.5184,1,0,0,0,2391.67,182.596,2.46563
25.39,4.31753e+06,606768,4.64656e+06,-102.843,-27.2018,83.2018,0.326882,0.129551,-0.0898585,0.931821,4.31911e+06,607672,4.64498e+06,27.6163,14.1437,-38.6112,1,0,0,0,2409.73,183.215,2.47559
25.49,4.31752e+06,606765,4.64657e+06,-102.554,-27.3967,84.2754,0.322073,0.129705,-0.0911223,0.93335,4.31912e+06,607673,4.64498e+06,27.6544,13.9839,-38.7026,1,0,0,0,2427.85,183.821,2.48576
25.59,4.31751e+06,606762,4.64658e+06,-102.48,-27.6233,85.1163,0.317247,0.12987,-0.0924263,0.93485,4.31912e+06,607675,4.64498e+06,27.6922,13.8238,-38.7925,1,0,0,0,2446.03,184.434,2.49594
25.69,4.3175e+06,606759,4.64659e+06,-102.729,-27.8973,85.6077,0.312472,0.129981,-0.0937251,0.936313,4.31912e+06,607676,4.64497e+06,27.7297,13.6634,-38.8811,1,0,0,0,2464.28,185.052,2.506
25.79,4.31749e+06,606757,4.64659e+06,-102.906,-28.1629,86.1752,0.307543,0.130107,-0.095033,0.937794,4.31912e+06,607677,4.64497e+06,27.767,13.5027,-38.9682,1,0,0,0,2482.59,185.667,2.51637
25.89,4.31748e+06,606754,4.6466e+06,-104.107,-28.5769,85.6424,0.303531,0.130121,-0.0964358,0.938956,4.31913e+06,607679,4.64496e+06,27.804,13.3418,-39.0539,1,0,0,0,2500.97,186.298,2.5248
25.99,4.31747e+06,606751,4.64661e+06,-104.637,-28.8966,85.8282,0.298857,0.130209,-0.0977396,0.940307,4.31913e+06,607680,4.64496e+06,27.8407,13.1805,-39.1381,1,0,0,0,2519.41,186.916,2.5346
26.09,4.31746e+06,606748,4.64662e+06,-105.122,-29.2133,86.0618,0.293953,0.130123,-0.0999915,0.941627,4.31913e+06,607681,4.64496e+06,27.8772,13.0191,-39.2209,1,0,0,0,2537.91,187.532,2.54487
26.19,4.31745e+06,606745,4.64663e+06,-105.288,-29.4865,86.6377,0.289202,0.130157,-0.10127,0.942956,4.31913e+06,607683,4.64495e+06,27.9134,12.8573,-39.3022,1,0,0,0,2556.48,188.139,2.55481
26.29,4.31744e+06,606742,4.64664e+06,-106.55,-29.9156,86.0325,0.284492,0.130168,-0.10255,0.944248,4.31914e+06,607684,4.64495e+06,27.9493,12.6953,-39.382,1,0,0,0,2575.11,188.771,2.56464
26.39,4.31743e+06,606739,4.64665e+06,-103.41,-29.7274,90.1638,0.279378,0.130221,-0.103765,0.945634,4.31914e+06,607685,4.64494e+06,27.985,12.533,-39.4604,1,0,0,0,2593.81,189.349,2.5753
26.49,4.31742e+06,606736,4.64666e+06,-104.64,-30.1554,89.5903,0.274738,0.130227,-0.105011,0.946854,4.31914e+06,607686,4.64494e+06,28.0205,12.3705,-39.5374,1,0,0,0,2612.57,189.95,2.58496
26.59,4.31741e+06,606733,4.64667e+06,-105.39,-30.5178,89.5321,0.270071,0.130216,-0.106227,0.948062,4.31915e+06,607688,4.64494e+06,28.0556,12.2077,-39.6128,1,0,0,0,2631.39,190.556,2.59466
26.69,4.3174e+06,606730,4.64667e+06,-107.031,-31.008,88.5159,0.265849,0.130121,-0.107535,0.94912,4.31915e+06,607689,4.64493e+06,28.0906,12.0447,-39.6868,1,0,0,0,2650.28,191.173,2.60342
26.79,4.31739e+06,606727,4.64668e+06,-107.822,-31.3798,88.4122,0.261296,0.130063,-0.108811,0.950247,4.31915e+06,607690,4.64493e+06,28.1252,11.8815,-39.7593,1,0,0,0,2669.23,191.784,2.61286
26.89,4.31738e+06,606724,4.64669e+06,-107.651,-31.6154,89.3379,0.255808,0.130122,-0.109853,0.951611,4.31915e+06,607691,4.64492e+06,28.1597,11.718,-39.8304,1,0,0,0,2688.24,192.372,2.62423
26.99,4.31737e+06,606721,4.6467e+06,-107.404,-31.8401,90.3411,0.249855,0.130198,-0.110889,0.953061,4.31916e+06,607692,4.64492e+06,28.1939,11.5543,-39.8999,1,0,0,0,2707.31,192.958,2.63653
27.09,4.31735e+06,606717,4.64671e+06,-107.881,-32.1729,90.5689,0.244995,0.130983,-0.112866,0.953982,4.31916e+06,607694,4.64492e+06,28.2278,11.3903,-39.9679,1,0,0,0,2726.45,193.554,2.64656
27.19,4.31734e+06,606714,4.64672e+06,-107.29,-32.3572,91.9429,0.240183,0.130906,-0.114022,0.955078,4.31916e+06,607695,4.64491e+06,28.2615,11.2262,-40.0345,1,0,0,0,2745.64,194.144,2.65648
27.29,4.31733e+06,606711,4.64673e+06,-107.653,-32.6772,92.2901,0.235382,0.130817,-0.115169,0.956148,4.31917e+06,607696,4.64491e+06,28.2949,11.0618,-40.0995,1,0,0,0,2764.9,194.736,2.66637
27.39,4.31732e+06,606708,4.64674e+06,-108.717,-33.0971,91.8814,0.230647,0.130691,-0.116279,0.957184,4.31917e+06,607697,4.6449e+06,28.3281,10.8972,-40.163,1,0,0,0,2784.21,195.327,2.67611
27.49,4.31731e+06,606704,4.64675e+06,-107.615,-33.2134,93.8014,0.225528,0.130581,-0.117382,0.958283,4.31917e+06,607698,4.6449e+06,28.3611,10.7324,-40.2251,1,0,0,0,2803.59,195.918,2.68662
27.59,4.3173e+06,606701,4.64676e+06,-109.271,-33.7198,92.7539,0.221073,0.13039,-0.118526,0.959206,4.31917e+06,607699,4.6449e+06,28.3938,10.5675,-40.2856,1,0,0,0,2823.03,196.501,2.69576
27.69,4.31729e+06,606698,4.64677e+06,-109.875,-34.0791,92.8368,0.216323,0.130238,-0.119647,0.96017,4.31918e+06,607700,4.64489e+06,28.4263,10.4023,-40.3446,1,0,0,0,2842.54,197.086,2.7055
27.79,4.31728e+06,606694,4.64677e+06,-110.456,-34.4368,92.9428,0.211576,0.130086,-0.120772,0.961107,4.31918e+06,607701,4.64489e+06,28.4585,10.2369,-40.4021,1,0,0,0,2862.1,197.671,2.71522
27.89,4.31727e+06,606691,4.64678e+06,-111.09,-34.8035,92.9917,0.206916,0.129875,-0.121843,0.962015,4.31918e+06,607702,4.64488e+06,28.4905,10.0713,-40.458,1,0,0,0,2881.73,198.255,2.72475
27.99,4.31726e+06,606687,4.64679e+06,-111.074,-35.0765,93.7331,0.201224,0.129761,-0.1228,0.963115,4.31919e+06,607703,4.64488e+06,28.5223,9.90555,-40.5125,1,0,0,0,2901.41,198.827,2.73638
28.09,4.31724e+06,606684,4.6468e+06,-111.542,-35.424,93.9551,0.196175,0.130022,-0.125364,0.963791,4.31919e+06,607704,4.64488e+06,28.5538,9.7396,-40.5654,1,0,0,0,2921.15,199.405,2.74668
28.19,4.31723e+06,606680,4.64681e+06,-110.59,-35.5734,95.7042,0.191284,0.129795,-0.126369,0.964673,4.31919e+06,607705,4.64487e+06,28.5851,9.57349,-40.6167,1,0,0,0,2940.96,199.978,2.75665
28.29,4.31722e+06,606677,4.64682e+06,-112.131,-36.0739,94.7697,0.186538,0.129536,-0.127403,0.965501,4.31919e+06,607706,4.64487e+06,28.6162,9.4072,-40.6666,1,0,0,0,2960.82,200.552,2.76632
28.39,4.31721e+06,606673,4.64683e+06,-113.236,-36.5147,94.3018,0.18175,0.129276,-0.12843,0.966313,4.3192e+06,607707,4.64486e+06,28.647,9.24074,-40.7149,1,0,0,0,2980.74,201.132,2.77606
28.49,4.3172e+06,606669,4.64684e+06,-112.847,-36.7459,95.4418,0.176726,0.129013,-0.12939,0.967151,4.3192e+06,607708,4.64486e+06,28.6776,9.07412,-40.7616,1,0,0,0,3000.72,201.693,2.78627
28.59,4.31719e+06,606666,4.64685e+06,-113.736,-37.1583,95.205,0.171995,0.128715,-0.130412,0.967907,4.3192e+06,607709,4.64486e+06,28.7079,8.90734,-40.8068,1,0,0,0,3020.77,202.266,2.79588
28.69,4.31718e+06,606662,4.64686e+06,-113.26,-37.3782,96.4337,0.166632,0.128462,-0.1313,0.968758,4.31921e+06,607710,4.64485e+06,28.7381,8.74041,-40.8505,1,0,0,0,3040.87,202.824,2.80677
28.79,4.31717e+06,606658,4.64687e+06,-114.079,-37.783,96.2722,0.162051,0.128135,-0.132306,0.969441,4.31921e+06,607711,4.64485e+06,28.768,8.57332,-40.8926,1,0,0,0,3061.03,203.392,2.81605
28.89,4.31715e+06,606654,4.64688e+06,-115.102,-38.2191,95.891,0.157874,0.127742,-0.13332,0.970043,4.31921e+06,607711,4.64484e+06,28.7976,8.40609,-40.9332,1,0,0,0,3081.25,203.965,2.82452
28.99,4.31714e+06,606651,4.64689e+06,-115.222,-38.5248,96.474,0.152379,0.127485,-0.134143,0.970842,4.31921e+06,607712,4.64484e+06,28.8271,8.23872,-40.9722,1,0,0,0,3101.53,204.52,2.83564
29.09,4.31713e+06,606647,4.6469e+06,-115.684,-38.8813,96.6926,0.147294,0.125789,-0.135346,0.97168,4.31922e+06,607713,4.64484e+06,28.8563,8.07121,-41.0096,1,0,0,0,3121.87,205.082,2.84593
29.19,4.31712e+06,606643,4.64691e+06,-115.318,-39.1219,97.8038,0.142368,0.125424,-0.136241,0.972337,4.31922e+06,607714,4.64483e+06,28.8853,7.90357,-41.0455,1,0,0,0,3142.27,205.634,2.85589
29.29,4.31711e+06,606639,4.64692e+06,-115.121,-39.3869,98.732,0.137436,0.125025,-0.137135,0.972972,4.31922e+06,607715,4.64483e+06,28.914,7.7358,-41.0798,1,0,0,0,3162.72,206.189,2.86585
29.39,4.3171e+06,606635,4.64693e+06,-116.23,-39.8366,98.2529,0.1326,0.124598,-0.137987,0.973577,4.31923e+06,607715,4.64482e+06,28.9425,7.56791,-41.1126,1,0,0,0,3183.23,206.749,2.87561
29.49,4.31709e+06,606631,4.64694e+06,-115.219,-39.9885,100.054,0.127392,0.124233,-0.138808,0.974202,4.31923e+06,607716,4.64482e+06,28.9708,7.39989,-41.1438,1,0,0,0,3203.8,207.3,2.88611
29.59,4.31707e+06,606627,4.64695e+06,-117.494,-40.6042,98.3195,0.123123,0.123685,-0.139693,0.974694,4.31923e+06,607717,4.64481e+06,28.9989,7.23176,-41.1734,1,0,0,0,3224.43,207.862,2.89472
29.69,4.31706e+06,606623,4.64696e+06,-119.741,-41.2181,96.6165,0.119231,0.123106,-0.140654,0.975113,4.31923e+06,607718,4.64481e+06,29.0268,7.06352,-41.2015,1,0,0,0,3245.11,208.463,2.90256
29.79,4.31705e+06,606619,4.64697e+06,-118.471,-41.3318,98.6881,0.11281,0.122856,-0.141268,0.97582,4.31924e+06,607718,4.64481e+06,29.0544,6.89518,-41.228,1,0,0,0,3265.85,208.964,2.91549
29.89,4.31704e+06,606615,4.64698e+06,-118.881,-41.6858,98.9557,0.107821,0.122391,-0.142064,0.976326,4.31924e+06,607719,4.6448e+06,29.0818,6.72673,-41.2529,1,0,0,0,3286.64,209.512,2.92553
29.99,4.31703e+06,606610,4.64699e+06,-119.072,-42.0076,99.4567,0.10239,0.121947,-0.14279,0.97686,4.31924e+06,607720,4.6448e+06,29.1089,6.55818,-41.2763,1,0,0,0,3307.49,210.052,2.93645
30.09,4.31702e+06,606606,4.647e+06,-119.53,-42.3689,99.6729,0.097453,0.121014,-0.14324,0.977415,4.31925e+06,607720,4.64479e+06,29.1359,6.38954,-41.2981,1,0,0,0,3328.39,210.598,2.94638
30.19,4.317e+06,606602,4.64701e+06,-120.488,-42.8006,99.3497,0.0925327,0.120462,-0.143967,0.977855,4.31925e+06,607721,4.64479e+06,29.1626,6.22081,-41.3183,1,0,0,0,3349.35,211.154,2.95626
30.29,4.31699e+06,606598,4.64702e+06,-120.358,-43.0796,100.197,0.0875849,0.119917,-0.144698,0.97827,4.31925e+06,607722,4.64479e+06,29.1891,6.05199,-41.3369,1,0,0,0,3370.37,211.684,2.9662
30.39,4.31698e+06,606593,4.64703e+06,-121.052,-43.4749,100.157,0.0826903,0.119384,-0.145434,0.978652,4.31925e+06,607722,4.64478e+06,29.2153,5.88309,-41.3539,1,0,0,0,3391.44,212.23,2.97602
30.49,4.31697e+06,606589,4.64704e+06,-122.355,-43.9562,99.4609,0.0779499,0.118793,-0.146155,0.979005,4.31926e+06,607723,4.64478e+06,29.2414,5.71412,-41.3694,1,0,0,0,3412.57,212.795,2.98553
30.59,4.31696e+06,606585,4.64705e+06,-122.099,-44.2182,100.44,0.0728023,0.118234,-0.146821,0.979369,4.31926e+06,607723,4.64477e+06,29.2672,5.54508,-41.3833,1,0,0,0,3433.75,213.312,2.99586
30.69,4.31694e+06,606580,4.64706e+06,-121.647,-44.4521,101.63,0.0673585,0.117692,-0.147415,0.979735,4.31926e+06,607724,4.64477e+06,29.2928,5.37596,-41.3956,1,0,0,0,3455,213.827,3.00677
30.79,4.31693e+06,606576,4.64707e+06,-122.179,-44.826,101.761,0.0625051,0.117051,-0.148068,0.980035,4.31927e+06,607724,4.64477e+06,29.3181,5.20679,-41.4063,1,0,0,0,3476.29,214.363,3.0165
30.89,4.31692e+06,606571,4.64708e+06,-122.788,-45.2112,101.81,0.0577436,0.116379,-0.148732,0.980306,4.31927e+06,607725,4.64476e+06,29.3432,5.03755,-41.4154,1,0,0,0,3497.64,214.901,3.02604
30.99,4.31691e+06,606567,4.64709e+06,-123.343,-45.5894,101.916,0.0530096,0.115702,-0.149368,0.980557,4.31927e+06,607725,4.64476e+06,29.3681,4.86826,-41.423,1,0,0,0,3519.05,215.436,3.03552
31.09,4.3169e+06,606562,4.6471e+06,-123.795,-45.9535,102.13,0.0481568,0.11581,-0.150488,0.980623,4.31928e+06,607726,4.64475e+06,29.3928,4.69892,-41.429,1,0,0,0,3540.5,215.966,3.04524
31.19,4.31688e+06,606558,4.64711e+06,-124.536,-46.3586,102.032,0.043243,0.115126,-0.151094,0.98084,4.31928e+06,607726,4.64475e+06,29.4172,4.52953,-41.4334,1,0,0,0,3562.01,216.503,3.05508
31.29,4.31687e+06,606553,4.64712e+06,-124.981,-46.7219,102.253,0.0383361,0.114403,-0.151689,0.981036,4.31928e+06,607727,4.64474e+06,29.4415,4.3601,-41.4362,1,0,0,0,3583.58,217.031,3.0649
31.39,4.31686e+06,606548,4.64713e+06,-122.969,-46.7396,105.117,0.0330775,0.113697,-0.152215,0.981229,4.31928e+06,607727,4.64474e+06,29.4654,4.19063,-41.4374,1,0,0,0,3605.21,217.505,3.07543
31.49,4.31685e+06,606544,4.64714e+06,-123.341,-47.0927,105.415,0.0281744,0.112951,-0.152814,0.981375,4.31929e+06,607728,4.64474e+06,29.4892,4.02112,-41.437,1,0,0,0,3626.88,218.026,3.08524
31.59,4.31683e+06,606539,4.64715e+06,-123.817,-47.4605,105.602,0.0232915,0.112157,-0.153374,0.981506,4.31929e+06,607728,4.64473e+06,29.5127,3.85159,-41.4351,1,0,0,0,3648.6,218.547,3.09501
31.69,4.31682e+06,606534,4.64716e+06,-125.009,-47.9302,105.019,0.018796,0.111315,-0.153966,0.981606,4.31929e+06,607728,4.64473e+06,29.536,3.68203,-41.4315,1,0,0,0,3670.38,219.079,3.104
31.79,4.31681e+06,606529,4.64718e+06,-124.855,-48.2084,105.881,0.0133564,0.110597,-0.154401,0.981708,4.3193e+06,607729,4.64472e+06,29.5591,3.51245,-41.4264,1,0,0,0,3692.22,219.586,3.11488
31.89,4.3168e+06,606525,4.64719e+06,-125.238,-48.5629,106.165,0.00835554,0.109782,-0.154909,0.981775,4.3193e+06,607729,4.64472e+06,29.5819,3.34286,-41.4197,1,0,0,0,3714.1,220.102,3.12488
31.99,4.31678e+06,606520,4.6472e+06,-125.792,-48.9418,106.269,0.00368384,0.108946,-0.15547,0.981808,4.3193e+06,607729,4.64472e+06,29.6045,3.17325,-41.4114,1,0,0,0,3736.04,220.621,3.13422
32.09,4.31677e+06,606515,4.64721e+06,-126.243,-49.3073,106.482,-0.00150736,0.106964,-0.156849,0.981812,4.3193e+06,607730,4.64471e+06,29.6269,3.00363,-41.4016,1,0,0,0,3758.04,221.137,3.13858
32.19,4.31676e+06,606510,4.64722e+06,-126.044,-49.5813,107.397,-0.00645585,0.106121,-0.157322,0.981808,4.31931e+06,607730,4.64471e+06,29.649,2.83401,-41.3901,1,0,0,0,3780.08,221.642,3.12868
32.29,4.31675e+06,606505,4.64723e+06,-126.703,-49.9759,107.387,-0.0113784,0.105194,-0.157748,0.981794,4.31931e+06,607730,4.6447e+06,29.6709,2.66439,-41.3771,1,0,0,0,3802.18,222.159,3.11884
32.39,4.31673e+06,606500,4.64724e+06,-126.207,-50.2076,108.621,-0.0164272,0.104311,-0.158176,0.981748,4.31931e+06,607731,4.6447e+06,29.6925,2.49477,-41.3625,1,0,0,0,3824.33,222.66,3.10874
32.49,4.31672e+06,606495,4.64725e+06,-126.469,-50.5458,109.039,-0.0213725,0.103371,-0.158586,0.981686,4.31932e+06,607731,4.64469e+06,29.7139,2.32516,-41.3463,1,0,0,0,3846.53,223.169,3.09884
32.59,4.31671e+06,606490,4.64726e+06,-128.661,-51.1562,107.383,-0.0256778,0.102323,-0.159047,0.981618,4.31932e+06,607731,4.64469e+06,29.7351,2.15556,-41.3285,1,0,0,0,3868.79,223.71,3.09023
32.69,4.3167e+06,606485,4.64727e+06,-128.581,-51.4452,108.169,-0.0308781,0.101377,-0.159384,0.981512,4.31932e+06,607731,4.64469e+06,29.756,1.98598,-41.3092,1,0,0,0,3891.09,224.208,3.07983
32.79,4.31668e+06,606480,4.64728e+06,-128.767,-51.7713,108.669,-0.0360414,0.100418,-0.159743,0.981376,4.31933e+06,607731,4.64468e+06,29.7767,1.81642,-41.2883,1,0,0,0,3913.46,224.71,3.06949
32.89,4.31667e+06,606474,4.64729e+06,-128.442,-52.0226,109.714,-0.0419758,0.099588,-0.159982,0.981186,4.31933e+06,607732,4.64468e+06,29.7972,1.64689,-41.2658,1,0,0,0,3935.87,225.2,3.05762
32.99,4.31666e+06,606469,4.64731e+06,-128.097,-52.2681,110.778,-0.048418,0.0988272,-0.16017,0.980936,4.31933e+06,607732,4.64467e+06,29.8174,1.47738,-41.2417,1,0,0,0,3958.33,225.689,3.04472
33.09,4.31664e+06,606464,4.64732e+06,-128.547,-52.6332,110.991,-0.0533244,0.0986496,-0.162369,0.980337,4.31933e+06,607732,4.64467e+06,29.8374,1.30791,-41.216,1,0,0,0,3980.85,226.19,3.03489
33.19,4.31663e+06,606459,4.64733e+06,-128.09,-52.8711,112.181,-0.0582511,0.0975951,-0.162698,0.980108,4.31934e+06,607732,4.64467e+06,29.8571,1.13848,-41.1888,1,0,0,0,4003.41,226.686,3.02502
33.29,4.31662e+06,606453,4.64734e+06,-128.644,-53.2506,112.282,-0.0631177,0.0965041,-0.163015,0.979862,4.31934e+06,607732,4.64466e+06,29.8765,0.969081,-41.16,1,0,0,0,4026.03,227.186,3.01527
33.39,4.31661e+06,606448,4.64735e+06,-128.339,-53.5086,113.31,-0.068109,0.0954275,-0.163307,0.979584,4.31934e+06,607732,4.64466e+06,29.8958,0.799732,-41.1297,1,0,0,0,4048.69,227.682,3.00527
33.49,4.31659e+06,606443,4.64736e+06,-128.979,-53.8993,113.321,-0.0729342,0.0942898,-0.163613,0.979296,4.31935e+06,607732,4.64465e+06,29.9147,0.630433,-41.0978,1,0,0,0,4071.41,228.179,2.99559
33.59,4.31658e+06,606437,4.64737e+06,-129.236,-54.2359,113.743,-0.0778725,0.0931763,-0.163915,0.978972,4.31935e+06,607732,4.64465e+06,29.9334,0.461187,-41.0643,1,0,0,0,4094.17,228.675,2.98569
33.69,4.31657e+06,606432,4.64738e+06,-130.277,-54.6832,113.326,-0.0824309,0.0919549,-0.164225,0.978662,4.31935e+06,607732,4.64465e+06,29.9519,0.292,-41.0292,1,0,0,0,4116.99,229.174,2.97654
33.79,4.31655e+06,606426,4.6474e+06,-130.66,-55.0367,113.614,-0.0873587,0.0907734,-0.164475,0.978303,4.31936e+06,607732,4.64464e+06,29.9701,0.122873,-40.9926,1,0,0,0,4139.86,229.669,2.96665
33.89,4.31654e+06,606421,4.64741e+06,-130.964,-55.378,113.989,-0.0924097,0.0896352,-0.164707,0.977905,4.31936e+06,607732,4.64464e+06,29.9881,-0.0461866,-40.9545,1,0,0,0,4162.77,230.162,2.95651
33.99,4.31653e+06,606415,4.64742e+06,-132.004,-55.8269,113.579,-0.0961535,0.0882549,-0.165051,0.977611,4.31936e+06,607732,4.64463e+06,30.0057,-0.215177,-40.9147,1,0,0,0,4185.75,230.669,2.94899
34.09,4.31652e+06,606410,4.64743e+06,-132.456,-56.1897,113.793,-0.100722,0.0889435,-0.165848,0.976954,4.31936e+06,607732,4.64463e+06,30.0232,-0.384093,-40.8735,1,0,0,0,4208.76,231.162,2.93981
34.19,4.3165e+06,606404,4.64744e+06,-135.882,-56.9703,110.806,-0.105507,0.0876684,-0.166095,0.976522,4.31937e+06,607732,4.64462e+06,30.0403,-0.552931,-40.8306,1,0,0,0,4231.83,231.747,2.93018
34.29,4.31649e+06,606398,4.64745e+06,-136.493,-57.3549,110.85,-0.110358,0.0864095,-0.166311,0.976061,4.31937e+06,607732,4.64462e+06,30.0573,-0.721687,-40.7863,1,0,0,0,4254.96,232.25,2.92043
34.39,4.31647e+06,606393,4.64746e+06,-136.394,-57.6393,111.66,-0.115271,0.0851529,-0.166486,0.975574,4.31937e+06,607732,4.64462e+06,30.0739,-0.890357,-40.7403,1,0,0,0,4278.13,232.718,2.91054
34.49,4.31646e+06,606387,4.64748e+06,-134.318,-57.6446,114.597,-0.120694,0.0839372,-0.166634,0.974998,4.31938e+06,607732,4.64461e+06,30.0903,-1.05894,-40.6929,1,0,0,0,4301.36,233.125,2.89961
34.59,4.31645e+06,606381,4.64749e+06,-134.032,-57.901,115.61,-0.125801,0.0826759,-0.166787,0.974434,4.31938e+06,607732,4.64461e+06,30.1064,-1.22742,-40.6439,1,0,0,0,4324.63,233.599,2.88932
34.69,4.31644e+06,606375,4.6475e+06,-134.339,-58.2402,115.985,-0.130734,0.0813616,-0.166943,0.973868,4.31938e+06,607732,4.6446e+06,30.1222,-1.39581,-40.5933,1,0,0,0,4347.96,234.084,2.87937
34.79,4.31642e+06,606370,4.64751e+06,-133.852,-58.4651,117.213,-0.136387,0.0801892,-0.167005,0.973179,4.31939e+06,607732,4.6446e+06,30.1378,-1.5641,-40.5413,1,0,0,0,4371.34,234.556,2.86797
34.89,4.31641e+06,606364,4.64752e+06,-134.619,-58.8694,117.096,-0.140798,0.0787705,-0.167182,0.972636,4.31939e+06,607731,4.6446e+06,30.153,-1.73228,-40.4877,1,0,0,0,4394.75,235.048,2.85906
34.99,4.3164e+06,606358,4.64754e+06,-134.682,-59.1701,117.734,-0.146355,0.0775294,-0.167256,0.971903,4.31939e+06,607731,4.64459e+06,30.1681,-1.90035,-40.4325,1,0,0,0,4418.22,235.525,2.84783
35.09,4.31638e+06,606352,4.64755e+06,-135.139,-59.5319,117.949,-0.151179,0.0766066,-0.169458,0.970856,4.31939e+06,607731,4.64459e+06,30.1828,-2.0683,-40.3759,1,0,0,0,4441.74,236.009,2.83807
35.19,4.31637e+06,606346,4.64756e+06,-135.387,-59.8638,118.391,-0.15593,0.0751819,-0.169572,0.970195,4.3194e+06,607731,4.64458e+06,30.1972,-2.23614,-40.3177,1,0,0,0,4465.31,236.49,2.82846
35.29,4.31636e+06,606340,4.64757e+06,-134.832,-60.0826,119.698,-0.160795,0.0737694,-0.169707,0.969486,4.3194e+06,607731,4.64458e+06,30.2114,-2.40386,-40.258,1,0,0,0,4488.93,236.965,2.8186
35.39,4.31634e+06,606334,4.64758e+06,-134.823,-60.3776,120.42,-0.165625,0.0723486,-0.169789,0.968765,4.3194e+06,607730,4.64458e+06,30.2253,-2.57145,-40.1968,1,0,0,0,4512.59,237.445,2.80881
35.49,4.31633e+06,606328,4.64759e+06,-136.543,-60.915,119.282,-0.170145,0.0708536,-0.169923,0.968069,4.31941e+06,607730,4.64457e+06,30.2389,-2.73891,-40.1341,1,0,0,0,4536.31,237.938,2.79964
35.59,4.31632e+06,606322,4.64761e+06,-136.083,-61.1448,120.492,-0.175246,0.069427,-0.170006,0.967247,4.31941e+06,607730,4.64457e+06,30.2521,-2.90623,-40.0699,1,0,0,0,4560.08,238.41,2.78928
35.69,4.3163e+06,606316,4.64762e+06,-136.075,-61.438,121.216,-0.18029,0.0679998,-0.170059,0.966412,4.31941e+06,607730,4.64456e+06,30.2652,-3.07342,-40.0041,1,0,0,0,4583.89,238.888,2.77903
35.79,4.31629e+06,606310,4.64763e+06,-136.738,-61.8253,121.221,-0.184864,0.0664791,-0.17012,0.965642,4.31942e+06,607729,4.64456e+06,30.2779,-3.24047,-39.9369,1,0,0,0,4607.74,239.371,2.76973
35.89,4.31627e+06,606303,4.64764e+06,-136.709,-62.1126,121.969,-0.190276,0.0650764,-0.170109,0.964688,4.31942e+06,607729,4.64456e+06,30.2903,-3.40738,-39.8682,1,0,0,0,4631.65,239.846,2.75871
35.99,4.31626e+06,606297,4.64766e+06,-137.178,-62.4711,122.185,-0.195045,0.0635781,-0.170152,0.963828,4.31942e+06,607729,4.64455e+06,30.3024,-3.57413,-39.798,1,0,0,0,4655.61,240.327,2.74899
36.09,4.31625e+06,606291,4.64767e+06,-137.643,-62.8288,122.403,-0.199419,0.0639424,-0.170632,0.962823,4.31942e+06,607728,4.64455e+06,30.3142,-3.74073,-39.7263,1,0,0,0,4679.61,240.805,2.74006
36.19,4.31623e+06,606285,4.64768e+06,-138.447,-63.2341,122.256,-0.204129,0.0624105,-0.170675,0.961928,4.31943e+06,607728,4.64454e+06,30.3257,-3.90717,-39.6531,1,0,0,0,4703.66,241.285,2.73044
36.29,4.31622e+06,606278,4.64769e+06,-137.991,-63.4614,123.469,-0.208931,0.0608712,-0.170695,0.960992,4.31943e+06,607727,4.64454e+06,30.3369,-4.07346,-39.5784,1,0,0,0,4727.76,241.755,2.72063
36.39,4.31621e+06,606272,4.6477e+06,-141.473,-64.2416,120.444,-0.213251,0.0592113,-0.170762,0.960135,4.31943e+06,607727,4.64454e+06,30.3478,-4.23958,-39.5023,1,0,0,0,4751.91,242.292,2.71179
36.49,4.31619e+06,606265,4.64772e+06,-142.681,-64.7019,119.869,-0.217816,0.0575747,-0.170796,0.959203,4.31944e+06,607727,4.64453e+06,30.3583,-4.40553,-39.4247,1,0,0,0,4776.11,242.802,2.70244
36.59,4.31618e+06,606259,4.64773e+06,-141.831,-64.8718,121.51,-0.222956,0.0560431,-0.170772,0.958116,4.31944e+06,607726,4.64453e+06,30.3686,-4.5713,-39.3456,1,0,0,0,4800.37,243.235,2.6919
36.69,4.31616e+06,606253,4.64774e+06,-142.014,-65.1865,122.042,-0.227805,0.0544471,-0.170765,0.957068,4.31944e+06,607726,4.64452e+06,30.3785,-4.73691,-39.2651,1,0,0,0,4824.67,243.707,2.68195
36.79,4.31615e+06,606246,4.64775e+06,-141.997,-65.472,122.789,-0.232905,0.0528701,-0.17077,0.955928,4.31945e+06,607725,4.64452e+06,30.3881,-4.90233,-39.1831,1,0,0,0,4849.01,244.173,2.67147
36.89,4.31614e+06,606240,4.64777e+06,-141.789,-65.7286,123.742,-0.238457,0.051386,-0.170717,0.954648,4.31945e+06,607725,4.64452e+06,30.3974,-5.06757,-39.0996,1,0,0,0,4873.4,244.633,2.66004
36.99,4.31612e+06,606233,4.64778e+06,-141.758,-66.0087,124.505,-0.244088,0.0498733,-0.170646,0.953317,4.31945e+06,607724,4.64451e+06,30.4064,-5.23262,-39.0148,1,0,0,0,4897.84,245.098,2.64843
37.09,4.31611e+06,606227,4.64779e+06,-142.232,-66.3611,124.726,-0.248395,0.0502391,-0.170342,0.952239,4.31946e+06,607724,4.64451e+06,30.415,-5.39748,-38.9284,1,0,0,0,4922.32,245.574,2.63955
37.19,4.31609e+06,606220,4.6478e+06,-143.815,-66.8691,123.755,-0.252982,0.0485712,-0.170333,0.951119,4.31946e+06,607723,4.6445e+06,30.4233,-5.56215,-38.8407,1,0,0,0,4946.86,246.079,2.63007
37.29,4.31608e+06,606213,4.64782e+06,-144.118,-67.1968,124.165,-0.257636,0.0468876,-0.170317,0.949956,4.31946e+06,607723,4.6445e+06,30.4313,-5.72662,-38.7515,1,0,0,0,4971.44,246.552,2.62044
37.39,4.31607e+06,606206,4.64783e+06,-143.525,-67.398,125.542,-0.262424,0.0452297,-0.170311,0.948727,4.31946e+06,607722,4.6445e+06,30.4389,-5.89088,-38.6609,1,0,0,0,4996.08,247,2.61053
37.49,4.31605e+06,606200,4.64784e+06,-144.697,-67.8475,125.02,-0.266928,0.043501,-0.170279,0.947556,4.31947e+06,607721,4.64449e+06,30.4462,-6.05494,-38.5688,1,0,0,0,5020.75,247.497,2.60119
37.59,4.31604e+06,606193,4.64786e+06,-142.922,-67.8807,127.672,-0.272297,0.0419019,-0.170224,0.946109,4.31947e+06,607721,4.64449e+06,30.4531,-6.21879,-38.4754,1,0,0,0,5045.48,247.923,2.59003
37.69,4.31602e+06,606186,4.64787e+06,-142.901,-68.1606,128.437,-0.277195,0.0402223,-0.170178,0.944767,4.31947e+06,607720,4.64449e+06,30.4597,-6.38243,-38.3805,1,0,0,0,5070.26,248.392,2.57985
37.79,4.31601e+06,606179,4.64788e+06,-143.165,-68.4802,128.898,-0.281967,0.0385095,-0.170139,0.943432,4.31948e+06,607719,4.64448e+06,30.4659,-6.54585,-38.2843,1,0,0,0,5095.08,248.864,2.56991
37.89,4.31599e+06,606173,4.6479e+06,-143.333,-68.7855,129.463,-0.286956,0.0368306,-0.170087,0.942003,4.31948e+06,607719,4.64448e+06,30.4718,-6.70905,-38.1866,1,0,0,0,5119.95,249.336,2.5595
37.99,4.31598e+06,606166,4.64791e+06,-143.355,-69.0682,130.186,-0.292385,0.035239,-0.170031,0.940403,4.31948e+06,607718,4.64447e+06,30.4774,-6.87202,-38.0875,1,0,0,0,5144.87,249.804,2.54815
38.09,4.31597e+06,606159,4.64792e+06,-143.845,-69.4159,130.412,-0.297016,0.0334136,-0.168346,0.939321,4.31949e+06,607717,4.64447e+06,30.4825,-7.03477,-37.9871,1,0,0,0,5169.83,250.279,2.53846
38.19,4.31595e+06,606152,4.64794e+06,-144.4,-69.7722,130.57,-0.301586,0.0316256,-0.168301,0.937934,4.31949e+06,607717,4.64447e+06,30.4873,-7.19728,-37.8853,1,0,0,0,5194.84,250.756,2.52888
38.29,4.31594e+06,606145,4.64795e+06,-146.625,-70.3631,128.933,-0.306032,0.0298339,-0.168248,0.936561,4.31949e+06,607716,4.64446e+06,30.4918,-7.35956,-37.7821,1,0,0,0,5219.9,251.264,2.51955
38.39,4.31592e+06,606138,4.64796e+06,-149.477,-71.0421,126.623,-0.310335,0.0279774,-0.168179,0.935214,4.31949e+06,607715,4.64446e+06,30.4958,-7.52161,-37.6775,1,0,0,0,5245,251.833,2.5105
38.49,4.31591e+06,606131,4.64797e+06,-149.527,-71.327,127.333,-0.314958,0.0261872,-0.168137,0.933727,4.3195e+06,607714,4.64446e+06,30.4995,-7.6834,-37.5716,1,0,0,0,5270.16,252.297,2.50077
38.59,4.31589e+06,606124,4.64799e+06,-149.216,-71.5607,128.433,-0.319759,0.0244365,-0.168036,0.932159,4.3195e+06,607714,4.64445e+06,30.5028,-7.84496,-37.4643,1,0,0,0,5295.37,252.746,2.49064
38.69,4.31588e+06,606116,4.648e+06,-148.281,-71.7056,130.205,-0.325024,0.0227572,-0.16795,0.930395,4.3195e+06,607713,4.64445e+06,30.5057,-8.00626,-37.3557,1,0,0,0,5320.63,253.178,2.47952
38.79,4.31586e+06,606109,4.64801e+06,-148.5,-72.013,130.738,-0.329768,0.0209531,-0.167903,0.928775,4.31951e+06,607712,4.64444e+06,30.5083,-8.16731,-37.2457,1,0,0,0,5345.94,253.651,2.46948
38.89,4.31585e+06,606102,4.64803e+06,-148.607,-72.304,131.393,-0.334742,0.01922,-0.16783,0.927044,4.31951e+06,607711,4.64444e+06,30.5105,-8.32811,-37.1344,1,0,0,0,5371.29,254.12,2.45893
38.99,4.31584e+06,606095,4.64804e+06,-148.297,-72.5334,132.492,-0.340675,0.0176251,-0.167725,0.924931,4.31951e+06,607710,4.64444e+06,30.5122,-8.48864,-37.0218,1,0,0,0,5396.68,254.577,2.44632
39.09,4.31582e+06,606088,4.64805e+06,-148.802,-72.8816,132.72,-0.344828,0.0175715,-0.168541,0.923244,4.31952e+06,607710,4.64443e+06,30.5136,-8.64891,-36.9078,1,0,0,0,5422.14,255.056,2.43748
39.19,4.31581e+06,606080,4.64807e+06,-147.347,-72.9553,135.059,-0.34935,0.015741,-0.168498,0.921583,4.31952e+06,607709,4.64443e+06,30.5146,-8.80891,-36.7925,1,0,0,0,5447.64,255.505,2.42784
39.29,4.31579e+06,606073,4.64808e+06,-146.96,-73.1785,136.252,-0.353879,0.0138752,-0.168423,0.919897,4.31952e+06,607708,4.64443e+06,30.5151,-8.96864,-36.6759,1,0,0,0,5473.19,255.977,2.41816
39.39,4.31578e+06,606066,4.6481e+06,-146.824,-73.437,137.175,-0.358394,0.012042,-0.168379,0.918181,4.31953e+06,607707,4.64442e+06,30.5153,-9.1281,-36.558,1,0,0,0,5498.78,256.453,2.4085
39.49,4.31576e+06,606058,4.64811e+06,-148.144,-73.9,136.535,-0.36266,0.0101338,-0.168279,0.916546,4.31953e+06,607706,4.64442e+06,30.5151,-9.28728,-36.4388,1,0,0,0,5524.41,256.931,2.39935
39.59,4.31575e+06,606051,4.64812e+06,-149.448,-74.361,135.914,-0.366851,0.00824295,-0.168215,0.914908,4.31953e+06,607705,4.64441e+06,30.5144,-9.44618,-36.3183,1,0,0,0,5550.1,257.418,2.39035
39.69,4.31573e+06,606044,4.64814e+06,-150.207,-74.7459,135.881,-0.371166,0.00631177,-0.168128,0.913197,4.31953e+06,607704,4.64441e+06,30.5134,-9.60479,-36.1966,1,0,0,0,5575.83,257.903,2.38106
39.79,4.31572e+06,606036,4.64815e+06,-150.139,-75.0136,136.74,-0.375988,0.00448816,-0.168048,0.911248,4.31954e+06,607703,4.64441e+06,30.5119,-9.76312,-36.0735,1,0,0,0,5601.62,258.374,2.37067
39.89,4.3157e+06,606029,4.64816e+06,-150.044,-75.277,137.628,-0.381062,0.0027488,-0.167957,0.909161,4.31954e+06,607702,4.6444e+06,30.51,-9.92115,-35.9492,1,0,0,0,5627.45,258.844,2.3597
39.99,4.31569e+06,606021,4.64818e+06,-150.929,-75.6809,137.469,-0.384841,0.000736601,-0.167874,0.907588,4.31954e+06,607701,4.6444e+06,30.5076,-10.0789,-35.8236,1,0,0,0,5653.33,259.332,2.35152
40.09,4.31567e+06,606014,4.64819e+06,-151.451,-76.0342,137.698,-0.389015,-0.000364686,-0.168981,0.905601,4.31955e+06,607700,4.6444e+06,30.5048,-10.2363,-35.6968,1,0,0,0,5679.25,259.813,2.34247
40.19,4.31566e+06,606006,4.64821e+06,-150.653,-76.2028,139.35,-0.393431,-0.00227541,-0.168881,0.903707,4.31955e+06,607699,4.64439e+06,30.5016,-10.3935,-35.5687,1,0,0,0,5705.24,260.278,2.33287
40.29,4.31564e+06,605998,4.64822e+06,-152.228,-76.7049,138.449,-0.397707,-0.00418923,-0.168794,0.901843,4.31955e+06,607698,4.64439e+06,30.498,-10.5503,-35.4394,1,0,0,0,5731.27,260.773,2.32356
40.39,4.31563e+06,605991,4.64823e+06,-153.672,-77.1887,137.692,-0.401943,-0.00611574,-0.168714,0.899967,4.31956e+06,607697,4.64439e+06,30.4939,-10.7068,-35.3089,1,0,0,0,5757.34,261.278,2.31432
40.49,4.31561e+06,605983,4.64825e+06,-155.122,-77.6739,136.931,-0.406116,-0.00806862,-0.168608,0.898096,4.31956e+06,607696,4.64438e+06,30.4894,-10.863,-35.1771,1,0,0,0,5783.46,261.795,2.30519
40.59,4.3156e+06,605975,4.64826e+06,-154.152,-77.8191,138.777,-0.410906,-0.00989116,-0.168522,0.895912,4.31956e+06,607695,4.64438e+06,30.4844,-11.0189,-35.0441,1,0,0,0,5809.63,262.234,2.2947
40.69,4.31558e+06,605967,4.64828e+06,-153.352,-77.9877,140.44,-0.415867,-0.0116909,-0.168443,0.893613,4.31957e+06,607694,4.64438e+06,30.479,-11.1745,-34.9099,1,0,0,0,5835.85,262.689,2.2838
40.79,4.31557e+06,605960,4.64829e+06,-154.039,-78.3665,140.507,-0.420057,-0.0136212,-0.168355,0.891641,4.31957e+06,607693,4.64437e+06,30.4731,-11.3298,-34.7745,1,0,0,0,5862.12,263.178,2.27458
40.89,4.31555e+06,605952,4.6483e+06,-154.203,-78.6713,141.138,-0.424779,-0.0154487,-0.168284,0.889384,4.31957e+06,607691,4.64437e+06,30.4667,-11.4847,-34.6379,1,0,0,0,5888.43,263.655,2.26416
40.99,4.31554e+06,605944,4.64832e+06,-154.046,-78.9299,142.11,-0.430226,-0.0171644,-0.168205,0.886746,4.31957e+06,607690,4.64436e+06,30.4599,-11.6393,-34.5001,1,0,0,0,5914.8,264.124,2.25211
41.09,4.31552e+06,605936,4.64833e+06,-154.587,-79.2907,142.34,-0.4345,-0.0197069,-0.168844,0.884485,4.31958e+06,607689,4.64436e+06,30.4526,-11.7936,-34.3611,1,0,0,0,5941.21,264.61,2.24263
41.19,4.31551e+06,605928,4.64835e+06,-153.762,-79.4604,144.043,-0.438776,-0.02162,-0.168734,0.882347,4.31958e+06,607688,4.64436e+06,30.4448,-11.9475,-34.221,1,0,0,0,5967.67,265.081,2.23312
41.29,4.31549e+06,605920,4.64836e+06,-153.772,-79.7482,144.848,-0.443059,-0.0235441,-0.168663,0.880169,4.31958e+06,607687,4.64435e+06,30.4366,-12.1011,-34.0797,1,0,0,0,5994.19,265.564,2.22358
41.39,4.31548e+06,605912,4.64838e+06,-155.138,-80.2265,144.195,-0.447182,-0.0254883,-0.168568,0.878045,4.31959e+06,607685,4.64435e+06,30.4279,-12.2544,-33.9373,1,0,0,0,6020.74,266.056,2.21437
41.49,4.31546e+06,605904,4.64839e+06,-156.87,-80.757,143.151,-0.451178,-0.0274521,-0.168478,0.875956,4.31959e+06,607684,4.64435e+06,30.4187,-12.4073,-33.7937,1,0,0,0,6047.34,266.567,2.20542
41.59,4.31544e+06,605896,4.6484e+06,-158.234,-81.237,142.504,-0.455134,-0.0294126,-0.168402,0.873858,4.31959e+06,607683,4.64434e+06,30.409,-12.5599,-33.6489,1,0,0,0,6074,267.082,2.19655
41.69,4.31543e+06,605888,4.64842e+06,-159.065,-81.6424,142.435,-0.459195,-0.0313431,-0.16834,0.871676,4.3196e+06,607682,4.64434e+06,30.3988,-12.7121,-33.5031,1,0,0,0,6100.7,267.586,2.18741
41.79,4.31541e+06,605880,4.64843e+06,-157.734,-81.7429,144.688,-0.4648,-0.032983,-0.168317,0.868644,4.3196e+06,607680,4.64434e+06,30.3881,-12.8639,-33.3561,1,0,0,0,6127.46,268.019,2.17477
41.89,4.3154e+06,605872,4.64845e+06,-158.019,-82.0723,145.207,-0.4693,-0.0348126,-0.168248,0.866163,4.3196e+06,607679,4.64433e+06,30.3769,-13.0154,-33.208,1,0,0,0,6154.26,268.503,2.1646
41.99,4.31538e+06,605863,4.64846e+06,-157.889,-82.3425,146.169,-0.474595,-0.0364755,-0.168172,0.863219,4.3196e+06,607678,4.64433e+06,30.3652,-13.1666,-33.0588,1,0,0,0,6181.11,268.975,2.15259
42.09,4.31537e+06,605855,4.64848e+06,-158.447,-82.7141,146.397,-0.478599,-0.0386771,-0.169438,0.860662,4.31961e+06,607677,4.64433e+06,30.353,-13.3174,-32.9085,1,0,0,0,6208.01,269.466,2.14348
42.19,4.31535e+06,605847,4.64849e+06,-157.913,-82.9337,147.803,-0.482726,-0.0405551,-0.169384,0.858278,4.31961e+06,607675,4.64432e+06,30.3403,-13.4678,-32.7571,1,0,0,0,6234.97,269.939,2.13406
42.29,4.31533e+06,605839,4.64851e+06,-157.805,-83.2136,148.753,-0.486859,-0.0424674,-0.169296,0.855864,4.31961e+06,607674,4.64432e+06,30.327,-13.6178,-32.6047,1,0,0,0,6261.98,270.421,2.12461
42.39,4.31532e+06,605830,4.64852e+06,-157.523,-83.47,149.89,-0.491073,-0.0443464,-0.169197,0.853377,4.31962e+06,607672,4.64432e+06,30.3133,-13.7675,-32.4511,1,0,0,0,6289.02,270.905,2.11495
42.49,4.3153e+06,605822,4.64854e+06,-159.765,-84.0817,148.312,-0.494838,-0.0462643,-0.169086,0.85112,4.31962e+06,607671,4.64431e+06,30.299,-13.9168,-32.2966,1,0,0,0,6316.11,271.416,2.1063
42.59,4.31529e+06,605814,4.64855e+06,-160.163,-84.4353,148.721,-0.498978,-0.0481604,-0.168988,0.848613,4.31962e+06,607670,4.64431e+06,30.2841,-14.0657,-32.1409,1,0,0,0,6343.26,271.906,2.09675
42.69,4.31527e+06,605805,4.64857e+06,-160.049,-84.7176,149.682,-0.503363,-0.0499833,-0.168896,0.845932,4.31963e+06,607668,4.64431e+06,30.2688,-14.2142,-31.9842,1,0,0,0,6370.45,272.386,2.08662
42.79,4.31526e+06,605797,4.64858e+06,-160.045,-85.0157,150.525,-0.507823,-0.0517636,-0.168827,0.843169,4.31963e+06,607667,4.64431e+06,30.2529,-14.3623,-31.8265,1,0,0,0,6397.7,272.869,2.07628
42.89,4.31524e+06,605788,4.6486e+06,-160.29,-85.3499,151.101,-0.512236,-0.0535504,-0.168716,0.840405,4.31963e+06,607665,4.6443e+06,30.2365,-14.5101,-31.6677,1,0,0,0,6424.99,273.356,2.06602
42.99,4.31522e+06,605780,4.64861e+06,-160.936,-85.742,151.25,-0.516126,-0.0554409,-0.168646,0.837914,4.31963e+06,607664,4.6443e+06,30.2195,-14.6575,-31.508,1,0,0,0,6452.34,273.851,2.05695
43.09,4.31521e+06,605771,4.64863e+06,-161.508,-86.1247,151.476,-0.519857,-0.0559306,-0.169279,0.835443,4.31964e+06,607662,4.6443e+06,30.2019,-14.8044,-31.3472,1,0,0,0,6479.72,274.342,2.04823
43.19,4.31519e+06,605763,4.64865e+06,-161.935,-86.488,151.86,-0.523845,-0.0577863,-0.169185,0.832841,4.31964e+06,607661,4.64429e+06,30.1838,-14.951,-31.1854,1,0,0,0,6507.17,274.832,2.03888
43.29,4.31518e+06,605754,4.64866e+06,-160.843,-86.6388,153.881,-0.527924,-0.0596024,-0.169116,0.830147,4.31964e+06,607659,4.64429e+06,30.1652,-15.0972,-31.0227,1,0,0,0,6534.66,275.303,2.02928
43.39,4.31516e+06,605745,4.64868e+06,-161.023,-86.9695,154.533,-0.531923,-0.0614284,-0.169035,0.827473,4.31965e+06,607658,4.64429e+06,30.146,-15.2429,-30.8589,1,0,0,0,6562.2,275.791,2.01985
43.49,4.31514e+06,605737,4.64869e+06,-159.962,-87.1268,156.522,-0.536182,-0.0631959,-0.168988,0.824596,4.31965e+06,607656,4.64428e+06,30.1262,-15.3883,-30.6942,1,0,0,0,6589.8,276.279,2.00978
43.59,4.31513e+06,605728,4.64871e+06,-161.261,-87.617,155.973,-0.539872,-0.0650437,-0.168896,0.822059,4.31965e+06,607655,4.64428e+06,30.1058,-15.5332,-30.5285,1,0,0,0,6617.43,276.768,2.00102
43.69,4.31511e+06,605719,4.64872e+06,-162.441,-88.0913,155.554,-0.543513,-0.0669284,-0.168778,0.81953,4.31966e+06,607653,4.64428e+06,30.0849,-15.6778,-30.3619,1,0,0,0,6645.12,277.263,1.99236
43.79,4.3151e+06,605710,4.64874e+06,-163.086,-88.4917,155.712,-0.547405,-0.0687427,-0.168712,0.816798,4.31966e+06,607652,4.64427e+06,30.0634,-15.8219,-30.1943,1,0,0,0,6672.85,277.756,1.98307
43.89,4.31508e+06,605701,4.64875e+06,-163.731,-88.8933,155.87,-0.551247,-0.070519,-0.168607,0.814079,4.31966e+06,607650,4.64427e+06,30.0413,-15.9656,-30.0258,1,0,0,0,6700.63,278.251,1.97388
43.99,4.31506e+06,605692,4.64877e+06,-163.916,-89.2305,156.52,-0.555794,-0.0721761,-0.168591,0.81084,4.31967e+06,607649,4.64427e+06,30.0186,-16.1089,-29.8564,1,0,0,0,6728.47,278.736,1.96296
44.09,4.31505e+06,605683,4.64878e+06,-164.505,-89.6277,156.743,-0.559771,-0.0751847,-0.168678,0.807807,4.31967e+06,607647,4.64427e+06,29.9953,-16.2517,-29.686,1,0,0,0,6756.36,279.231,1.95337
44.19,4.31503e+06,605674,4.6488e+06,-164.698,-89.9703,157.392,-0.563624,-0.0769253,-0.168603,0.804974,4.31967e+06,607645,4.64426e+06,29.9714,-16.3941,-29.5148,1,0,0,0,6784.28,279.721,1.94406
44.29,4.31501e+06,605665,4.64882e+06,-166.298,-90.5117,156.527,-0.567403,-0.0787025,-0.168505,0.802163,4.31967e+06,607644,4.64426e+06,29.9469,-16.5361,-29.3426,1,0,0,0,6812.26,280.236,1.93489
44.39,4.315e+06,605656,4.64883e+06,-164.929,-90.6375,158.862,-0.571456,-0.080385,-0.168418,0.799132,4.31968e+06,607642,4.64426e+06,29.9218,-16.6777,-29.1696,1,0,0,0,6840.3,280.7,1.92504
44.49,4.31498e+06,605647,4.64885e+06,-165.155,-90.9885,159.477,-0.57533,-0.0820881,-0.168352,0.796187,4.31968e+06,607640,4.64425e+06,29.8961,-16.8188,-28.9957,1,0,0,0,6868.39,281.191,1.91558
44.59,4.31496e+06,605638,4.64886e+06,-166.269,-91.4652,159.14,-0.57896,-0.0838252,-0.168253,0.793391,4.31968e+06,607639,4.64425e+06,29.8698,-16.9595,-28.8209,1,0,0,0,6896.51,281.693,1.90669
44.69,4.31495e+06,605629,4.64888e+06,-164.959,-91.6025,161.408,-0.583686,-0.0853221,-0.168237,0.789764,4.31969e+06,607637,4.64425e+06,29.8428,-17.0998,-28.6452,1,0,0,0,6924.7,282.168,1.89507
44.79,4.31493e+06,605620,4.6489e+06,-166.658,-92.1642,160.446,-0.586623,-0.0871739,-0.168071,0.787418,4.31969e+06,607635,4.64424e+06,29.8153,-17.2396,-28.4688,1,0,0,0,6952.93,282.673,1.88783
44.89,4.31491e+06,605611,4.64891e+06,-167.337,-92.5834,160.579,-0.590303,-0.0888896,-0.167997,0.784486,4.31969e+06,607633,4.64424e+06,29.7871,-17.3789,-28.2914,1,0,0,0,6981.21,283.17,1.87873
44.99,4.3149e+06,605601,4.64893e+06,-167.641,-92.9511,161.111,-0.594539,-0.0904486,-0.167961,0.781109,4.31969e+06,607632,4.64424e+06,29.7583,-17.5178,-28.1133,1,0,0,0,7009.55,283.659,1.86821
45.09,4.31488e+06,605592,4.64894e+06,-168.242,-93.3584,161.331,-0.5986,-0.0914602,-0.165751,0.778357,4.3197e+06,607630,4.64424e+06,29.7288,-17.6563,-27.9343,1,0,0,0,7037.92,284.156,1.85809
45.19,4.31486e+06,605583,4.64896e+06,-168.333,-93.695,162.101,-0.602353,-0.0930944,-0.165653,0.775283,4.3197e+06,607628,4.64423e+06,29.6987,-17.7943,-27.7545,1,0,0,0,7066.35,284.645,1.8487
45.29,4.31485e+06,605573,4.64898e+06,-168.955,-94.1074,162.3,-0.606056,-0.0947249,-0.16555,0.772216,4.3197e+06,607626,4.64423e+06,29.6679,-17.9318,-27.5739,1,0,0,0,7094.84,285.142,1.83941
45.39,4.31483e+06,605564,4.64899e+06,-168.613,-94.3854,163.538,-0.60985,-0.0962958,-0.165473,0.769044,4.31971e+06,607625,4.64423e+06,29.6365,-18.0689,-27.3925,1,0,0,0,7123.37,285.625,1.82985
45.49,4.31481e+06,605555,4.64901e+06,-166.861,-94.4669,166.294,-0.613972,-0.097805,-0.16544,0.765573,4.31971e+06,607623,4.64423e+06,29.6045,-18.2055,-27.2104,1,0,0,0,7151.96,286.109,1.81943
45.59,4.3148e+06,605545,4.64903e+06,-168.004,-94.9562,165.934,-0.617481,-0.0994084,-0.165318,0.762565,4.31971e+06,607621,4.64422e+06,29.5718,-18.3416,-27.0275,1,0,0,0,7180.58,286.601,1.81052
45.69,4.31478e+06,605536,4.64904e+06,-168.94,-95.4175,165.796,-0.620969,-0.100996,-0.165187,0.759547,4.31972e+06,607619,4.64422e+06,29.5384,-18.4773,-26.8438,1,0,0,0,7209.26,287.095,1.80164
45.79,4.31476e+06,605526,4.64906e+06,-169.648,-95.8481,165.906,-0.62455,-0.102537,-0.165078,0.756421,4.31972e+06,607617,4.64422e+06,29.5044,-18.6125,-26.6593,1,0,0,0,7237.98,287.591,1.79248
45.89,4.31475e+06,605516,4.64908e+06,-170.666,-96.324,165.684,-0.627709,-0.104178,-0.164922,0.75361,4.31972e+06,607615,4.64421e+06,29.4697,-18.7473,-26.4742,1,0,0,0,7266.76,288.093,1.78438
45.99,4.31473e+06,605507,4.64909e+06,-170.667,-96.6574,166.547,-0.632328,-0.105502,-0.164967,0.749544,4.31972e+06,607614,4.64421e+06,29.4343,-18.8815,-26.2883,1,0,0,0,7295.58,288.574,1.77248
46.09,4.31471e+06,605497,4.64911e+06,-171.276,-97.0791,166.762,-0.635894,-0.107473,-0.165213,0.746185,4.31973e+06,607612,4.64421e+06,29.3982,-19.0153,-26.1016,1,0,0,0,7324.46,289.069,1.76326
46.19,4.3147e+06,605487,4.64913e+06,-171.644,-97.4681,167.238,-0.639503,-0.108941,-0.16508,0.742911,4.31973e+06,607610,4.64421e+06,29.3615,-19.1486,-25.9143,1,0,0,0,7353.39,289.56,1.75389
46.29,4.31468e+06,605478,4.64915e+06,-172.476,-97.9238,167.213,-0.643071,-0.110421,-0.164974,0.739629,4.31973e+06,607608,4.6442e+06,29.3241,-19.2814,-25.7263,1,0,0,0,7382.36,290.058,1.74459
46.39,4.31466e+06,605468,4.64916e+06,-171.862,-98.1777,168.747,-0.646782,-0.111839,-0.164872,0.736195,4.31974e+06,607606,4.6442e+06,29.2859,-19.4137,-25.5376,1,0,0,0,7411.39,290.535,1.73488
46.49,4.31464e+06,605458,4.64918e+06,-172.171,-98.5622,169.287,-0.650402,-0.11325,-0.164731,0.732813,4.31974e+06,607604,4.6442e+06,29.2471,-19.5455,-25.3482,1,0,0,0,7440.47,291.025,1.72537
46.59,4.31463e+06,605448,4.6492e+06,-173.016,-99.0234,169.248,-0.653855,-0.114703,-0.16459,0.729539,4.31974e+06,607602,4.6442e+06,29.2076,-19.6769,-25.1581,1,0,0,0,7469.59,291.52,1.71626
46.69,4.31461e+06,605438,4.64921e+06,-175.018,-99.6482,167.968,-0.656697,-0.116272,-0.164345,0.726788,4.31975e+06,607600,4.64419e+06,29.1674,-19.8077,-24.9674,1,0,0,0,7498.76,292.045,1.70873
46.79,4.31459e+06,605428,4.64923e+06,-174.613,-99.9362,169.272,-0.660976,-0.117473,-0.164348,0.722703,4.31975e+06,607598,4.64419e+06,29.1265,-19.938,-24.776,1,0,0,0,7527.99,292.513,1.69735
46.89,4.31458e+06,605418,4.64925e+06,-174.124,-100.214,170.66,-0.665712,-0.118556,-0.164393,0.718155,4.31975e+06,607596,4.64419e+06,29.0848,-20.0679,-24.584,1,0,0,0,7557.25,292.98,1.6847
46.99,4.31456e+06,605408,4.64926e+06,-174.404,-100.601,171.224,-0.669745,-0.119797,-0.164336,0.714202,4.31975e+06,607594,4.64419e+06,29.0425,-20.1972,-24.3914,1,0,0,0,7586.58,293.463,1.67386
47.09,4.31454e+06,605398,4.64928e+06,-175.017,-101.036,171.434,-0.6731,-0.121145,-0.164647,0.71074,4.31976e+06,607592,4.64418e+06,28.9994,-20.326,-24.1981,1,0,0,0,7615.95,293.953,1.66481
47.19,4.31452e+06,605388,4.6493e+06,-175.307,-101.428,171.99,-0.676555,-0.122461,-0.164498,0.70726,4.31976e+06,607590,4.64418e+06,28.9556,-20.4544,-24.0042,1,0,0,0,7645.36,294.438,1.65544
47.29,4.31451e+06,605378,4.64932e+06,-176.374,-101.93,171.709,-0.679944,-0.123768,-0.164363,0.703806,4.31976e+06,607588,4.64418e+06,28.9111,-20.5822,-23.8098,1,0,0,0,7674.82,294.935,1.64622
47.39,4.31449e+06,605368,4.64933e+06,-175.391,-102.145,173.636,-0.683514,-0.124998,-0.164239,0.70015,4.31977e+06,607586,4.64418e+06,28.8659,-20.7095,-23.6147,1,0,0,0,7704.34,295.399,1.63646
47.49,4.31447e+06,605358,4.64935e+06,-175.209,-102.474,174.699,-0.687036,-0.126218,-0.164115,0.696504,4.31977e+06,607584,4.64417e+06,28.8199,-20.8363,-23.4191,1,0,0,0,7733.91,295.877,1.62679
47.59,4.31445e+06,605347,4.64937e+06,-176.535,-103.016,174.139,-0.690178,-0.12752,-0.163902,0.693202,4.31977e+06,607582,4.64417e+06,28.7732,-20.9625,-23.2229,1,0,0,0,7763.51,296.371,1.61812
47.69,4.31444e+06,605337,4.64939e+06,-177.257,-103.474,174.229,-0.693478,-0.128741,-0.163734,0.689714,4.31977e+06,607580,4.64417e+06,28.7257,-21.0883,-23.0262,1,0,0,0,7793.17,296.86,1.60898
47.79,4.31442e+06,605327,4.6494e+06,-178.246,-103.971,174.032,-0.696541,-0.130049,-0.163517,0.686426,4.31978e+06,607577,4.64417e+06,28.6775,-21.2135,-22.8289,1,0,0,0,7822.88,297.356,1.60046
47.89,4.3144e+06,605316,4.64942e+06,-177.758,-104.262,175.414,-0.701086,-0.130945,-0.163567,0.6816,4.31978e+06,607575,4.64417e+06,28.6285,-21.3382,-22.6311,1,0,0,0,7852.64,297.814,1.58776
47.99,4.31438e+06,605306,4.64944e+06,-177.545,-104.592,176.495,-0.705711,-0.131788,-0.163652,0.676626,4.31978e+06,607573,4.64416e+06,28.5788,-21.4623,-22.4327,1,0,0,0,7882.44,298.278,1.57474
48.09,4.31437e+06,605295,4.64946e+06,-178.155,-105.039,176.7,-0.70892,-0.132538,-0.163824,0.673073,4.31979e+06,607571,4.64416e+06,28.5283,-21.586,-22.2339,1,0,0,0,7912.29,298.759,1.56566
48.19,4.31435e+06,605285,4.64947e+06,-178.492,-105.448,177.197,-0.712211,-0.133677,-0.163632,0.66941,4.31979e+06,607569,4.64416e+06,28.4771,-21.7091,-22.0345,1,0,0,0,7942.2,299.235,1.55631
48.29,4.31433e+06,605274,4.64949e+06,-177.776,-105.711,178.83,-0.715559,-0.134775,-0.163443,0.665655,4.31979e+06,607567,4.64416e+06,28.4251,-21.8316,-21.8347,1,0,0,0,7972.15,299.702,1.54674
48.39,4.31431e+06,605264,4.64951e+06,-178.551,-106.184,178.855,-0.718781,-0.135895,-0.163243,0.661995,4.31979e+06,607564,4.64415e+06,28.3723,-21.9537,-21.6343,1,0,0,0,8002.13,300.18,1.5375
48.49,4.31429e+06,605253,4.64953e+06,-178.599,-106.556,179.663,-0.722116,-0.136961,-0.163072,0.658177,4.3198e+06,607562,4.64415e+06,28.3188,-22.0752,-21.4335,1,0,0,0,8032.17,300.653,1.52788
48.59,4.31428e+06,605242,4.64955e+06,-178.66,-106.932,180.456,-0.725493,-0.137971,-0.162896,0.654285,4.3198e+06,607560,4.64415e+06,28.2645,-22.1961,-21.2323,1,0,0,0,8062.26,301.125,1.51809
48.69,4.31426e+06,605232,4.64957e+06,-178.832,-107.323,181.127,-0.728878,-0.138987,-0.162703,0.650344,4.3198e+06,607558,4.64415e+06,28.2093,-22.3165,-21.0305,1,0,0,0,8092.4,301.596,1.50823
48.79,4.31424e+06,605221,4.64958e+06,-179.559,-107.794,181.202,-0.731975,-0.140029,-0.162455,0.646694,4.31981e+06,607556,4.64415e+06,28.1535,-22.4364,-20.8284,1,0,0,0,8122.58,302.071,1.49916
48.89,4.31422e+06,605210,4.6496e+06,-179.659,-108.177,181.946,-0.735705,-0.140913,-0.162317,0.642289,4.31981e+06,607553,4.64414e+06,28.0968,-22.5557,-20.6258,1,0,0,0,8152.81,302.537,1.48818
48.99,4.31421e+06,605199,4.64962e+06,-180.499,-108.665,181.9,-0.7385,-0.141967,-0.161991,0.638922,4.31981e+06,607551,4.64414e+06,28.0393,-22.6744,-20.4228,1,0,0,0,8183.09,303.013,1.47991
49.09,4.31419e+06,605189,4.64964e+06,-181.107,-109.119,182.101,-0.741897,-0.141852,-0.160643,0.635343,4.31981e+06,607549,4.64414e+06,27.9811,-22.7926,-20.2194,1,0,0,0,8213.4,303.486,1.4698
49.19,4.31417e+06,605178,4.64966e+06,-184.157,-109.915,179.671,-0.744978,-0.142821,-0.160375,0.631578,4.31982e+06,607547,4.64414e+06,27.922,-22.9103,-20.0155,1,0,0,0,8243.78,304.01,1.46059
49.29,4.31415e+06,605167,4.64968e+06,-183.059,-110.131,181.709,-0.748198,-0.1437,-0.160138,0.62762,4.31982e+06,607544,4.64414e+06,27.8621,-23.0274,-19.8113,1,0,0,0,8274.2,304.443,1.45091
49.39,4.31413e+06,605156,4.64969e+06,-184.24,-110.667,181.291,-0.751234,-0.14463,-0.159838,0.623844,4.31982e+06,607542,4.64413e+06,27.8015,-23.1439,-19.6068,1,0,0,0,8304.67,304.929,1.44173
49.49,4.31411e+06,605145,4.64971e+06,-184.448,-111.068,181.92,-0.754387,-0.145495,-0.159559,0.619897,4.31982e+06,607540,4.64413e+06,27.74,-23.2599,-19.4018,1,0,0,0,8335.18,305.392,1.43215
49.59,4.3141e+06,605133,4.64973e+06,-185.689,-111.614,181.437,-0.757262,-0.146418,-0.159225,0.616249,4.31983e+06,607537,4.64413e+06,27.6777,-23.3753,-19.1965,1,0,0,0,8365.74,305.884,1.42337
49.69,4.31408e+06,605122,4.64975e+06,-185.303,-111.933,182.702,-0.760755,-0.147164,-0.159043,0.6118,4.31983e+06,607535,4.64413e+06,27.6146,-23.4901,-18.9909,1,0,0,0,8396.35,306.326,1.41264
49.79,4.31406e+06,605111,4.64977e+06,-185.168,-112.287,183.693,-0.764301,-0.14785,-0.158865,0.607244,4.31983e+06,607533,4.64413e+06,27.5507,-23.6044,-18.7849,1,0,0,0,8427,306.775,1.40168
49.89,4.31404e+06,605100,4.64979e+06,-185.693,-112.735,183.975,-0.7674,-0.148665,-0.158579,0.603198,4.31984e+06,607530,4.64412e+06,27.4859,-23.7181,-18.5786,1,0,0,0,8457.7,307.242,1.39204
49.99,4.31402e+06,605089,4.6498e+06,-185.708,-113.112,184.796,-0.771284,-0.149213,-0.158503,0.598108,4.31984e+06,607528,4.64412e+06,27.4204,-23.8312,-18.3719,1,0,0,0,8488.45,307.689,1.37988
50.09,4.314e+06,605077,4.64982e+06,-186.311,-113.573,184.994,-0.774245,-0.150603,-0.158218,0.593996,4.31984e+06,607525,4.64412e+06,27.354,-23.9437,-18.165,1,0,0,0,8519.23,308.155,1.37055
50.19,4.31399e+06,605066,4.64984e+06,-187.459,-114.111,184.603,-0.777196,-0.151369,-0.157845,0.590032,4.31984e+06,607523,4.64412e+06,27.2867,-24.0557,-17.9578,1,0,0,0,8550.06,308.636,1.3612
50.29,4.31397e+06,605055,4.64986e+06,-186.393,-114.339,186.597,-0.780237,-0.152077,-0.157528,0.585907,4.31985e+06,607521,4.64412e+06,27.2187,-24.1671,-17.7503,1,0,0,0,8580.96,309.061,1.3515
50.39,4.31395e+06,605043,4.64988e+06,-184.281,-114.421,189.716,-0.783436,-0.152727,-0.157234,0.581532,4.31985e+06,607518,4.64412e+06,27.1498,-24.2779,-17.5425,1,0,0,0,8611.9,309.491,1.34124
50.49,4.31393e+06,605032,4.6499e+06,-185.362,-114.952,189.394,-0.786262,-0.153456,-0.156844,0.577619,4.31985e+06,607516,4.64411e+06,27.08,-24.3881,-17.3344,1,0,0,0,8642.87,309.952,1.33212
50.59,4.31391e+06,605020,4.64992e+06,-185.795,-115.392,189.769,-0.789197,-0.154141,-0.156465,0.573523,4.31986e+06,607513,4.64411e+06,27.0094,-24.4978,-17.1261,1,0,0,0,8673.89,310.408,1.32259
50.69,4.31389e+06,605009,4.64994e+06,-187.364,-115.991,188.924,-0.791657,-0.154922,-0.155941,0.570054,4.31986e+06,607511,4.64411e+06,26.938,-24.6068,-16.9176,1,0,0,0,8704.95,310.881,1.31456
50.79,4.31387e+06,604997,4.64996e+06,-188.423,-116.52,188.626,-0.794215,-0.155668,-0.155434,0.56642,4.31986e+06,607508,4.64411e+06,26.8657,-24.7153,-16.7088,1,0,0,0,8736.06,311.351,1.30616
50.89,4.31386e+06,604985,4.64997e+06,-188.816,-116.955,189.04,-0.797274,-0.156257,-0.155048,0.562049,4.31986e+06,607506,4.64411e+06,26.7926,-24.8231,-16.4998,1,0,0,0,8767.21,311.805,1.29606
50.99,4.31384e+06,604974,4.64999e+06,-189.214,-117.391,189.447,-0.800377,-0.156755,-0.154673,0.557585,4.31987e+06,607503,4.64411e+06,26.7186,-24.9304,-16.2906,1,0,0,0,8798.41,312.256,1.28575
51.09,4.31382e+06,604962,4.65001e+06,-189.806,-117.855,189.642,-0.802818,-0.156185,-0.156077,0.553831,4.31987e+06,607501,4.6441e+06,26.6437,-25.0371,-16.0812,1,0,0,0,8829.65,312.711,1.27758
51.19,4.3138e+06,604950,4.65003e+06,-189.139,-118.143,191.194,-0.805627,-0.156759,-0.155638,0.549698,4.31987e+06,607498,4.6441e+06,26.568,-25.1432,-15.8716,1,0,0,0,8860.94,313.137,1.26813
51.29,4.31378e+06,604938,4.65005e+06,-189.422,-118.565,191.719,-0.808431,-0.157305,-0.155183,0.545539,4.31987e+06,607496,4.6441e+06,26.4914,-25.2486,-15.6618,1,0,0,0,8892.27,313.582,1.25863
51.39,4.31376e+06,604927,4.65007e+06,-189.231,-118.921,192.756,-0.811262,-0.157835,-0.15475,0.54129,4.31988e+06,607493,4.6441e+06,26.414,-25.3535,-15.4519,1,0,0,0,8923.65,314.019,1.24898
51.49,4.31375e+06,604915,4.65009e+06,-187.902,-119.116,195.016,-0.814296,-0.158287,-0.154357,0.536694,4.31988e+06,607491,4.6441e+06,26.3357,-25.4578,-15.2418,1,0,0,0,8955.09,314.449,1.23856
51.59,4.31373e+06,604903,4.65011e+06,-189.866,-119.774,193.73,-0.816675,-0.158911,-0.15373,0.533064,4.31988e+06,607488,4.6441e+06,26.2565,-25.5614,-15.0315,1,0,0,0,8986.54,314.907,1.23034
51.69,4.31371e+06,604891,4.65013e+06,-190.096,-120.189,194.309,-0.819514,-0.159418,-0.153241,0.528677,4.31988e+06,607486,4.64409e+06,26.1764,-25.6645,-14.8212,1,0,0,0,9018.06,315.348,1.22047
51.79,4.31369e+06,604879,4.65015e+06,-189.847,-120.536,195.399,-0.822719,-0.159767,-0.152891,0.523672,4.31989e+06,607483,4.64409e+06,26.0955,-25.7669,-14.6106,1,0,0,0,9049.61,315.78,1.20924
51.89,4.31367e+06,604867,4.65017e+06,-190.019,-120.943,196.035,-0.825759,-0.160111,-0.152457,0.518887,4.31989e+06,607481,4.64409e+06,26.0136,-25.8688,-14.4,1,0,0,0,9081.21,316.215,1.1985
51.99,4.31365e+06,604855,4.65019e+06,-190.735,-121.426,196.09,-0.828238,-0.16061,-0.151848,0.514944,4.31989e+06,607478,4.64409e+06,25.9309,-25.97,-14.1892,1,0,0,0,9112.85,316.66,1.18968
52.09,4.31363e+06,604843,4.65021e+06,-191.319,-121.889,196.284,-0.830892,-0.16007,-0.151521,0.510918,4.31989e+06,607475,4.64409e+06,25.8473,-26.0706,-13.9784,1,0,0,0,9144.54,317.1,1.18018
52.19,4.31361e+06,604830,4.65023e+06,-191.833,-122.343,196.551,-0.833499,-0.160482,-0.150949,0.506694,4.3199e+06,607473,4.64409e+06,25.7629,-26.1706,-13.7675,1,0,0,0,9176.27,317.539,1.17077
52.29,4.31359e+06,604818,4.65025e+06,-190.903,-122.593,198.376,-0.836127,-0.160852,-0.150403,0.502391,4.3199e+06,607470,4.64409e+06,25.6775,-26.2699,-13.5564,1,0,0,0,9208.05,317.963,1.16122
52.39,4.31357e+06,604806,4.65027e+06,-193.172,-123.292,196.75,-0.838545,-0.161308,-0.149747,0.498395,4.3199e+06,607468,4.64408e+06,25.5912,-26.3687,-13.3454,1,0,0,0,9239.85,318.421,1.15238
52.49,4.31355e+06,604793,4.65029e+06,-195.029,-123.934,195.571,-0.840917,-0.161751,-0.149091,0.494437,4.3199e+06,607465,4.64408e+06,25.5041,-26.4668,-13.1342,1,0,0,0,9271.7,318.892,1.14364
52.59,4.31353e+06,604781,4.65031e+06,-195.871,-124.433,195.483,-0.843387,-0.162126,-0.148475,0.490274,4.31991e+06,607462,4.64408e+06,25.416,-26.5643,-12.923,1,0,0,0,9303.61,319.342,1.13448
52.69,4.31352e+06,604768,4.65033e+06,-196.102,-124.845,196.053,-0.846054,-0.162384,-0.147874,0.485755,4.31991e+06,607460,4.64408e+06,25.3271,-26.6611,-12.7118,1,0,0,0,9335.56,319.771,1.12452
52.79,4.3135e+06,604756,4.65035e+06,-195.722,-125.172,197.274,-0.849097,-0.162547,-0.147388,0.48051,4.31991e+06,607457,4.64408e+06,25.2372,-26.7574,-12.5006,1,0,0,0,9367.54,320.178,1.11305
52.89,4.31348e+06,604744,4.65037e+06,-195.523,-125.522,198.297,-0.852218,-0.162674,-0.146902,0.475059,4.31992e+06,607454,4.64408e+06,25.1465,-26.853,-12.2893,1,0,0,0,9399.57,320.589,1.10117
52.99,4.31346e+06,604731,4.65039e+06,-195.291,-125.868,199.347,-0.855631,-0.162659,-0.146531,0.469007,4.31992e+06,607452,4.64408e+06,25.0548,-26.948,-12.078,1,0,0,0,9431.65,320.995,1.08806
53.09,4.31344e+06,604719,4.65041e+06,-195.864,-126.326,199.541,-0.857993,-0.162604,-0.146281,0.464768,4.31992e+06,607449,4.64408e+06,24.9622,-27.0423,-11.8667,1,0,0,0,9463.76,321.427,1.07889
53.19,4.31342e+06,604706,4.65043e+06,-197.074,-126.874,199.048,-0.860394,-0.162877,-0.145543,0.460446,4.31992e+06,607446,4.64407e+06,24.8688,-27.136,-11.6554,1,0,0,0,9495.92,321.874,1.06951
53.29,4.3134e+06,604693,4.65045e+06,-197.891,-127.366,198.979,-0.862785,-0.163134,-0.144814,0.456091,4.31993e+06,607443,4.64407e+06,24.7744,-27.2291,-11.4442,1,0,0,0,9528.12,322.313,1.06009
53.39,4.31338e+06,604681,4.65047e+06,-197.706,-127.717,199.99,-0.865232,-0.163347,-0.144068,0.451592,4.31993e+06,607441,4.64407e+06,24.6791,-27.3215,-11.233,1,0,0,0,9560.36,322.722,1.05037
53.49,4.31336e+06,604668,4.65049e+06,-196.744,-127.959,201.836,-0.867764,-0.163525,-0.143417,0.446851,4.31993e+06,607438,4.64407e+06,24.5829,-27.4133,-11.0218,1,0,0,0,9592.66,323.115,1.04022
53.59,4.31334e+06,604655,4.65051e+06,-198.032,-128.515,201.259,-0.869948,-0.163772,-0.142605,0.442755,4.31993e+06,607435,4.64407e+06,24.4857,-27.5044,-10.8107,1,0,0,0,9624.98,323.56,1.0314
53.69,4.31332e+06,604642,4.65053e+06,-198.02,-128.889,202.079,-0.872444,-0.163938,-0.141918,0.437979,4.31993e+06,607432,4.64407e+06,24.3877,-27.5949,-10.5996,1,0,0,0,9657.35,323.972,1.02123
53.79,4.3133e+06,604629,4.65055e+06,-198.947,-129.394,201.891,-0.874571,-0.1642,-0.141042,0.433902,4.31994e+06,607430,4.64407e+06,24.2887,-27.6848,-10.3886,1,0,0,0,9689.75,324.409,1.01249
53.89,4.31328e+06,604616,4.65057e+06,-199.113,-129.791,202.516,-0.877132,-0.164291,-0.14036,0.428891,4.31994e+06,607427,4.64407e+06,24.1888,-27.774,-10.1777,1,0,0,0,9722.2,324.822,1.00188
53.99,4.31326e+06,604603,4.65059e+06,-199.368,-130.2,203.043,-0.879723,-0.164348,-0.139654,0.423762,4.31994e+06,607424,4.64407e+06,24.088,-27.8625,-9.96687,1,0,0,0,9754.69,325.236,0.991034
54.09,4.31324e+06,604590,4.65061e+06,-199.937,-130.654,203.238,-0.881939,-0.166135,-0.13807,0.418951,4.31994e+06,607421,4.64406e+06,23.9863,-27.9504,-9.75614,1,0,0,0,9787.22,325.663,0.981674
54.19,4.31322e+06,604577,4.65063e+06,-199.861,-131.017,204.13,-0.884148,-0.166266,-0.137227,0.414496,4.31995e+06,607419,4.64406e+06,23.8836,-28.0377,-9.54552,1,0,0,0,9819.79,326.073,0.972258
54.29,4.3132e+06,604564,4.65065e+06,-201.115,-131.566,203.586,-0.886312,-0.166421,-0.136322,0.410088,4.31995e+06,607416,4.64406e+06,23.7801,-28.1243,-9.33502,1,0,0,0,9852.4,326.517,0.962955
54.39,4.31318e+06,604551,4.65067e+06,-201.139,-131.941,204.37,-0.888515,-0.166527,-0.135404,0.405557,4.31995e+06,607413,4.64406e+06,23.6756,-28.2102,-9.12464,1,0,0,0,9885.06,326.927,0.953398
54.49,4.31316e+06,604538,4.65069e+06,-201.36,-132.344,204.94,-0.890704,-0.166583,-0.134502,0.401005,4.31995e+06,607410,4.64406e+06,23.5701,-28.2955,-8.91439,1,0,0,0,9917.76,327.343,0.943808
54.59,4.31314e+06,604525,4.65072e+06,-200.722,-132.624,206.434,-0.893049,-0.166608,-0.133638,0.396037,4.31996e+06,607407,4.64406e+06,23.4638,-28.3801,-8.7043,1,0,0,0,9950.5,327.735,0.933438
54.69,4.31312e+06,604511,4.65074e+06,-200.863,-133.014,207.088,-0.895269,-0.16666,-0.132741,0.391277,4.31996e+06,607404,4.64406e+06,23.3565,-28.464,-8.49435,1,0,0,0,9983.28,328.148,0.923524
54.79,4.31311e+06,604498,4.65076e+06,-200.567,-133.34,208.209,-0.897732,-0.166589,-0.131961,0.385892,4.31996e+06,607402,4.64406e+06,23.2482,-28.5473,-8.28458,1,0,0,0,10016.1,328.549,0.912407
54.89,4.31309e+06,604485,4.65078e+06,-201.067,-133.777,208.477,-0.899817,-0.166659,-0.130987,0.381308,4.31996e+06,607399,4.64406e+06,23.1391,-28.63,-8.07497,1,0,0,0,10049,328.966,0.902891
54.99,4.31307e+06,604472,4.6508e+06,-201.155,-134.155,209.181,-0.902297,-0.166559,-0.130176,0.375729,4.31997e+06,607396,4.64406e+06,23.029,-28.7119,-7.86555,1,0,0,0,10081.9,329.372,0.891457
55.09,4.31305e+06,604458,4.65082e+06,-201.716,-134.6,209.378,-0.903998,-0.1659,-0.131167,0.371564,4.31997e+06,607393,4.64406e+06,22.9179,-28.7932,-7.65631,1,0,0,0,10114.8,329.786,0.883531
55.19,4.31303e+06,604445,4.65084e+06,-200.135,-134.744,211.883,-0.90601,-0.165933,-0.130181,0.366966,4.31997e+06,607390,4.64406e+06,22.806,-28.8739,-7.44728,1,0,0,0,10147.8,330.177,0.874071
55.29,4.31301e+06,604431,4.65087e+06,-200.878,-135.212,211.885,-0.907963,-0.165979,-0.129152,0.362455,4.31997e+06,607387,4.64405e+06,22.6931,-28.9538,-7.23846,1,0,0,0,10180.8,330.59,0.864797
55.39,4.31299e+06,604418,4.65089e+06,-201.61,-135.678,211.898,-0.90989,-0.16602,-0.128093,0.357951,4.31997e+06,607384,4.64405e+06,22.5792,-29.0331,-7.02986,1,0,0,0,10213.9,331.003,0.855554
55.49,4.31296e+06,604404,4.65091e+06,-205.238,-136.549,208.791,-0.91151,-0.166158,-0.126862,0.354185,4.31998e+06,607381,4.64405e+06,22.4645,-29.1117,-6.82148,1,0,0,0,10247,331.481,0.847712
55.59,4.31294e+06,604390,4.65093e+06,-204.831,-136.853,210.031,-0.913571,-0.166121,-0.125848,0.349219,4.31998e+06,607378,4.64405e+06,22.3487,-29.1896,-6.61334,1,0,0,0,10280.1,331.869,0.837632
55.69,4.31292e+06,604377,4.65095e+06,-205.241,-137.27,210.392,-0.9155,-0.166109,-0.124746,0.344538,4.31998e+06,607376,4.64405e+06,22.2321,-29.2669,-6.40545,1,0,0,0,10313.3,332.28,0.828096
55.79,4.3129e+06,604363,4.65097e+06,-205.223,-137.625,211.212,-0.917575,-0.166051,-0.123735,0.339371,4.31998e+06,607373,4.64405e+06,22.1145,-29.3435,-6.19781,1,0,0,0,10346.5,332.678,0.817718
55.89,4.31288e+06,604349,4.65099e+06,-205.328,-137.998,211.898,-0.919655,-0.165963,-0.122719,0.334112,4.31999e+06,607370,4.64405e+06,21.996,-29.4194,-5.99043,1,0,0,0,10379.8,333.078,0.80719
55.99,4.31286e+06,604336,4.65101e+06,-205.202,-138.335,212.826,-0.922,-0.16573,-0.121845,0.32803,4.31999e+06,607367,4.64405e+06,21.8765,-29.4946,-5.78333,1,0,0,0,10413.1,333.468,0.795166
56.09,4.31284e+06,604322,4.65104e+06,-205.759,-138.769,213.026,-0.923568,-0.165691,-0.121845,0.323607,4.31999e+06,607364,4.64405e+06,21.7561,-29.5691,-5.5765,1,0,0,0,10446.4,333.878,0.787023
56.19,4.31282e+06,604308,4.65106e+06,-206.177,-139.183,213.376,-0.925329,-0.165668,-0.120665,0.318998,4.31999e+06,607361,4.64405e+06,21.6348,-29.643,-5.36996,1,0,0,0,10479.8,334.286,0.777786
56.29,4.3128e+06,604294,4.65108e+06,-207.619,-139.738,212.623,-0.927037,-0.165652,-0.119443,0.314476,4.31999e+06,607358,4.64405e+06,21.5125,-29.7162,-5.16372,1,0,0,0,10513.2,334.719,0.768729
56.39,4.31278e+06,604280,4.6511e+06,-206.506,-139.935,214.624,-0.928828,-0.165599,-0.11825,0.309632,4.32e+06,607355,4.64405e+06,21.3892,-29.7886,-4.95779,1,0,0,0,10546.7,335.089,0.759117
56.49,4.31276e+06,604266,4.65112e+06,-207.617,-140.442,214.23,-0.930468,-0.165609,-0.117003,0.305145,4.32e+06,607352,4.64405e+06,21.2651,-29.8604,-4.75217,1,0,0,0,10580.2,335.512,0.750217
56.59,4.31274e+06,604252,4.65114e+06,-208.013,-140.847,214.606,-0.932157,-0.165552,-0.115765,0.300456,4.32e+06,607349,4.64405e+06,21.14,-29.9315,-4.54688,1,0,0,0,10613.7,335.919,0.74094
56.69,4.31272e+06,604238,4.65117e+06,-207.942,-141.186,215.485,-0.93392,-0.165471,-0.114566,0.295445,4.32e+06,607346,4.64405e+06,21.0139,-30.002,-4.34191,1,0,0,0,10647.3,336.313,0.731142
56.79,4.3127e+06,604224,4.65119e+06,-208.11,-141.556,216.106,-0.93567,-0.165353,-0.113349,0.2904,4.32001e+06,607343,4.64405e+06,20.8869,-30.0717,-4.13728,1,0,0,0,10680.9,336.713,0.721288
56.89,4.31268e+06,604210,4.65121e+06,-207.62,-141.832,217.43,-0.937732,-0.165116,-0.112302,0.284224,4.32001e+06,607340,4.64405e+06,20.759,-30.1407,-3.93301,1,0,0,0,10714.6,337.095,0.709506
56.99,4.31266e+06,604195,4.65123e+06,-208.265,-142.267,217.54,-0.939243,-0.165068,-0.110968,0.279752,4.32001e+06,607337,4.64405e+06,20.6301,-30.209,-3.72908,1,0,0,0,10748.3,337.506,0.700756
57.09,4.31264e+06,604181,4.65125e+06,-208.825,-142.691,217.744,-0.940704,-0.166297,-0.109021,0.274838,4.32001e+06,607334,4.64404e+06,20.5003,-30.2767,-3.52552,1,0,0,0,10782,337.916,0.692194
57.19,4.31262e+06,604167,4.65128e+06,-208.799,-143.03,218.582,-0.942225,-0.166236,-0.10767,0.270157,4.32001e+06,607331,4.64404e+06,20.3696,-30.3436,-3.32234,1,0,0,0,10815.8,338.316,0.68317
57.29,4.3126e+06,604153,4.6513e+06,-208.807,-143.374,219.383,-0.943722,-0.166192,-0.106335,0.265446,4.32002e+06,607328,4.64404e+06,20.2379,-30.4099,-3.11953,1,0,0,0,10849.7,338.718,0.674174
57.39,4.31258e+06,604138,4.65132e+06,-210.66,-143.975,218.196,-0.945135,-0.16614,-0.104942,0.260967,4.32002e+06,607325,4.64404e+06,20.1053,-30.4754,-2.91711,1,0,0,0,10883.5,339.154,0.665576
57.49,4.31256e+06,604124,4.65134e+06,-209.237,-144.115,220.541,-0.946712,-0.165984,-0.10365,0.255817,4.32002e+06,607322,4.64404e+06,19.9717,-30.5402,-2.71509,1,0,0,0,10917.4,339.528,0.655856
57.59,4.31254e+06,604110,4.65136e+06,-209.816,-144.535,220.729,-0.948133,-0.165887,-0.102257,0.251137,4.32002e+06,607319,4.64404e+06,19.8373,-30.6044,-2.51347,1,0,0,0,10951.4,339.938,0.646975
57.69,4.31251e+06,604095,4.65139e+06,-209.17,-144.781,222.236,-0.949723,-0.165705,-0.100971,0.245709,4.32002e+06,607316,4.64404e+06,19.7018,-30.6678,-2.31227,1,0,0,0,10985.4,340.332,0.636892
57.79,4.31249e+06,604081,4.65141e+06,-209.446,-145.155,222.752,-0.951154,-0.16559,-0.0995944,0.240764,4.32003e+06,607312,4.64404e+06,19.5655,-30.7305,-2.11148,1,0,0,0,11019.4,340.739,0.627689
57.89,4.31247e+06,604066,4.65143e+06,-209.605,-145.512,223.392,-0.952635,-0.165456,-0.0982467,0.235494,4.32003e+06,607309,4.64404e+06,19.4282,-30.7926,-1.91112,1,0,0,0,11053.4,341.143,0.618018
57.99,4.31245e+06,604052,4.65145e+06,-210.844,-146.02,222.883,-0.953585,-0.165535,-0.0965501,0.232276,4.32003e+06,607306,4.64404e+06,19.29,-30.8539,-1.7112,1,0,0,0,11087.5,341.566,0.611744
58.09,4.31243e+06,604037,4.65148e+06,-211.409,-146.429,223.093,-0.955102,-0.16353,-0.0953725,0.227909,4.32003e+06,607303,4.64404e+06,19.1508,-30.9145,-1.51172,1,0,0,0,11121.7,341.977,0.601586
58.19,4.31241e+06,604022,4.6515e+06,-212.733,-146.942,222.483,-0.956357,-0.163459,-0.0939,0.223262,4.32003e+06,607300,4.64404e+06,19.0107,-30.9744,-1.31268,1,0,0,0,11155.8,342.401,0.593057
58.29,4.31239e+06,604008,4.65152e+06,-211.952,-147.159,224.148,-0.95763,-0.163357,-0.0924069,0.218449,4.32004e+06,607297,4.64404e+06,18.8697,-31.0336,-1.11411,1,0,0,0,11190.1,342.792,0.584277
58.39,4.31237e+06,603993,4.65154e+06,-211.696,-147.448,225.246,-0.958878,-0.163252,-0.090939,0.213614,4.32004e+06,607294,4.64404e+06,18.7278,-31.0921,-0.915998,1,0,0,0,11224.3,343.195,0.575545
58.49,4.31235e+06,603978,4.65157e+06,-211.22,-147.704,226.583,-0.960123,-0.163159,-0.0894959,0.208648,4.32004e+06,607291,4.64404e+06,18.5849,-31.1498,-0.71836,1,0,0,0,11258.6,343.6,0.56671
58.59,4.31233e+06,603963,4.65159e+06,-211.038,-148.001,227.603,-0.961346,-0.163076,-0.0880393,0.203641,4.32004e+06,607288,4.64404e+06,18.4411,-31.2069,-0.521201,1,0,0,0,11293,344.009,0.557896
58.69,4.3123e+06,603949,4.65161e+06,-211.402,-148.373,228.037,-0.962504,-0.163004,-0.0865311,0.198817,4.32004e+06,607285,4.64404e+06,18.2964,-31.2632,-0.32453,1,0,0,0,11327.4,344.42,0.54942
58.79,4.31228e+06,603934,4.65163e+06,-212.832,-148.894,227.326,-0.96346,-0.162974,-0.0848575,0.194893,4.32004e+06,607281,4.64404e+06,18.1508,-31.3188,-0.128351,1,0,0,0,11361.8,344.837,0.542325
58.89,4.31226e+06,603919,4.65166e+06,-213.563,-149.316,227.37,-0.964506,-0.16292,-0.0832717,0.190397,4.32005e+06,607278,4.64404e+06,18.0043,-31.3737,0.0673272,1,0,0,0,11396.3,345.253,0.534461
58.99,4.31224e+06,603904,4.65168e+06,-214.462,-149.76,227.235,-0.965446,-0.162899,-0.0815999,0.18633,4.32005e+06,607275,4.64404e+06,17.8568,-31.4279,0.262496,1,0,0,0,11430.8,345.675,0.527292
59.09,4.31222e+06,603889,4.6517e+06,-215.033,-150.154,227.45,-0.966576,-0.160462,-0.0823821,0.182196,4.32005e+06,607272,4.64404e+06,17.7084,-31.4813,0.457152,1,0,0,0,11465.3,346.089,0.518549
59.19,4.3122e+06,603874,4.65173e+06,-216.455,-150.665,226.746,-0.9676,-0.160393,-0.0808011,0.177467,4.32005e+06,607269,4.64404e+06,17.5591,-31.5341,0.651285,1,0,0,0,11499.9,346.517,0.510498
59.29,4.31218e+06,603859,4.65175e+06,-217.165,-151.076,226.813,-0.968602,-0.160323,-0.0792024,0.172725,4.32005e+06,607266,4.64404e+06,17.4089,-31.5861,0.844889,1,0,0,0,11534.5,346.935,0.502505
59.39,4.31215e+06,603844,4.65177e+06,-216.901,-151.349,227.931,-0.969598,-0.160232,-0.0776288,0.167869,4.32006e+06,607263,4.64404e+06,17.2578,-31.6374,1.03796,1,0,0,0,11569.2,347.335,0.494431
59.49,4.31213e+06,603829,4.65179e+06,-216.936,-151.663,228.729,-0.970563,-0.160169,-0.0760513,0.163003,4.32006e+06,607259,4.64404e+06,17.1057,-31.6879,1.23049,1,0,0,0,11603.9,347.743,0.486481
59.59,4.31211e+06,603813,4.65182e+06,-217.218,-152.01,229.261,-0.971503,-0.160101,-0.0744342,0.15814,4.32006e+06,607256,4.64404e+06,16.9528,-31.7378,1.42247,1,0,0,0,11638.6,348.155,0.478606
59.69,4.31209e+06,603798,4.65184e+06,-217.538,-152.361,229.755,-0.972422,-0.160026,-0.0728359,0.153236,4.32006e+06,607253,4.64404e+06,16.799,-31.7869,1.61389,1,0,0,0,11673.4,348.569,0.470789
59.79,4.31207e+06,603783,4.65186e+06,-217.014,-152.593,231.156,-0.97344,-0.159919,-0.0713478,0.147475,4.32006e+06,607250,4.64404e+06,16.6442,-31.8353,1.80475,1,0,0,0,11708.3,348.97,0.461978
59.89,4.31205e+06,603768,4.65189e+06,-217.872,-153.017,231.074,-0.974221,-0.159897,-0.0696428,0.143094,4.32006e+06,607247,4.64404e+06,16.4886,-31.883,1.99504,1,0,0,0,11743.1,349.393,0.455106
59.99,4.31203e+06,603752,4.65191e+06,-218.505,-153.409,231.235,-0.97502,-0.159854,-0.0679608,0.138436,4.32007e+06,607243,4.64404e+06,16.332,-31.9299,2.18476,1,0,0,0,11778,349.814,0.447973
