{
  "accuracy": {
    "rmse_2d": 6.178471989800863,
    "rmse_3d": 6.205245884178777,
    "cep50": 2.1728613493914657,
    "cep90": 12.836455828590084,
    "cep95": 15.438160426853997,
    "max_2d_error": 18.25375125939855,
    "final_2d_error": 18.25375125939855,
    "rmse_vertical": 0.5758127771800686,
    "max_vertical_error": 1.9641,
    "rmse_vn": 0.2740860861374883,
    "rmse_ve": 0.4486222259554315,
    "rmse_vd": 0.010433093808714766
  },
  "smoothness": {
    "num_trn_updates": 185,
    "mean_trn_step": 0.32206186847880586,
    "max_trn_step": 0.5065664334565112,
    "median_trn_step": 0.30262929703155234,
    "steps_over_0.5m": 31,
    "steps_over_1.0m": 0,
    "steps_over_2.0m": 0,
    "steps_over_5.0m": 0,
    "steps_over_10.0m": 0,
    "mean_acceleration": 0.03541287604885339,
    "max_acceleration": 0.10483578778266657,
    "acceleration_std": 0.015221333333148944,
    "mean_jerk": 1.6669965745537405,
    "max_jerk": 8.606588497587307
  },
  "robustness": {
    "mean_error_growth_rate": 0.14170007282204056,
    "max_error_growth_rate": 1.1704102691359441,
    "trn_improvements": 109,
    "trn_degradations": 76,
    "trn_success_rate": 0.5891891891891892,
    "num_stable_periods": 1,
    "mean_stable_duration": 89.99,
    "total_stable_time": 89.99,
    "stability_percentage": 74.99791649304109
  },
  "score": {
    "total_score": 77.0,
    "components": {
      "accuracy": 32.0,
      "smoothness": 30.0,
      "robustness": 15.0
    },
    "grade": "C"
  }
}